Time_dt,Indoor Temperature(°C),Indoor Humidity(%),Outdoor Temperature(°C),Outdoor Humidity(%),Relative Pressure(hpa),Absolute Pressure(hpa),Wind Speed(km/h),Gust(km/h),DewPoint(°C),WindChill(°C),Hour Rainfall(mm),Light(lux),Time_original
2018-08-21 06:00:00,21.6,63.0,15.7,90.0,1010.6,825.3,1.1,2.5,14.1,15.7,0.0,52.5,2018-08-21 06:03:48
2018-08-21 06:30:00,,,,,,,,,,,,,
2018-08-21 07:00:00,21.5,63.0,16.2,85.0,1011.4,826.1,0.0,1.1,13.7,16.2,0.0,2408.0,2018-08-21 06:49:48
2018-08-21 07:30:00,21.5,62.0,24.9,54.0,1012.0,826.7,1.1,2.5,15.0,24.9,0.0,14479.1,2018-08-21 07:35:48
2018-08-21 08:00:00,21.8,62.0,23.8,53.0,1012.1,826.8,2.5,5.0,13.7,23.8,0.0,22473.8,2018-08-21 08:05:48
2018-08-21 08:30:00,22.2,61.0,23.9,54.0,1012.3,827.0,2.5,3.6,14.1,23.9,0.0,32061.8,2018-08-21 08:35:48
2018-08-21 09:00:00,22.6,60.0,22.8,58.0,1012.4,827.1,7.2,9.7,14.1,22.3,0.0,15748.1,2018-08-21 09:05:48
2018-08-21 09:30:00,23.4,61.0,24.1,55.0,1012.5,827.2,3.6,8.6,14.5,24.1,0.0,21406.9,2018-08-21 09:35:48
2018-08-21 10:00:00,23.7,60.0,22.8,60.0,1012.3,827.0,2.5,5.0,14.7,22.8,0.0,22506.7,2018-08-21 10:06:48
2018-08-21 10:30:00,23.8,60.0,21.7,64.0,1012.6,827.3,9.7,18.4,14.6,20.4,0.0,18441.2,2018-08-21 10:36:48
2018-08-21 11:00:00,23.7,61.0,21.5,68.0,1012.7,827.4,5.0,8.6,15.4,21.5,0.0,23380.9,2018-08-21 11:06:48
2018-08-21 11:30:00,23.9,62.0,23.7,63.0,1012.7,827.4,5.0,8.6,16.3,23.7,0.0,24847.3,2018-08-21 11:36:48
2018-08-21 12:00:00,24.4,61.0,25.0,55.0,1012.5,827.2,3.6,6.1,15.4,25.0,0.0,62461.4,2018-08-21 12:06:48
2018-08-21 12:30:00,24.9,58.0,25.4,52.0,1012.1,826.8,5.0,7.2,14.9,25.4,0.0,46786.9,2018-08-21 12:36:48
2018-08-21 13:00:00,25.3,56.0,25.7,49.0,1011.8,826.5,7.2,9.7,14.2,25.3,0.0,29895.1,2018-08-21 13:06:48
2018-08-21 13:30:00,25.6,54.0,24.7,55.0,1011.0,825.7,6.1,9.7,15.1,24.7,0.0,29984.4,2018-08-21 13:36:48
2018-08-21 14:00:00,25.6,53.0,25.6,51.0,1010.5,825.2,6.1,9.7,14.7,25.6,0.0,38472.6,2018-08-21 14:06:48
2018-08-21 14:30:00,26.1,51.0,27.2,44.0,1010.4,825.1,7.2,11.2,13.9,26.9,0.0,61013.8,2018-08-21 14:36:48
2018-08-21 15:00:00,26.5,49.0,27.7,39.0,1010.5,825.2,7.2,14.8,12.5,27.4,0.0,20584.4,2018-08-21 15:06:48
2018-08-21 15:30:00,26.7,49.0,26.3,48.0,1010.4,825.1,5.0,6.1,14.4,26.3,0.0,18930.0,2018-08-21 15:36:48
2018-08-21 16:00:00,26.5,50.0,24.8,48.0,1010.2,824.9,7.2,9.7,13.1,24.4,0.0,12256.0,2018-08-21 16:06:48
2018-08-21 16:30:00,26.2,50.0,26.8,48.0,1009.9,824.6,8.6,14.8,14.9,26.3,0.0,16749.2,2018-08-21 16:36:48
2018-08-21 17:00:00,26.2,51.0,25.8,51.0,1010.1,824.8,3.6,6.1,14.9,25.8,0.0,11621.5,2018-08-21 17:06:48
2018-08-21 17:30:00,26.1,52.0,24.6,59.0,1010.4,825.1,1.1,2.5,16.1,24.6,0.0,4034.0,2018-08-21 17:36:48
2018-08-21 18:00:00,25.7,55.0,21.7,67.0,1010.2,824.9,1.1,2.5,15.3,21.7,0.0,634.5,2018-08-21 18:06:48
2018-08-21 18:30:00,25.2,56.0,20.5,72.0,1010.7,825.4,2.5,3.6,15.3,20.5,0.0,0.0,2018-08-21 18:36:48
2018-08-21 19:00:00,24.8,58.0,19.8,75.0,1011.0,825.7,2.5,5.0,15.3,19.8,0.0,0.0,2018-08-21 19:06:48
2018-08-21 19:30:00,24.4,59.0,19.3,77.0,1011.3,826.0,1.1,3.6,15.2,19.3,0.0,0.0,2018-08-21 19:36:48
2018-08-21 20:00:00,24.1,60.0,18.9,80.0,1011.5,826.2,2.5,5.0,15.4,18.9,0.0,0.0,2018-08-21 20:06:48
2018-08-21 20:30:00,23.9,61.0,18.7,80.0,1012.2,826.9,0.0,2.5,15.2,18.7,0.0,0.0,2018-08-21 20:36:48
2018-08-21 21:00:00,23.7,62.0,18.3,81.0,1012.2,826.9,2.5,3.6,15.0,18.3,0.0,0.0,2018-08-21 21:06:48
2018-08-21 21:30:00,23.5,62.0,18.4,76.0,1012.3,827.0,1.1,2.5,14.1,18.4,0.0,0.0,2018-08-21 21:36:48
2018-08-21 22:00:00,23.3,61.0,17.9,80.0,1012.5,827.2,2.5,3.6,14.4,17.9,0.0,0.0,2018-08-21 22:06:48
2018-08-21 22:30:00,23.0,61.0,17.8,80.0,1012.6,827.3,1.1,2.5,14.3,17.8,0.0,0.0,2018-08-21 22:36:48
2018-08-21 23:00:00,22.9,61.0,17.5,80.0,1012.4,827.1,1.1,2.5,14.0,17.5,0.0,0.0,2018-08-21 23:06:48
2018-08-21 23:30:00,22.6,60.0,17.6,81.0,1012.4,827.1,1.1,2.5,14.3,17.6,0.0,0.0,2018-08-21 23:36:48
2018-08-22 00:00:00,22.6,61.0,17.5,81.0,1012.1,826.8,1.1,2.5,14.2,17.5,0.0,0.0,2018-08-22 00:06:48
2018-08-22 00:30:00,22.6,61.0,17.1,82.0,1012.3,827.0,0.0,1.1,14.0,17.1,0.0,0.0,2018-08-22 00:36:48
2018-08-22 01:00:00,22.5,61.0,17.2,84.0,1012.0,826.7,1.1,2.5,14.5,17.2,0.0,0.0,2018-08-22 01:06:48
2018-08-22 01:30:00,22.4,61.0,17.2,84.0,1011.6,826.3,2.5,3.6,14.5,17.2,0.0,0.0,2018-08-22 01:36:48
2018-08-22 02:00:00,22.4,62.0,16.9,87.0,1011.8,826.5,3.6,5.0,14.7,16.9,0.0,0.0,2018-08-22 02:06:48
2018-08-22 02:30:00,22.3,62.0,16.8,87.0,1011.5,826.2,3.6,5.0,14.6,16.8,0.0,0.0,2018-08-22 02:36:48
2018-08-22 03:00:00,22.3,62.0,16.8,88.0,1011.2,825.9,1.1,2.5,14.8,16.8,0.0,0.0,2018-08-22 03:06:48
2018-08-22 03:30:00,22.2,63.0,17.4,85.0,1011.2,825.9,2.5,5.0,14.9,17.4,0.0,0.0,2018-08-22 03:36:48
2018-08-22 04:00:00,22.2,63.0,17.7,80.0,1011.3,826.0,5.0,8.6,14.2,17.7,0.0,0.0,2018-08-22 04:06:48
2018-08-22 04:30:00,22.1,63.0,17.2,80.0,1010.9,825.6,0.0,1.1,13.7,17.2,0.0,0.0,2018-08-22 04:36:48
2018-08-22 05:00:00,22.0,62.0,16.8,82.0,1011.0,825.7,0.0,0.0,13.7,16.8,0.0,0.0,2018-08-22 05:06:48
2018-08-22 05:30:00,21.9,63.0,17.0,81.0,1011.0,825.7,2.5,5.0,13.7,17.0,0.0,0.0,2018-08-22 05:36:48
2018-08-22 06:00:00,21.9,63.0,17.0,81.0,1011.2,825.9,0.0,1.1,13.7,17.0,0.0,0.0,2018-08-22 06:06:48
2018-08-22 06:30:00,21.8,63.0,17.2,80.0,1011.2,825.9,1.1,2.5,13.7,17.2,0.0,2048.0,2018-08-22 06:36:48
2018-08-22 07:00:00,21.8,63.0,17.2,81.0,1011.5,826.2,2.5,3.6,13.9,17.2,0.0,3494.0,2018-08-22 07:06:48
2018-08-22 07:30:00,21.8,63.0,17.6,81.0,1012.0,826.7,1.1,2.5,14.3,17.6,0.0,5666.0,2018-08-22 07:36:48
2018-08-22 08:00:00,22.0,64.0,19.4,77.0,1012.1,826.8,1.1,5.0,15.3,19.4,0.0,15672.9,2018-08-22 08:06:48
2018-08-22 08:30:00,22.2,64.0,21.9,62.0,1011.9,826.6,6.1,8.6,14.3,21.9,0.0,15499.0,2018-08-22 08:36:48
2018-08-22 09:00:00,22.5,63.0,20.6,71.0,1012.0,826.7,3.6,5.0,15.2,20.6,0.0,14883.3,2018-08-22 09:06:48
2018-08-22 09:30:00,22.6,65.0,22.1,66.0,1012.2,826.9,3.6,8.6,15.5,22.1,0.0,27258.4,2018-08-22 09:36:48
2018-08-22 10:00:00,23.4,63.0,23.6,60.0,1012.1,826.8,3.6,6.1,15.4,23.6,0.0,44610.8,2018-08-22 10:06:48
2018-08-22 10:30:00,24.3,60.0,26.6,48.0,1012.1,826.8,1.1,3.6,14.7,26.6,0.0,44131.4,2018-08-22 10:36:48
2018-08-22 11:00:00,24.9,59.0,25.5,52.0,1012.1,826.8,6.1,7.2,15.0,25.5,0.0,62823.3,2018-08-22 11:06:48
2018-08-22 11:30:00,25.1,54.0,24.7,53.0,1012.1,826.8,5.0,7.2,14.5,24.7,0.0,22182.4,2018-08-22 11:36:48
2018-08-22 12:00:00,25.4,55.0,24.0,55.0,1012.1,826.8,5.0,6.1,14.4,24.0,0.0,23559.5,2018-08-22 12:06:48
2018-08-22 12:30:00,25.4,56.0,24.0,59.0,1011.6,826.3,2.5,6.1,15.5,24.0,0.0,24955.4,2018-08-22 12:36:48
2018-08-22 13:00:00,25.5,57.0,23.5,61.0,1011.2,825.9,2.5,5.0,15.6,23.5,0.0,16518.9,2018-08-22 13:06:48
2018-08-22 13:30:00,25.3,55.0,24.9,54.0,1010.7,825.4,3.6,5.0,15.0,24.9,0.0,64881.9,2018-08-22 13:36:48
2018-08-22 14:00:00,25.7,52.0,28.6,37.0,1010.7,825.4,3.6,6.1,12.5,28.6,0.0,59697.8,2018-08-22 14:06:48
2018-08-22 14:30:00,26.5,47.0,26.3,42.0,1010.4,825.1,3.6,8.6,12.4,26.3,0.0,17520.0,2018-08-22 14:36:48
2018-08-22 15:00:00,26.4,46.0,26.0,43.0,1010.1,824.8,5.0,7.2,12.5,26.0,0.0,28466.3,2018-08-22 15:06:48
2018-08-22 15:30:00,26.5,45.0,26.2,42.0,1009.9,824.6,3.6,6.1,12.3,26.2,0.0,16189.9,2018-08-22 15:36:48
2018-08-22 16:00:00,26.5,51.0,25.9,54.0,1009.9,824.6,5.0,7.2,15.9,25.9,0.0,21026.2,2018-08-22 16:06:48
2018-08-22 16:30:00,26.7,52.0,27.0,50.0,1009.8,824.5,6.1,9.7,15.7,27.0,0.0,22487.9,2018-08-22 16:36:48
2018-08-22 17:00:00,26.5,52.0,25.4,52.0,1010.1,824.8,6.1,8.6,14.9,25.4,0.0,8150.0,2018-08-22 17:06:48
2018-08-22 17:30:00,26.2,51.0,22.6,61.0,1010.1,824.8,5.0,7.2,14.7,22.6,0.0,1806.0,2018-08-22 17:36:48
2018-08-22 18:00:00,25.8,54.0,21.9,64.0,1010.3,825.0,1.1,2.5,14.8,21.9,0.0,442.5,2018-08-22 18:06:48
2018-08-22 18:30:00,25.5,55.0,20.5,70.0,1010.7,825.4,1.1,2.5,14.9,20.5,0.0,0.0,2018-08-22 18:36:48
2018-08-22 19:00:00,25.0,55.0,19.9,73.0,1011.0,825.7,2.5,3.6,14.9,19.9,0.0,0.0,2018-08-22 19:06:48
2018-08-22 19:30:00,24.7,57.0,19.3,75.0,1010.7,825.4,1.1,2.5,14.8,19.3,0.0,0.0,2018-08-22 19:36:48
2018-08-22 20:00:00,24.4,57.0,18.7,77.0,1011.2,825.9,2.5,5.0,14.6,18.7,0.0,0.0,2018-08-22 20:06:48
2018-08-22 20:30:00,24.1,57.0,18.4,68.0,1011.6,826.3,1.1,3.6,12.4,18.4,0.0,0.0,2018-08-22 20:36:48
2018-08-22 21:00:00,23.9,55.0,18.7,62.0,1011.9,826.6,3.6,5.0,11.3,18.7,0.0,0.0,2018-08-22 21:06:48
2018-08-22 21:30:00,23.6,53.0,18.3,63.0,1012.1,826.8,2.5,3.6,11.2,18.3,0.0,0.0,2018-08-22 21:36:48
2018-08-22 22:00:00,23.5,52.0,18.0,69.0,1012.2,826.9,1.1,3.6,12.3,18.0,0.0,0.0,2018-08-22 22:06:48
2018-08-22 22:30:00,23.4,53.0,18.2,78.0,1012.2,826.9,1.1,2.5,14.3,18.2,0.0,0.0,2018-08-22 22:36:48
2018-08-22 23:00:00,23.1,56.0,17.5,80.0,1011.9,826.6,1.1,2.5,14.0,17.5,0.0,0.0,2018-08-22 23:06:48
2018-08-22 23:30:00,22.9,59.0,17.2,83.0,1011.9,826.6,3.6,5.0,14.3,17.2,0.0,0.0,2018-08-22 23:36:48
2018-08-23 00:00:00,22.9,59.0,17.1,83.0,1012.2,826.9,2.5,5.0,14.2,17.1,0.0,0.0,2018-08-23 00:06:48
2018-08-23 00:30:00,22.6,60.0,17.0,82.0,1012.0,826.7,2.5,3.6,13.9,17.0,0.0,0.0,2018-08-23 00:36:48
2018-08-23 01:00:00,22.6,60.0,16.9,83.0,1011.6,826.3,3.6,5.0,14.0,16.9,0.0,0.0,2018-08-23 01:06:48
2018-08-23 01:30:00,22.5,60.0,16.7,81.0,1011.4,826.1,1.1,2.5,13.4,16.7,0.0,0.0,2018-08-23 01:36:48
2018-08-23 02:00:00,22.4,59.0,17.0,80.0,1011.0,825.7,2.5,3.6,13.5,17.0,0.0,0.0,2018-08-23 02:06:48
2018-08-23 02:30:00,22.4,59.0,17.0,80.0,1010.8,825.5,0.0,1.1,13.5,17.0,0.0,0.0,2018-08-23 02:36:48
2018-08-23 03:00:00,22.3,59.0,16.6,84.0,1010.4,825.1,2.5,3.6,13.9,16.6,0.0,0.0,2018-08-23 03:06:48
2018-08-23 03:30:00,22.2,60.0,16.0,84.0,1010.4,825.1,0.0,1.1,13.3,16.0,0.0,0.0,2018-08-23 03:36:48
2018-08-23 04:00:00,22.1,60.0,16.0,84.0,1010.3,825.0,0.0,1.1,13.3,16.0,0.0,0.0,2018-08-23 04:06:48
2018-08-23 04:30:00,22.0,60.0,15.7,87.0,1011.1,825.8,2.5,3.6,13.6,15.7,0.0,0.0,2018-08-23 04:36:48
2018-08-23 05:00:00,22.0,60.0,16.2,85.0,1011.1,825.8,5.0,7.2,13.7,16.2,0.0,0.0,2018-08-23 05:06:48
2018-08-23 05:30:00,21.9,61.0,16.5,77.0,1011.3,826.0,0.0,2.5,12.5,16.5,0.0,0.0,2018-08-23 05:36:48
2018-08-23 06:00:00,21.8,60.0,15.7,81.0,1011.4,826.1,3.6,6.1,12.5,15.7,0.0,82.5,2018-08-23 06:06:48
2018-08-23 06:30:00,21.7,60.0,16.4,79.0,1011.6,826.3,5.0,7.2,12.8,16.4,0.0,4040.0,2018-08-23 06:36:48
2018-08-23 07:00:00,21.7,59.0,20.0,69.0,1012.0,826.7,0.0,1.1,14.2,20.0,0.0,12317.1,2018-08-23 07:06:48
2018-08-23 07:30:00,21.7,59.0,20.7,63.0,1012.0,826.7,1.1,2.5,13.4,20.7,0.0,13026.8,2018-08-23 07:36:48
2018-08-23 08:00:00,22.0,59.0,21.3,61.0,1012.1,826.8,1.1,2.5,13.5,21.3,0.0,18793.7,2018-08-23 08:06:48
2018-08-23 08:30:00,22.5,59.0,22.4,57.0,1011.9,826.6,6.1,8.6,13.5,22.4,0.0,31516.6,2018-08-23 08:36:48
2018-08-23 09:00:00,23.1,59.0,22.8,58.0,1012.2,826.9,3.6,6.1,14.1,22.8,0.0,43464.0,2018-08-23 09:06:48
2018-08-23 09:30:00,23.9,61.0,22.3,62.0,1012.6,827.3,7.2,9.7,14.7,21.8,0.0,47162.9,2018-08-23 09:36:48
2018-08-23 10:00:00,24.1,59.0,22.8,60.0,1012.9,827.6,3.6,9.7,14.7,22.8,0.0,58814.2,2018-08-23 10:06:48
2018-08-23 10:30:00,24.8,56.0,24.4,53.0,1013.0,827.7,5.0,8.6,14.2,24.4,0.0,63335.6,2018-08-23 10:36:48
2018-08-23 11:00:00,25.6,52.0,25.5,47.0,1012.6,827.3,6.1,11.2,13.4,25.5,0.0,74813.0,2018-08-23 11:06:48
2018-08-23 11:30:00,25.8,50.0,24.9,51.0,1012.6,827.3,5.0,7.2,14.1,24.9,0.0,30496.7,2018-08-23 11:36:48
2018-08-23 12:00:00,25.8,51.0,23.9,57.0,1012.2,826.9,1.1,2.5,14.9,23.9,0.0,24114.1,2018-08-23 12:06:48
2018-08-23 12:30:00,25.7,53.0,22.6,62.0,1012.2,826.9,3.6,6.1,15.0,22.6,0.0,12613.2,2018-08-23 12:36:48
2018-08-23 13:00:00,25.6,54.0,24.3,57.0,1011.7,826.4,2.5,5.0,15.3,24.3,0.0,18803.1,2018-08-23 13:06:48
2018-08-23 13:30:00,25.6,54.0,24.2,57.0,1011.1,825.8,2.5,5.0,15.2,24.2,0.0,38143.6,2018-08-23 13:36:48
2018-08-23 14:00:00,25.8,54.0,26.3,49.0,1010.4,825.1,7.2,11.2,14.8,26.0,0.0,68787.6,2018-08-23 14:06:48
2018-08-23 14:30:00,26.4,50.0,26.3,45.0,1010.4,825.1,5.0,8.6,13.5,26.3,0.0,23324.5,2018-08-23 14:36:48
2018-08-23 15:00:00,26.6,48.0,24.8,51.0,1010.2,824.9,8.6,13.3,14.0,24.1,0.0,11367.7,2018-08-23 15:06:48
2018-08-23 15:30:00,26.2,51.0,22.6,59.0,1010.3,825.0,2.5,5.0,14.2,22.6,0.3,13510.9,2018-08-23 15:36:48
2018-08-23 16:00:00,25.6,61.0,21.2,79.0,1009.8,824.5,0.0,2.5,17.4,21.2,0.6,10376.0,2018-08-23 16:06:48
2018-08-23 16:30:00,25.3,63.0,24.5,71.0,1009.6,824.3,1.1,2.5,18.9,24.5,0.6,11847.1,2018-08-23 16:36:48
2018-08-23 17:00:00,25.6,64.0,26.5,61.0,1010.0,824.7,2.5,3.6,18.4,26.5,0.0,9752.0,2018-08-23 17:06:48
2018-08-23 17:30:00,25.5,64.0,23.1,69.0,1010.0,824.7,2.5,3.6,17.1,23.1,0.0,4580.0,2018-08-23 17:36:48
2018-08-23 18:00:00,25.2,61.0,20.8,74.0,1010.0,824.7,2.5,5.0,16.0,20.8,0.0,810.0,2018-08-23 18:06:48
2018-08-23 18:30:00,24.6,61.0,19.5,74.0,1010.3,825.0,1.1,3.6,14.8,19.5,0.0,0.0,2018-08-23 18:36:48
2018-08-23 19:00:00,24.3,61.0,19.1,75.0,1010.7,825.4,3.6,5.0,14.6,19.1,0.0,0.0,2018-08-23 19:06:48
2018-08-23 19:30:00,24.0,61.0,18.7,77.0,1010.6,825.3,2.5,5.0,14.6,18.7,0.0,0.0,2018-08-23 19:36:48
2018-08-23 20:00:00,23.7,62.0,18.5,78.0,1011.1,825.8,1.1,2.5,14.6,18.5,0.0,0.0,2018-08-23 20:06:48
2018-08-23 20:30:00,23.5,62.0,18.4,78.0,1011.3,826.0,2.5,5.0,14.5,18.4,0.0,0.0,2018-08-23 20:36:48
2018-08-23 21:00:00,23.4,62.0,18.5,76.0,1011.0,825.7,1.1,2.5,14.2,18.5,0.0,0.0,2018-08-23 21:06:48
2018-08-23 21:30:00,23.3,62.0,19.0,76.0,1011.3,826.0,1.1,2.5,14.7,19.0,0.0,0.0,2018-08-23 21:36:48
2018-08-23 22:00:00,23.2,62.0,18.7,79.0,1011.3,826.0,2.5,3.6,15.0,18.7,0.0,0.0,2018-08-23 22:06:48
2018-08-23 22:30:00,23.0,62.0,18.4,80.0,1011.6,826.3,0.0,2.5,14.9,18.4,0.0,0.0,2018-08-23 22:36:48
2018-08-23 23:00:00,23.0,63.0,18.4,80.0,1012.0,826.7,0.0,1.1,14.9,18.4,0.0,0.0,2018-08-23 23:06:48
2018-08-23 23:30:00,22.9,62.0,18.8,80.0,1012.0,826.7,2.5,3.6,15.3,18.8,0.0,0.0,2018-08-23 23:36:48
2018-08-24 00:00:00,22.9,62.0,18.4,82.0,1012.0,826.7,2.5,3.6,15.3,18.4,0.0,0.0,2018-08-24 00:06:48
2018-08-24 00:30:00,22.9,63.0,18.3,83.0,1011.5,826.2,1.1,3.6,15.4,18.3,0.0,0.0,2018-08-24 00:36:48
2018-08-24 01:00:00,22.6,63.0,17.9,84.0,1011.1,825.8,1.1,2.5,15.2,17.9,0.0,0.0,2018-08-24 01:06:48
2018-08-24 01:30:00,22.6,64.0,17.5,86.0,1010.9,825.6,0.0,1.1,15.2,17.5,0.0,0.0,2018-08-24 01:36:48
2018-08-24 02:00:00,22.6,64.0,17.4,86.0,1010.7,825.4,2.5,3.6,15.1,17.4,0.0,0.0,2018-08-24 02:06:48
2018-08-24 02:30:00,22.5,64.0,17.5,85.0,1010.5,825.2,0.0,1.1,15.0,17.5,0.0,0.0,2018-08-24 02:36:48
2018-08-24 03:00:00,22.5,64.0,17.8,83.0,1010.3,825.0,7.2,9.7,14.9,17.1,0.0,0.0,2018-08-24 03:06:48
2018-08-24 03:30:00,22.4,64.0,17.5,84.0,1010.4,825.1,2.5,5.0,14.8,17.5,0.0,0.0,2018-08-24 03:36:48
2018-08-24 04:00:00,22.4,64.0,16.8,89.0,1010.9,825.6,3.6,6.1,15.0,16.8,0.9,0.0,2018-08-24 04:06:48
2018-08-24 04:30:00,22.3,67.0,16.5,93.0,1011.0,825.7,0.0,2.5,15.4,16.5,1.2,0.0,2018-08-24 04:36:48
2018-08-24 05:00:00,22.3,68.0,16.5,94.0,1011.2,825.9,0.0,1.1,15.6,16.5,0.6,0.0,2018-08-24 05:06:48
2018-08-24 05:30:00,22.2,69.0,16.1,95.0,1011.5,826.2,1.1,3.6,15.3,16.1,4.2,0.0,2018-08-24 05:36:48
2018-08-24 06:00:00,22.0,69.0,15.8,96.0,1011.9,826.6,7.2,11.2,15.2,15.0,1.2,0.0,2018-08-24 06:06:48
2018-08-24 06:30:00,21.9,69.0,15.7,96.0,1011.8,826.5,2.5,3.6,15.1,15.7,2.1,210.0,2018-08-24 06:36:48
2018-08-24 07:00:00,21.8,69.0,15.6,97.0,1011.7,826.4,0.0,0.0,15.1,15.6,0.6,762.7,2018-08-24 07:06:48
2018-08-24 07:30:00,21.7,69.0,15.6,96.0,1012.2,826.9,8.6,12.2,15.0,14.1,1.2,4214.0,2018-08-24 07:36:48
2018-08-24 08:00:00,21.6,69.0,15.9,92.0,1011.4,826.1,6.1,12.2,14.6,15.9,0.0,11626.2,2018-08-24 08:06:48
2018-08-24 08:30:00,21.7,69.0,17.0,89.0,1011.6,826.3,3.6,8.6,15.2,17.0,0.0,21585.5,2018-08-24 08:36:48
2018-08-24 09:00:00,22.0,69.0,19.8,80.0,1011.8,826.5,5.0,8.6,16.3,19.8,0.0,51778.3,2018-08-24 09:06:48
2018-08-24 09:30:00,22.5,67.0,22.3,67.0,1011.9,826.6,5.0,7.2,15.9,22.3,0.0,51153.2,2018-08-24 09:36:48
2018-08-24 10:00:00,23.0,66.0,21.2,70.0,1012.0,826.7,7.2,8.6,15.5,20.6,0.0,34049.9,2018-08-24 10:06:48
2018-08-24 10:30:00,23.5,65.0,22.2,66.0,1011.9,826.6,5.0,7.2,15.6,22.2,0.0,37067.3,2018-08-24 10:36:48
2018-08-24 11:00:00,23.9,65.0,23.7,64.0,1011.7,826.4,1.1,2.5,16.5,23.7,0.0,60727.1,2018-08-24 11:06:48
2018-08-24 11:30:00,24.6,61.0,25.2,47.0,1011.4,826.1,2.5,3.6,13.1,25.2,0.0,69060.2,2018-08-24 11:36:48
2018-08-24 12:00:00,25.0,53.0,24.2,52.0,1010.9,825.6,6.1,9.7,13.8,24.2,0.0,63354.4,2018-08-24 12:06:48
2018-08-24 12:30:00,25.6,54.0,25.2,51.0,1010.6,825.3,9.7,13.3,14.4,24.3,0.0,78479.0,2018-08-24 12:36:48
2018-08-24 13:00:00,26.1,52.0,26.2,47.0,1010.3,825.0,3.6,6.1,14.0,26.2,0.0,79198.1,2018-08-24 13:06:48
2018-08-24 13:30:00,26.7,51.0,27.7,47.0,1009.8,824.5,9.7,12.2,15.4,27.1,0.0,31413.2,2018-08-24 13:36:48
2018-08-24 14:00:00,26.7,52.0,26.5,51.0,1009.7,824.4,5.0,8.6,15.6,26.5,0.0,31652.9,2018-08-24 14:06:48
2018-08-24 14:30:00,26.8,56.0,27.4,50.0,1009.4,824.1,7.2,9.7,16.1,27.1,0.0,57169.2,2018-08-24 14:36:48
2018-08-24 15:00:00,27.0,54.0,26.1,54.0,1009.2,823.9,3.6,5.0,16.1,26.1,0.0,18854.8,2018-08-24 15:06:48
2018-08-24 15:30:00,26.9,56.0,25.5,59.0,1009.1,823.8,2.5,3.6,16.9,25.5,0.0,16110.0,2018-08-24 15:36:48
2018-08-24 16:00:00,26.7,57.0,25.3,60.0,1008.9,823.6,2.5,3.6,17.0,25.3,0.0,16457.8,2018-08-24 16:06:48
2018-08-24 16:30:00,26.8,55.0,28.1,48.0,1009.0,823.7,1.1,2.5,16.1,28.1,0.0,18135.7,2018-08-24 16:36:48
2018-08-24 17:00:00,26.8,52.0,27.6,48.0,1009.0,823.7,2.5,5.0,15.6,27.6,0.0,13191.3,2018-08-24 17:06:48
2018-08-24 17:30:00,26.9,53.0,26.1,51.0,1009.1,823.8,2.5,3.6,15.2,26.1,0.0,4238.0,2018-08-24 17:36:48
2018-08-24 18:00:00,26.4,55.0,22.7,64.0,1009.1,823.8,3.6,3.6,15.6,22.7,0.0,1059.7,2018-08-24 18:06:48
2018-08-24 18:30:00,25.6,58.0,21.0,72.0,1009.6,824.3,3.6,5.0,15.8,21.0,0.0,0.0,2018-08-24 18:36:48
2018-08-24 19:00:00,25.2,59.0,20.3,74.0,1009.5,824.2,1.1,3.6,15.5,20.3,0.0,0.0,2018-08-24 19:06:48
2018-08-24 19:30:00,24.8,60.0,19.7,77.0,1010.3,825.0,2.5,3.6,15.6,19.7,0.0,0.0,2018-08-24 19:36:48
2018-08-24 20:00:00,24.5,61.0,19.1,81.0,1010.6,825.3,3.6,5.0,15.8,19.1,0.0,0.0,2018-08-24 20:06:48
2018-08-24 20:30:00,24.3,61.0,18.8,82.0,1011.0,825.7,1.1,2.5,15.7,18.8,0.0,0.0,2018-08-24 20:36:48
2018-08-24 21:00:00,24.1,61.0,18.7,82.0,1011.2,825.9,3.6,6.1,15.6,18.7,0.0,0.0,2018-08-24 21:06:48
2018-08-24 21:30:00,23.9,62.0,18.8,82.0,1011.6,826.3,3.6,3.6,15.7,18.8,0.0,0.0,2018-08-24 21:36:48
2018-08-24 22:00:00,23.9,63.0,18.5,83.0,1011.7,826.4,2.5,5.0,15.6,18.5,0.0,0.0,2018-08-24 22:06:48
2018-08-24 22:30:00,23.6,63.0,18.4,83.0,1011.8,826.5,3.6,6.1,15.5,18.4,0.0,0.0,2018-08-24 22:36:48
2018-08-24 23:00:00,23.4,63.0,18.1,83.0,1011.6,826.3,1.1,2.5,15.2,18.1,0.0,0.0,2018-08-24 23:06:48
2018-08-24 23:30:00,23.4,63.0,18.0,83.0,1011.8,826.5,1.1,2.5,15.1,18.0,0.0,0.0,2018-08-24 23:36:48
2018-08-25 00:00:00,23.3,63.0,18.0,83.0,1012.0,826.7,0.0,1.1,15.1,18.0,0.0,0.0,2018-08-25 00:06:48
2018-08-25 00:30:00,23.0,63.0,17.8,82.0,1011.8,826.5,2.5,3.6,14.7,17.8,0.0,0.0,2018-08-25 00:36:48
2018-08-25 01:00:00,23.0,63.0,17.5,83.0,1011.7,826.4,2.5,3.6,14.6,17.5,0.0,0.0,2018-08-25 01:06:48
2018-08-25 01:30:00,22.9,62.0,17.4,84.0,1011.3,826.0,1.1,2.5,14.7,17.4,0.0,0.0,2018-08-25 01:36:48
2018-08-25 02:00:00,22.9,63.0,17.6,85.0,1011.2,825.9,2.5,3.6,15.1,17.6,0.0,0.0,2018-08-25 02:06:48
2018-08-25 02:30:00,22.9,63.0,17.7,84.0,1011.0,825.7,0.0,1.1,15.0,17.7,0.0,0.0,2018-08-25 02:36:48
2018-08-25 03:00:00,22.9,63.0,17.1,84.0,1010.7,825.4,0.0,0.0,14.4,17.1,0.0,0.0,2018-08-25 03:06:48
2018-08-25 03:30:00,22.6,63.0,16.9,87.0,1010.4,825.1,0.0,1.1,14.7,16.9,0.0,0.0,2018-08-25 03:36:48
2018-08-25 04:00:00,22.5,63.0,16.8,85.0,1010.2,824.9,6.1,8.6,14.3,16.8,0.0,0.0,2018-08-25 04:06:48
2018-08-25 04:30:00,22.4,62.0,16.4,86.0,1010.4,825.1,2.5,3.6,14.1,16.4,0.0,0.0,2018-08-25 04:36:48
2018-08-25 05:00:00,22.3,62.0,16.2,85.0,1010.9,825.6,1.1,2.5,13.7,16.2,0.0,0.0,2018-08-25 05:06:48
2018-08-25 05:30:00,22.1,62.0,15.6,90.0,1011.2,825.9,0.0,0.0,14.0,15.6,0.0,0.0,2018-08-25 05:36:48
2018-08-25 06:00:00,22.0,62.0,15.6,91.0,1011.1,825.8,2.5,5.0,14.2,15.6,0.0,240.0,2018-08-25 06:06:48
2018-08-25 06:30:00,22.0,62.0,16.2,90.0,1011.2,825.9,1.1,2.5,14.6,16.2,0.0,3188.0,2018-08-25 06:36:48
2018-08-25 07:00:00,22.0,63.0,18.3,84.0,1011.4,826.1,0.0,1.1,15.6,18.3,0.0,6812.0,2018-08-25 07:06:48
2018-08-25 07:30:00,22.0,64.0,22.7,64.0,1011.7,826.4,1.1,2.5,15.6,22.7,0.0,13807.0,2018-08-25 07:36:48
2018-08-25 08:00:00,22.3,65.0,23.9,63.0,1012.2,826.9,2.5,3.6,16.5,23.9,0.0,28593.2,2018-08-25 08:06:48
2018-08-25 08:30:00,22.5,64.0,24.0,56.0,1012.8,827.5,5.0,8.6,14.7,24.0,0.0,39760.4,2018-08-25 08:36:48
2018-08-25 09:00:00,23.4,63.0,21.2,64.0,1012.8,827.5,7.2,11.2,14.1,20.6,0.0,13355.8,2018-08-25 09:06:48
2018-08-25 09:30:00,23.9,58.0,25.1,51.0,1012.6,827.3,2.5,2.5,14.3,25.1,0.0,55524.2,2018-08-25 09:36:48
2018-08-25 10:00:00,24.7,56.0,25.4,54.0,1012.8,827.5,5.0,9.7,15.4,25.4,0.0,20579.7,2018-08-25 10:06:48
2018-08-25 10:30:00,25.4,59.0,23.4,63.0,1012.3,827.0,3.6,6.1,16.0,23.4,0.0,16979.5,2018-08-25 10:36:48
2018-08-25 11:00:00,25.4,59.0,23.4,64.0,1012.2,826.9,6.1,8.6,16.2,23.4,0.0,30205.3,2018-08-25 11:06:48
2018-08-25 11:30:00,25.7,59.0,23.8,62.0,1011.9,826.6,6.1,8.6,16.1,23.8,0.0,19677.3,2018-08-25 11:36:48
2018-08-25 12:00:00,25.7,59.0,24.7,59.0,1011.7,826.4,11.2,13.3,16.2,23.5,0.0,39525.4,2018-08-25 12:06:48
2018-08-25 12:30:00,26.1,55.0,24.9,55.0,1011.5,826.2,8.6,13.3,15.3,24.2,0.0,39243.4,2018-08-25 12:36:48
2018-08-25 13:00:00,26.1,55.0,24.9,56.0,1011.1,825.8,6.1,11.2,15.6,24.9,0.0,24743.9,2018-08-25 13:06:48
2018-08-25 13:30:00,26.2,53.0,26.1,51.0,1010.7,825.4,7.2,9.7,15.2,25.8,0.0,31041.9,2018-08-25 13:36:48
2018-08-25 14:00:00,26.6,53.0,26.3,49.0,1010.5,825.2,7.2,11.2,14.8,26.0,0.0,63481.3,2018-08-25 14:06:48
2018-08-25 14:30:00,26.8,52.0,27.7,48.0,1010.0,824.7,3.6,6.1,15.7,27.7,0.0,17195.7,2018-08-25 14:36:48
2018-08-25 15:00:00,27.0,51.0,25.3,52.0,1009.7,824.4,6.1,11.2,14.8,25.3,0.0,10531.1,2018-08-25 15:06:48
2018-08-25 15:30:00,26.9,52.0,26.5,50.0,1009.7,824.4,8.6,12.2,15.3,25.9,0.0,18276.7,2018-08-25 15:36:48
2018-08-25 16:00:00,27.1,51.0,24.8,54.0,1009.6,824.3,8.6,12.2,14.9,24.1,0.0,9524.0,2018-08-25 16:06:48
2018-08-25 16:30:00,26.6,53.0,20.5,80.0,1009.7,824.4,3.6,5.0,17.0,20.5,3.3,5390.0,2018-08-25 16:36:48
2018-08-25 17:00:00,25.8,60.0,19.4,81.0,1009.5,824.2,0.0,2.5,16.1,19.4,1.5,6776.0,2018-08-25 17:06:48
2018-08-25 17:30:00,25.4,60.0,19.4,85.0,1009.8,824.5,0.0,1.1,16.8,19.4,1.5,5786.0,2018-08-25 17:36:48
2018-08-25 18:00:00,25.0,61.0,19.2,84.0,1009.8,824.5,3.6,6.1,16.5,19.2,0.0,1329.7,2018-08-25 18:06:48
2018-08-25 18:30:00,24.8,62.0,18.5,87.0,1010.0,824.7,3.6,5.0,16.3,18.5,0.0,0.0,2018-08-25 18:36:48
2018-08-25 19:00:00,24.5,63.0,18.8,87.0,1010.5,825.2,0.0,1.1,16.6,18.8,0.0,0.0,2018-08-25 19:06:48
2018-08-25 19:30:00,24.2,64.0,18.5,87.0,1010.9,825.6,0.0,2.5,16.3,18.5,0.0,0.0,2018-08-25 19:36:48
2018-08-25 20:00:00,24.0,64.0,18.3,86.0,1011.4,826.1,3.6,5.0,15.9,18.3,0.0,0.0,2018-08-25 20:06:48
2018-08-25 20:30:00,23.8,65.0,18.5,88.0,1011.7,826.4,3.6,5.0,16.5,18.5,0.0,0.0,2018-08-25 20:36:48
2018-08-25 21:00:00,23.9,66.0,18.7,87.0,1012.3,827.0,2.5,5.0,16.5,18.7,0.0,0.0,2018-08-25 21:06:48
2018-08-25 21:30:00,23.8,66.0,18.7,86.0,1012.4,827.1,2.5,5.0,16.3,18.7,0.0,0.0,2018-08-25 21:36:48
2018-08-25 22:00:00,23.7,67.0,18.4,87.0,1012.1,826.8,0.0,0.0,16.2,18.4,0.0,0.0,2018-08-25 22:06:48
2018-08-25 22:30:00,23.4,67.0,18.1,87.0,1012.2,826.9,5.0,7.2,15.9,18.1,0.0,0.0,2018-08-25 22:36:48
2018-08-25 23:00:00,23.2,66.0,18.0,88.0,1012.1,826.8,2.5,3.6,16.0,18.0,0.0,0.0,2018-08-25 23:06:48
2018-08-25 23:30:00,23.0,66.0,18.1,87.0,1012.2,826.9,0.0,1.1,15.9,18.1,0.0,0.0,2018-08-25 23:36:48
2018-08-26 00:00:00,22.9,66.0,17.7,89.0,1012.4,827.1,0.0,1.1,15.9,17.7,0.0,0.0,2018-08-26 00:06:48
2018-08-26 00:30:00,22.9,67.0,17.6,89.0,1012.2,826.9,0.0,1.1,15.8,17.6,0.0,0.0,2018-08-26 00:36:48
2018-08-26 01:00:00,22.8,67.0,17.2,90.0,1012.0,826.7,2.5,5.0,15.6,17.2,0.0,0.0,2018-08-26 01:06:48
2018-08-26 01:30:00,22.6,67.0,16.8,92.0,1011.8,826.5,0.0,1.1,15.5,16.8,0.0,0.0,2018-08-26 01:36:48
2018-08-26 02:00:00,22.6,67.0,16.9,92.0,1011.8,826.5,3.6,5.0,15.6,16.9,0.0,0.0,2018-08-26 02:06:48
2018-08-26 02:30:00,22.6,67.0,16.9,92.0,1011.8,826.5,1.1,3.6,15.6,16.9,0.0,0.0,2018-08-26 02:36:48
2018-08-26 03:00:00,22.5,67.0,17.0,90.0,1011.4,826.1,2.5,5.0,15.4,17.0,0.0,0.0,2018-08-26 03:06:48
2018-08-26 03:30:00,22.5,67.0,17.4,90.0,1011.6,826.3,1.1,2.5,15.8,17.4,0.0,0.0,2018-08-26 03:36:48
2018-08-26 04:00:00,22.5,67.0,17.3,90.0,1011.5,826.2,1.1,2.5,15.7,17.3,0.0,0.0,2018-08-26 04:06:48
2018-08-26 04:30:00,22.4,68.0,17.2,90.0,1011.4,826.1,2.5,3.6,15.6,17.2,0.0,0.0,2018-08-26 04:36:48
2018-08-26 05:00:00,22.4,68.0,17.3,90.0,1011.6,826.3,0.0,0.0,15.7,17.3,0.0,0.0,2018-08-26 05:06:48
2018-08-26 05:30:00,22.3,68.0,16.8,92.0,1011.5,826.2,0.0,2.5,15.5,16.8,0.0,0.0,2018-08-26 05:36:48
2018-08-26 06:00:00,22.3,68.0,16.6,92.0,1011.5,826.2,2.5,5.0,15.3,16.6,0.0,0.0,2018-08-26 06:06:48
2018-08-26 06:30:00,22.2,68.0,16.8,92.0,1011.5,826.2,0.0,1.1,15.5,16.8,0.0,3980.0,2018-08-26 06:36:48
2018-08-26 07:00:00,22.2,68.0,18.0,90.0,1011.5,826.2,0.0,2.5,16.4,18.0,0.0,6998.0,2018-08-26 07:06:48
2018-08-26 07:30:00,22.3,68.0,18.3,88.0,1012.0,826.7,2.5,3.6,16.3,18.3,0.0,6350.0,2018-08-26 07:36:48
2018-08-26 08:00:00,22.4,69.0,21.9,76.0,1012.5,827.2,3.6,6.1,17.5,21.9,0.0,36061.5,2018-08-26 08:06:48
2018-08-26 08:30:00,22.6,69.0,20.3,80.0,1012.8,827.5,2.5,3.6,16.8,20.3,0.0,8492.0,2018-08-26 08:36:48
2018-08-26 09:00:00,22.6,69.0,19.1,85.0,1012.9,827.6,2.5,5.0,16.5,19.1,0.0,19268.4,2018-08-26 09:06:48
2018-08-26 09:30:00,22.8,69.0,20.8,80.0,1012.9,827.6,6.1,8.6,17.2,20.8,0.0,15508.4,2018-08-26 09:36:48
2018-08-26 10:00:00,23.3,69.0,24.1,62.0,1012.7,827.4,3.6,7.2,16.4,24.1,0.0,13398.1,2018-08-26 10:06:48
2018-08-26 10:30:00,23.7,67.0,23.0,64.0,1012.8,827.5,5.0,6.1,15.9,23.0,0.0,44794.1,2018-08-26 10:36:48
2018-08-26 11:00:00,24.1,65.0,22.1,70.0,1012.4,827.1,2.5,5.0,16.4,22.1,0.0,52276.5,2018-08-26 11:06:48
2018-08-26 11:30:00,24.3,65.0,22.5,68.0,1012.2,826.9,3.6,6.1,16.3,22.5,0.0,16091.2,2018-08-26 11:36:48
2018-08-26 12:00:00,24.3,64.0,22.0,68.0,1012.1,826.8,5.0,7.2,15.8,22.0,0.0,12998.6,2018-08-26 12:06:48
2018-08-26 12:30:00,24.4,63.0,26.2,59.0,1011.8,826.5,7.2,9.7,17.6,25.9,0.0,91977.4,2018-08-26 12:36:48
2018-08-26 13:00:00,24.9,62.0,24.8,59.0,1011.3,826.0,7.2,9.7,16.3,24.4,0.0,79799.7,2018-08-26 13:06:48
2018-08-26 13:30:00,25.6,60.0,24.2,56.0,1011.0,825.7,9.7,12.2,14.9,23.2,0.0,22027.3,2018-08-26 13:36:48
2018-08-26 14:00:00,25.2,58.0,24.5,56.0,1010.6,825.3,6.1,11.2,15.2,24.5,0.0,16504.8,2018-08-26 14:06:48
2018-08-26 14:30:00,25.5,57.0,25.6,52.0,1010.0,824.7,5.0,9.7,15.0,25.6,0.0,55749.8,2018-08-26 14:36:48
2018-08-26 15:00:00,25.8,56.0,26.3,49.0,1010.2,824.9,7.2,11.2,14.8,26.0,0.0,46594.2,2018-08-26 15:06:48
2018-08-26 15:30:00,26.2,55.0,26.2,49.0,1009.8,824.5,17.3,19.4,14.7,24.5,0.0,32743.3,2018-08-26 15:36:48
2018-08-26 16:00:00,26.4,53.0,25.7,51.0,1009.6,824.3,11.2,15.8,14.8,24.7,0.0,18624.5,2018-08-26 16:06:48
2018-08-26 16:30:00,26.2,53.0,25.0,54.0,1009.7,824.4,6.1,11.2,15.1,25.0,0.0,14620.1,2018-08-26 16:36:48
2018-08-26 17:00:00,26.1,54.0,24.0,58.0,1009.8,824.5,7.2,9.7,15.3,23.6,0.0,10075.2,2018-08-26 17:06:48
2018-08-26 17:30:00,25.8,57.0,22.9,66.0,1009.9,824.6,1.1,2.5,16.2,22.9,0.0,4658.0,2018-08-26 17:36:48
2018-08-26 18:00:00,25.2,59.0,21.5,71.0,1010.0,824.7,2.5,3.6,16.0,21.5,0.0,762.7,2018-08-26 18:06:48
2018-08-26 18:30:00,24.9,61.0,20.0,78.0,1010.2,824.9,1.1,3.6,16.1,20.0,0.0,0.0,2018-08-26 18:36:48
2018-08-26 19:00:00,24.6,62.0,19.2,81.0,1010.6,825.3,2.5,3.6,15.9,19.2,0.0,0.0,2018-08-26 19:06:48
2018-08-26 19:30:00,24.2,62.0,18.8,83.0,1010.7,825.4,2.5,3.6,15.9,18.8,0.0,0.0,2018-08-26 19:36:48
2018-08-26 20:00:00,23.9,63.0,18.4,83.0,1011.2,825.9,0.0,0.0,15.5,18.4,0.0,0.0,2018-08-26 20:06:48
2018-08-26 20:30:00,23.6,63.0,18.3,83.0,1011.2,825.9,5.0,6.1,15.4,18.3,0.0,0.0,2018-08-26 20:36:48
2018-08-26 21:00:00,23.5,63.0,18.1,82.0,1011.1,825.8,2.5,5.0,15.0,18.1,0.0,0.0,2018-08-26 21:06:48
2018-08-26 21:30:00,23.3,63.0,17.9,80.0,1011.8,826.5,1.1,2.5,14.4,17.9,0.0,0.0,2018-08-26 21:36:48
2018-08-26 22:00:00,23.0,62.0,17.7,81.0,1011.8,826.5,2.5,3.6,14.4,17.7,0.0,0.0,2018-08-26 22:06:48
2018-08-26 22:30:00,22.9,61.0,17.9,80.0,1012.0,826.7,1.1,2.5,14.4,17.9,0.0,0.0,2018-08-26 22:36:48
2018-08-26 23:00:00,22.9,61.0,18.0,80.0,1012.1,826.8,3.6,5.0,14.5,18.0,0.0,0.0,2018-08-26 23:06:48
2018-08-26 23:30:00,22.9,61.0,18.3,79.0,1012.1,826.8,1.1,2.5,14.6,18.3,0.0,0.0,2018-08-26 23:36:48
2018-08-27 00:00:00,22.9,61.0,18.7,77.0,1011.6,826.3,2.5,3.6,14.6,18.7,0.0,0.0,2018-08-27 00:06:48
2018-08-27 00:30:00,22.9,61.0,18.3,80.0,1011.2,825.9,0.0,2.5,14.8,18.3,0.0,0.0,2018-08-27 00:36:48
2018-08-27 01:00:00,22.6,62.0,18.0,84.0,1011.3,826.0,2.5,5.0,15.3,18.0,0.3,0.0,2018-08-27 01:06:48
2018-08-27 01:30:00,22.6,63.0,17.1,91.0,1011.3,826.0,0.0,0.0,15.6,17.1,2.7,0.0,2018-08-27 01:36:48
2018-08-27 02:00:00,22.6,66.0,17.0,91.0,1011.3,826.0,5.0,6.1,15.5,17.0,0.3,0.0,2018-08-27 02:06:48
2018-08-27 02:30:00,22.6,67.0,16.6,93.0,1011.0,825.7,1.1,2.5,15.5,16.6,1.2,0.0,2018-08-27 02:36:48
2018-08-27 03:00:00,22.5,68.0,16.6,95.0,1011.0,825.7,0.0,2.5,15.8,16.6,0.3,0.0,2018-08-27 03:06:48
2018-08-27 03:30:00,22.5,68.0,16.4,94.0,1010.9,825.6,5.0,6.1,15.5,16.4,0.6,0.0,2018-08-27 03:36:48
2018-08-27 04:00:00,22.3,68.0,16.1,93.0,1010.9,825.6,0.0,1.1,15.0,16.1,0.0,0.0,2018-08-27 04:06:48
2018-08-27 04:30:00,22.3,68.0,16.2,94.0,1010.9,825.6,1.1,2.5,15.3,16.2,0.3,0.0,2018-08-27 04:36:48
2018-08-27 05:00:00,22.2,68.0,16.1,95.0,1010.9,825.6,0.0,0.0,15.3,16.1,0.0,0.0,2018-08-27 05:06:48
2018-08-27 05:30:00,22.2,68.0,16.1,95.0,1011.0,825.7,2.5,5.0,15.3,16.1,0.0,0.0,2018-08-27 05:36:48
2018-08-27 06:00:00,22.0,68.0,16.4,91.0,1011.4,826.1,6.1,9.7,14.9,16.4,0.0,45.0,2018-08-27 06:06:48
2018-08-27 06:30:00,22.0,68.0,16.3,92.0,1011.5,826.2,1.1,2.5,15.0,16.3,0.0,2438.0,2018-08-27 06:36:48
2018-08-27 07:00:00,22.0,68.0,16.7,91.0,1011.7,826.4,0.0,1.1,15.2,16.7,0.0,7256.0,2018-08-27 07:06:48
2018-08-27 07:30:00,22.0,67.0,18.2,85.0,1012.3,827.0,1.1,2.5,15.7,18.2,0.0,9242.0,2018-08-27 07:36:48
2018-08-27 08:00:00,22.1,68.0,20.7,77.0,1012.2,826.9,1.1,2.5,16.5,20.7,0.0,25105.8,2018-08-27 08:06:48
2018-08-27 08:30:00,22.4,68.0,21.4,65.0,1012.5,827.2,5.0,7.2,14.6,21.4,0.0,36851.1,2018-08-27 08:36:48
2018-08-27 09:00:00,22.6,65.0,25.0,52.0,1012.6,827.3,2.5,3.6,14.5,25.0,0.0,21618.4,2018-08-27 09:06:48
2018-08-27 09:30:00,23.3,64.0,22.5,68.0,1012.5,827.2,3.6,5.0,16.3,22.5,0.0,18304.9,2018-08-27 09:36:48
2018-08-27 10:00:00,23.6,65.0,21.1,73.0,1012.7,827.4,3.6,6.1,16.1,21.1,0.0,38839.2,2018-08-27 10:06:48
2018-08-27 10:30:00,23.5,65.0,22.5,66.0,1012.8,827.5,2.5,3.6,15.9,22.5,0.0,17374.3,2018-08-27 10:36:48
2018-08-27 11:00:00,23.6,64.0,21.1,69.0,1012.8,827.5,3.6,5.0,15.2,21.1,0.0,15663.5,2018-08-27 11:06:48
2018-08-27 11:30:00,23.6,64.0,22.1,64.0,1012.5,827.2,1.1,3.6,15.0,22.1,0.0,26158.6,2018-08-27 11:36:48
2018-08-27 12:00:00,23.9,63.0,23.4,62.0,1012.4,827.1,6.1,8.6,15.7,23.4,0.0,44662.5,2018-08-27 12:06:48
2018-08-27 12:30:00,24.3,61.0,22.9,63.0,1012.1,826.8,7.2,9.7,15.5,22.4,0.0,21096.7,2018-08-27 12:36:48
2018-08-27 13:00:00,24.4,61.0,23.2,61.0,1011.5,826.2,2.5,5.0,15.3,23.2,0.0,18582.2,2018-08-27 13:06:48
2018-08-27 13:30:00,24.5,61.0,24.6,58.0,1011.1,825.8,5.0,7.2,15.8,24.6,0.0,23630.0,2018-08-27 13:36:48
2018-08-27 14:00:00,24.6,60.0,22.6,60.0,1010.8,825.5,2.5,5.0,14.5,22.6,0.0,13327.6,2018-08-27 14:06:48
2018-08-27 14:30:00,24.6,60.0,23.8,59.0,1010.5,825.2,3.6,5.0,15.3,23.8,0.0,42345.4,2018-08-27 14:36:48
2018-08-27 15:00:00,25.0,58.0,26.0,49.0,1009.9,824.6,2.5,6.1,14.5,26.0,0.0,41626.3,2018-08-27 15:06:48
2018-08-27 15:30:00,25.4,57.0,25.8,50.0,1010.1,824.8,8.6,12.2,14.6,25.2,0.0,16128.8,2018-08-27 15:36:48
2018-08-27 16:00:00,25.4,56.0,23.5,57.0,1009.9,824.6,5.0,6.1,14.5,23.5,0.0,10079.9,2018-08-27 16:06:48
2018-08-27 16:30:00,25.1,56.0,22.5,61.0,1009.9,824.6,0.0,2.5,14.6,22.5,0.0,5372.0,2018-08-27 16:36:48
2018-08-27 17:00:00,24.8,59.0,24.9,55.0,1009.9,824.6,3.6,5.0,15.3,24.9,0.0,12072.7,2018-08-27 17:06:48
2018-08-27 17:30:00,24.9,59.0,25.1,56.0,1010.4,825.1,1.1,2.5,15.7,25.1,0.0,4028.0,2018-08-27 17:36:48
2018-08-27 18:00:00,24.7,60.0,21.0,69.0,1010.1,824.8,3.6,5.0,15.1,21.0,0.0,668.2,2018-08-27 18:06:48
2018-08-27 18:30:00,24.3,61.0,19.4,76.0,1010.1,824.8,2.5,5.0,15.1,19.4,0.0,0.0,2018-08-27 18:36:48
2018-08-27 19:00:00,23.9,62.0,18.7,79.0,1010.6,825.3,1.1,2.5,15.0,18.7,0.0,0.0,2018-08-27 19:06:48
2018-08-27 19:30:00,23.5,63.0,18.3,81.0,1010.7,825.4,1.1,2.5,15.0,18.3,0.0,0.0,2018-08-27 19:36:48
2018-08-27 20:00:00,23.3,63.0,17.7,82.0,1010.8,825.5,2.5,5.0,14.6,17.7,0.0,0.0,2018-08-27 20:06:48
2018-08-27 20:30:00,23.0,63.0,17.7,81.0,1011.2,825.9,5.0,6.1,14.4,17.7,0.0,0.0,2018-08-27 20:36:48
2018-08-27 21:00:00,22.9,62.0,17.5,82.0,1011.4,826.1,2.5,5.0,14.4,17.5,0.0,0.0,2018-08-27 21:06:48
2018-08-27 21:30:00,22.6,62.0,17.4,83.0,1011.7,826.4,0.0,2.5,14.5,17.4,0.0,0.0,2018-08-27 21:36:48
2018-08-27 22:00:00,22.6,62.0,17.0,83.0,1011.6,826.3,5.0,6.1,14.1,17.0,0.0,0.0,2018-08-27 22:06:48
2018-08-27 22:30:00,22.5,62.0,17.3,80.0,1011.8,826.5,5.0,6.1,13.8,17.3,0.0,0.0,2018-08-27 22:36:48
2018-08-27 23:00:00,22.4,62.0,17.0,80.0,1012.0,826.7,2.5,3.6,13.5,17.0,0.0,0.0,2018-08-27 23:06:48
2018-08-27 23:30:00,22.3,61.0,17.0,78.0,1011.9,826.6,2.5,3.6,13.2,17.0,0.0,0.0,2018-08-27 23:36:48
2018-08-28 00:00:00,22.2,61.0,16.9,78.0,1011.9,826.6,0.0,1.1,13.1,16.9,0.0,0.0,2018-08-28 00:06:48
2018-08-28 00:30:00,22.1,60.0,16.8,78.0,1011.3,826.0,1.1,2.5,13.0,16.8,0.0,0.0,2018-08-28 00:36:48
2018-08-28 01:00:00,22.0,60.0,16.5,80.0,1011.1,825.8,1.1,2.5,13.1,16.5,0.0,0.0,2018-08-28 01:06:48
2018-08-28 01:30:00,21.9,61.0,16.1,83.0,1011.1,825.8,2.5,3.6,13.2,16.1,0.0,0.0,2018-08-28 01:36:48
2018-08-28 02:00:00,21.8,61.0,16.2,85.0,1010.9,825.6,2.5,3.6,13.7,16.2,0.0,0.0,2018-08-28 02:06:48
2018-08-28 02:30:00,21.7,62.0,16.2,84.0,1010.7,825.4,2.5,5.0,13.5,16.2,0.0,0.0,2018-08-28 02:36:48
2018-08-28 03:00:00,21.7,62.0,16.1,86.0,1010.5,825.2,0.0,0.0,13.8,16.1,0.0,0.0,2018-08-28 03:06:48
2018-08-28 03:30:00,21.7,63.0,16.2,88.0,1010.4,825.1,3.6,5.0,14.2,16.2,0.0,0.0,2018-08-28 03:36:48
2018-08-28 04:00:00,21.6,63.0,16.1,91.0,1010.6,825.3,0.0,1.1,14.6,16.1,0.0,0.0,2018-08-28 04:06:48
2018-08-28 04:30:00,21.6,65.0,16.0,90.0,1010.6,825.3,0.0,2.5,14.4,16.0,0.0,0.0,2018-08-28 04:36:48
2018-08-28 05:00:00,21.4,65.0,15.6,91.0,1010.7,825.4,0.0,1.1,14.2,15.6,0.0,0.0,2018-08-28 05:06:48
2018-08-28 05:30:00,21.4,65.0,15.5,92.0,1010.6,825.3,2.5,5.0,14.2,15.5,0.0,0.0,2018-08-28 05:36:48
2018-08-28 06:00:00,21.3,65.0,15.2,90.0,1010.6,825.3,1.1,2.5,13.6,15.2,0.0,270.0,2018-08-28 06:06:48
2018-08-28 06:30:00,21.2,64.0,15.4,81.0,1010.9,825.6,1.1,2.5,12.2,15.4,0.0,1818.0,2018-08-28 06:36:48
2018-08-28 07:00:00,21.1,62.0,18.2,72.0,1011.4,826.1,0.0,2.5,13.1,18.2,0.0,9848.0,2018-08-28 07:06:48
2018-08-28 07:30:00,21.2,61.0,24.9,51.0,1011.7,826.4,0.0,1.1,14.1,24.9,0.0,14121.9,2018-08-28 07:36:48
2018-08-28 08:00:00,21.4,61.0,23.8,54.0,1012.0,826.7,0.0,1.1,14.0,23.8,0.0,19221.4,2018-08-28 08:06:48
2018-08-28 08:30:00,22.0,62.0,23.1,56.0,1012.0,826.7,3.6,5.0,13.9,23.1,0.0,29006.8,2018-08-28 08:36:48
2018-08-28 09:00:00,22.6,62.0,22.4,60.0,1012.1,826.8,6.1,9.7,14.3,22.4,0.0,46998.4,2018-08-28 09:06:48
2018-08-28 09:30:00,23.5,63.0,22.2,61.0,1012.4,827.1,7.2,9.7,14.3,21.7,0.0,17223.9,2018-08-28 09:36:48
2018-08-28 10:00:00,23.9,62.0,21.8,63.0,1012.5,827.2,7.2,9.7,14.5,21.3,0.0,48201.6,2018-08-28 10:06:48
2018-08-28 10:30:00,24.7,59.0,24.7,53.0,1012.5,827.2,6.1,8.6,14.5,24.7,0.0,27380.6,2018-08-28 10:36:48
2018-08-28 11:00:00,25.1,55.0,23.0,55.0,1012.4,827.1,3.6,5.0,13.5,23.0,0.0,22464.4,2018-08-28 11:06:48
2018-08-28 11:30:00,25.0,54.0,23.3,55.0,1012.4,827.1,5.0,6.1,13.8,23.3,0.0,17294.4,2018-08-28 11:36:48
2018-08-28 12:00:00,24.9,56.0,23.4,60.0,1012.0,826.7,7.2,12.2,15.2,22.9,0.0,70305.7,2018-08-28 12:06:48
2018-08-28 12:30:00,25.4,55.0,26.0,50.0,1011.6,826.3,8.6,17.3,14.8,25.4,0.0,20490.4,2018-08-28 12:36:48
2018-08-28 13:00:00,25.6,55.0,22.6,60.0,1011.6,826.3,3.6,6.1,14.5,22.6,0.0,4718.0,2018-08-28 13:06:48
2018-08-28 13:30:00,24.9,56.0,23.5,62.0,1011.4,826.1,5.0,8.6,15.8,23.5,0.0,13623.7,2018-08-28 13:36:48
2018-08-28 14:00:00,25.0,56.0,22.6,63.0,1010.9,825.6,2.5,5.0,15.2,22.6,0.0,26858.9,2018-08-28 14:06:48
2018-08-28 14:30:00,25.1,57.0,22.6,61.0,1010.7,825.4,7.2,9.7,14.7,22.1,0.0,10554.6,2018-08-28 14:36:48
2018-08-28 15:00:00,25.1,55.0,23.0,57.0,1010.4,825.1,6.1,7.2,14.1,23.0,0.0,38308.1,2018-08-28 15:06:48
2018-08-28 15:30:00,25.4,51.0,25.7,44.0,1010.4,825.1,5.0,6.1,12.6,25.7,0.0,42082.2,2018-08-28 15:36:48
2018-08-28 16:00:00,25.7,48.0,24.6,45.0,1010.2,824.9,2.5,3.6,11.9,24.6,0.0,16025.4,2018-08-28 16:06:48
2018-08-28 16:30:00,25.7,49.0,23.3,53.0,1010.1,824.8,7.2,11.2,13.2,22.8,0.0,10723.8,2018-08-28 16:36:48
2018-08-28 17:00:00,25.6,51.0,23.2,55.0,1010.2,824.9,7.2,9.7,13.7,22.7,0.0,8870.0,2018-08-28 17:06:48
2018-08-28 17:30:00,25.5,52.0,23.0,58.0,1010.4,825.1,2.5,3.6,14.3,23.0,0.0,2888.0,2018-08-28 17:36:48
2018-08-28 18:00:00,25.3,56.0,21.2,67.0,1010.7,825.4,0.0,2.5,14.9,21.2,0.0,60.0,2018-08-28 18:06:48
2018-08-28 18:30:00,25.0,56.0,20.6,70.0,1010.9,825.6,0.0,1.1,15.0,20.6,0.0,0.0,2018-08-28 18:36:48
2018-08-28 19:00:00,24.6,57.0,19.8,72.0,1010.9,825.6,0.0,1.1,14.6,19.8,0.0,0.0,2018-08-28 19:06:48
2018-08-28 19:30:00,24.3,57.0,19.4,72.0,1011.1,825.8,2.5,5.0,14.2,19.4,0.0,0.0,2018-08-28 19:36:48
2018-08-28 20:00:00,24.1,56.0,19.1,72.0,1011.5,826.2,2.5,3.6,14.0,19.1,0.0,0.0,2018-08-28 20:06:48
2018-08-28 20:30:00,23.8,57.0,19.0,73.0,1011.3,826.0,1.1,2.5,14.1,19.0,0.0,0.0,2018-08-28 20:36:48
2018-08-28 21:00:00,23.6,58.0,19.0,73.0,1011.8,826.5,3.6,5.0,14.1,19.0,0.0,0.0,2018-08-28 21:06:48
2018-08-28 21:30:00,23.5,58.0,18.4,75.0,1012.0,826.7,2.5,3.6,13.9,18.4,0.0,0.0,2018-08-28 21:36:48
2018-08-28 22:00:00,23.3,58.0,18.4,74.0,1012.3,827.0,2.5,3.6,13.7,18.4,0.0,0.0,2018-08-28 22:06:48
2018-08-28 22:30:00,23.0,58.0,18.6,77.0,1012.1,826.8,2.5,5.0,14.5,18.6,0.0,0.0,2018-08-28 22:36:48
2018-08-28 23:00:00,22.9,59.0,18.3,80.0,1012.1,826.8,1.1,2.5,14.8,18.3,0.0,0.0,2018-08-28 23:06:48
2018-08-28 23:30:00,22.9,59.0,18.3,78.0,1011.6,826.3,1.1,2.5,14.4,18.3,0.0,0.0,2018-08-28 23:36:48
2018-08-29 00:00:00,22.9,60.0,18.3,78.0,1011.3,826.0,0.0,2.5,14.4,18.3,0.0,0.0,2018-08-29 00:06:48
2018-08-29 00:30:00,22.6,60.0,18.2,78.0,1011.3,826.0,2.5,3.6,14.3,18.2,0.0,0.0,2018-08-29 00:36:48
2018-08-29 01:00:00,22.6,60.0,17.7,79.0,1011.4,826.1,1.1,2.5,14.0,17.7,0.0,0.0,2018-08-29 01:06:48
2018-08-29 01:30:00,22.6,60.0,17.7,80.0,1011.4,826.1,2.5,3.6,14.2,17.7,0.0,0.0,2018-08-29 01:36:48
2018-08-29 02:00:00,22.5,60.0,17.7,81.0,1011.0,825.7,1.1,2.5,14.4,17.7,0.0,0.0,2018-08-29 02:06:48
2018-08-29 02:30:00,22.4,61.0,16.9,84.0,1010.7,825.4,1.1,3.6,14.2,16.9,0.0,0.0,2018-08-29 02:36:48
2018-08-29 03:00:00,22.4,61.0,16.6,85.0,1010.4,825.1,3.6,5.0,14.1,16.6,0.0,0.0,2018-08-29 03:06:48
2018-08-29 03:30:00,22.2,61.0,16.3,85.0,1010.6,825.3,0.0,2.5,13.8,16.3,0.0,0.0,2018-08-29 03:36:48
2018-08-29 04:00:00,22.1,61.0,16.3,85.0,1010.7,825.4,2.5,3.6,13.8,16.3,0.0,0.0,2018-08-29 04:06:48
2018-08-29 04:30:00,21.9,62.0,16.1,86.0,1010.7,825.4,3.6,6.1,13.8,16.1,0.0,0.0,2018-08-29 04:36:48
2018-08-29 05:00:00,21.9,62.0,16.0,87.0,1010.6,825.3,3.6,6.1,13.9,16.0,0.0,0.0,2018-08-29 05:06:48
2018-08-29 05:30:00,21.8,62.0,16.0,88.0,1010.9,825.6,2.5,5.0,14.0,16.0,0.0,0.0,2018-08-29 05:36:48
2018-08-29 06:00:00,21.7,62.0,16.0,88.0,1011.2,825.9,2.5,3.6,14.0,16.0,0.0,495.0,2018-08-29 06:06:48
2018-08-29 06:30:00,21.6,63.0,16.6,85.0,1011.5,826.2,0.0,1.1,14.1,16.6,0.0,5390.0,2018-08-29 06:36:48
2018-08-29 07:00:00,21.7,63.0,18.5,76.0,1011.5,826.2,3.6,7.2,14.2,18.5,0.0,10982.3,2018-08-29 07:06:48
2018-08-29 07:30:00,21.8,63.0,22.3,62.0,1011.8,826.5,1.1,2.5,14.7,22.3,0.0,17806.7,2018-08-29 07:36:48
2018-08-29 08:00:00,22.0,62.0,21.5,63.0,1012.3,827.0,5.0,7.2,14.2,21.5,0.0,23766.3,2018-08-29 08:06:48
2018-08-29 08:30:00,22.4,64.0,22.3,63.0,1012.5,827.2,3.6,6.1,14.9,22.3,0.0,30261.7,2018-08-29 08:36:48
2018-08-29 09:00:00,23.0,64.0,21.8,67.0,1012.5,827.2,5.0,7.2,15.4,21.8,0.0,21120.2,2018-08-29 09:06:48
2018-08-29 09:30:00,23.6,64.0,24.4,58.0,1012.7,827.4,3.6,5.0,15.6,24.4,0.0,14173.6,2018-08-29 09:36:48
2018-08-29 10:00:00,23.8,64.0,21.4,70.0,1012.9,827.6,6.1,9.7,15.7,21.4,0.0,15701.1,2018-08-29 10:06:48
2018-08-29 10:30:00,23.8,64.0,21.6,70.0,1012.7,827.4,6.1,8.6,15.9,21.6,0.0,46255.8,2018-08-29 10:36:48
2018-08-29 11:00:00,24.0,63.0,21.8,69.0,1012.7,827.4,6.1,7.2,15.9,21.8,0.0,15217.0,2018-08-29 11:06:48
2018-08-29 11:30:00,24.0,63.0,22.1,68.0,1012.4,827.1,3.6,5.0,15.9,22.1,0.0,25397.2,2018-08-29 11:36:48
2018-08-29 12:00:00,24.4,62.0,22.1,69.0,1012.4,827.1,6.1,8.6,16.2,22.1,0.0,13459.2,2018-08-29 12:06:48
2018-08-29 12:30:00,24.4,64.0,22.5,67.0,1012.0,826.7,2.5,3.6,16.1,22.5,0.0,26623.9,2018-08-29 12:36:48
2018-08-29 13:00:00,24.8,62.0,25.1,56.0,1011.1,825.8,7.2,12.2,15.7,24.7,0.0,17994.7,2018-08-29 13:06:48
2018-08-29 13:30:00,24.9,61.0,23.8,62.0,1011.3,826.0,3.6,6.1,16.1,23.8,0.0,36047.4,2018-08-29 13:36:48
2018-08-29 14:00:00,25.3,59.0,25.6,54.0,1010.7,825.4,6.1,8.6,15.6,25.6,0.0,30022.0,2018-08-29 14:06:48
2018-08-29 14:30:00,25.3,57.0,24.1,59.0,1010.6,825.3,12.2,14.8,15.6,22.6,0.0,28076.2,2018-08-29 14:36:48
2018-08-29 15:00:00,25.4,58.0,23.8,62.0,1010.4,825.1,2.5,5.0,16.1,23.8,0.0,14761.1,2018-08-29 15:06:48
2018-08-29 15:30:00,25.3,60.0,22.9,64.0,1010.1,824.8,2.5,5.0,15.8,22.9,0.0,8546.0,2018-08-29 15:36:48
2018-08-29 16:00:00,25.1,61.0,22.0,72.0,1010.0,824.7,3.6,5.0,16.7,22.0,0.3,22774.6,2018-08-29 16:06:48
2018-08-29 16:30:00,25.0,62.0,22.1,68.0,1009.6,824.3,8.6,9.7,15.9,21.2,0.3,8822.0,2018-08-29 16:36:48
2018-08-29 17:00:00,24.9,63.0,21.9,70.0,1009.9,824.6,2.5,3.6,16.2,21.9,0.0,7466.0,2018-08-29 17:06:48
2018-08-29 17:30:00,24.8,63.0,22.4,69.0,1009.9,824.6,1.1,3.6,16.5,22.4,0.0,5858.0,2018-08-29 17:36:48
2018-08-29 18:00:00,24.8,64.0,21.0,76.0,1009.8,824.5,1.1,2.5,16.6,21.0,0.0,1019.2,2018-08-29 18:06:48
2018-08-29 18:30:00,24.7,64.0,20.2,79.0,1010.7,825.4,1.1,2.5,16.5,20.2,0.0,0.0,2018-08-29 18:36:48
2018-08-29 19:00:00,24.4,64.0,19.9,81.0,1011.0,825.7,0.0,1.1,16.6,19.9,0.0,0.0,2018-08-29 19:06:48
2018-08-29 19:30:00,24.1,64.0,19.6,82.0,1011.2,825.9,1.1,2.5,16.5,19.6,0.0,0.0,2018-08-29 19:36:48
2018-08-29 20:00:00,23.7,66.0,19.5,82.0,1011.5,826.2,1.1,2.5,16.4,19.5,0.0,0.0,2018-08-29 20:06:48
2018-08-29 20:30:00,23.5,67.0,18.7,86.0,1011.7,826.4,1.1,3.6,16.3,18.7,0.0,0.0,2018-08-29 20:36:48
2018-08-29 21:00:00,23.3,67.0,18.6,88.0,1012.0,826.7,1.1,3.6,16.6,18.6,0.0,0.0,2018-08-29 21:06:48
2018-08-29 21:30:00,23.2,68.0,18.2,88.0,1012.3,827.0,1.1,2.5,16.2,18.2,0.0,0.0,2018-08-29 21:36:48
2018-08-29 22:00:00,23.0,67.0,17.6,88.0,1012.1,826.8,0.0,0.0,15.6,17.6,0.0,0.0,2018-08-29 22:06:48
2018-08-29 22:30:00,22.9,68.0,17.7,89.0,1012.1,826.8,0.0,0.0,15.9,17.7,0.0,0.0,2018-08-29 22:36:48
2018-08-29 23:00:00,22.5,68.0,17.7,89.0,1012.5,827.2,1.1,3.6,15.9,17.7,0.0,0.0,2018-08-29 23:06:48
2018-08-29 23:30:00,22.6,68.0,17.7,89.0,1012.4,827.1,1.1,3.6,15.9,17.7,0.0,0.0,2018-08-29 23:36:48
2018-08-30 00:00:00,22.6,68.0,17.4,91.0,1012.5,827.2,0.0,0.0,15.9,17.4,0.0,0.0,2018-08-30 00:06:48
2018-08-30 00:30:00,22.6,68.0,17.1,92.0,1012.2,826.9,0.0,1.1,15.8,17.1,0.0,0.0,2018-08-30 00:36:48
2018-08-30 01:00:00,22.5,68.0,17.2,92.0,1012.4,827.1,1.1,2.5,15.9,17.2,0.0,0.0,2018-08-30 01:06:48
2018-08-30 01:30:00,22.3,67.0,17.4,87.0,1012.1,826.8,2.5,3.6,15.2,17.4,0.0,0.0,2018-08-30 01:36:48
2018-08-30 02:00:00,22.3,67.0,16.9,90.0,1011.7,826.4,6.1,8.6,15.3,16.9,0.0,0.0,2018-08-30 02:06:48
2018-08-30 02:30:00,22.2,67.0,16.8,91.0,1011.5,826.2,1.1,2.5,15.3,16.8,0.0,0.0,2018-08-30 02:36:48
2018-08-30 03:00:00,22.2,67.0,16.9,90.0,1011.6,826.3,1.1,2.5,15.3,16.9,0.0,0.0,2018-08-30 03:06:48
2018-08-30 03:30:00,22.1,67.0,16.6,91.0,1011.1,825.8,1.1,3.6,15.1,16.6,0.0,0.0,2018-08-30 03:36:48
2018-08-30 04:00:00,22.0,67.0,16.4,92.0,1011.5,826.2,0.0,1.1,15.1,16.4,0.0,0.0,2018-08-30 04:06:48
2018-08-30 04:30:00,22.0,67.0,16.3,93.0,1011.6,826.3,2.5,3.6,15.2,16.3,0.0,0.0,2018-08-30 04:36:48
2018-08-30 05:00:00,22.0,68.0,16.4,93.0,1011.4,826.1,0.0,0.0,15.3,16.4,0.0,0.0,2018-08-30 05:06:48
2018-08-30 05:30:00,21.9,69.0,16.3,93.0,1011.4,826.1,1.1,3.6,15.2,16.3,0.0,0.0,2018-08-30 05:36:48
2018-08-30 06:00:00,21.8,69.0,16.2,92.0,1011.4,826.1,0.0,1.1,14.9,16.2,0.0,577.5,2018-08-30 06:06:48
2018-08-30 06:30:00,21.7,68.0,16.0,92.0,1011.4,826.1,0.0,1.1,14.7,16.0,0.0,3044.0,2018-08-30 06:36:48
2018-08-30 07:00:00,21.7,68.0,20.8,80.0,1011.9,826.6,2.5,5.0,17.2,20.8,0.0,5546.0,2018-08-30 07:06:48
2018-08-30 07:30:00,21.7,69.0,17.8,85.0,1012.3,827.0,1.1,2.5,15.3,17.8,0.0,9020.0,2018-08-30 07:36:48
2018-08-30 08:00:00,21.9,69.0,22.3,69.0,1012.2,826.9,7.2,9.7,16.4,21.8,0.0,29805.8,2018-08-30 08:06:48
2018-08-30 08:30:00,22.3,68.0,22.0,66.0,1012.5,827.2,6.1,9.7,15.4,22.0,0.0,32390.8,2018-08-30 08:36:48
2018-08-30 09:00:00,23.0,66.0,21.8,68.0,1012.4,827.1,3.6,6.1,15.7,21.8,0.0,48126.4,2018-08-30 09:06:48
2018-08-30 09:30:00,23.9,64.0,22.8,63.0,1012.5,827.2,3.6,5.0,15.4,22.8,0.0,16678.7,2018-08-30 09:36:48
2018-08-30 10:00:00,24.2,63.0,22.0,67.0,1012.5,827.2,5.0,7.2,15.6,22.0,0.0,10075.2,2018-08-30 10:06:48
2018-08-30 10:30:00,23.9,65.0,20.2,75.0,1012.5,827.2,3.6,6.1,15.7,20.2,0.0,12378.2,2018-08-30 10:36:48
2018-08-30 11:00:00,23.9,66.0,21.9,71.0,1012.2,826.9,0.0,3.6,16.4,21.9,0.0,25312.6,2018-08-30 11:06:48
2018-08-30 11:30:00,24.4,64.0,25.7,56.0,1012.1,826.8,1.1,3.6,16.3,25.7,0.0,49700.9,2018-08-30 11:36:48
2018-08-30 12:00:00,25.0,61.0,22.5,62.0,1011.8,826.5,5.0,7.2,14.9,22.5,0.0,12303.0,2018-08-30 12:06:48
2018-08-30 12:30:00,24.9,61.0,23.5,63.0,1011.6,826.3,2.5,6.1,16.1,23.5,0.0,64947.7,2018-08-30 12:36:48
2018-08-30 13:00:00,24.7,61.0,25.6,55.0,1011.2,825.9,2.5,5.0,15.9,25.6,0.0,87258.6,2018-08-30 13:06:48
2018-08-30 13:30:00,25.6,59.0,26.7,50.0,1010.8,825.5,9.7,15.8,15.4,26.0,0.0,88104.6,2018-08-30 13:36:48
2018-08-30 14:00:00,26.0,55.0,25.1,54.0,1010.8,825.5,8.6,13.3,15.2,24.4,0.0,19259.0,2018-08-30 14:06:48
2018-08-30 14:30:00,25.6,57.0,22.5,67.0,1010.4,825.1,3.6,6.1,16.1,22.5,0.3,3662.0,2018-08-30 14:36:48
2018-08-30 15:00:00,24.9,61.0,19.2,81.0,1010.3,825.0,3.6,7.2,15.9,19.2,0.3,7790.0,2018-08-30 15:06:48
2018-08-30 15:30:00,24.8,64.0,19.9,82.0,1010.2,824.9,0.0,2.5,16.8,19.9,0.6,5444.0,2018-08-30 15:36:48
2018-08-30 16:00:00,24.7,65.0,19.6,83.0,1009.8,824.5,0.0,1.1,16.7,19.6,0.0,5852.0,2018-08-30 16:06:48
2018-08-30 16:30:00,24.5,65.0,19.9,79.0,1010.0,824.7,6.1,9.7,16.2,19.9,0.0,7622.0,2018-08-30 16:36:48
2018-08-30 17:00:00,24.3,65.0,20.1,81.0,1009.7,824.4,1.1,3.6,16.8,20.1,0.0,6116.0,2018-08-30 17:06:48
2018-08-30 17:30:00,24.1,66.0,19.5,81.0,1009.6,824.3,2.5,3.6,16.2,19.5,0.0,3122.0,2018-08-30 17:36:48
2018-08-30 18:00:00,24.0,66.0,18.8,83.0,1009.7,824.4,3.6,5.0,15.9,18.8,0.0,562.5,2018-08-30 18:06:48
2018-08-30 18:30:00,23.9,65.0,18.0,84.0,1010.0,824.7,1.1,3.6,15.3,18.0,0.0,0.0,2018-08-30 18:36:48
2018-08-30 19:00:00,23.5,64.0,17.7,83.0,1010.3,825.0,1.1,2.5,14.8,17.7,0.0,0.0,2018-08-30 19:06:48
2018-08-30 19:30:00,23.0,65.0,17.6,83.0,1010.6,825.3,1.1,2.5,14.7,17.6,0.0,0.0,2018-08-30 19:36:48
2018-08-30 20:00:00,22.9,65.0,17.1,84.0,1010.5,825.2,0.0,1.1,14.4,17.1,0.0,0.0,2018-08-30 20:06:48
2018-08-30 20:30:00,22.6,64.0,17.1,83.0,1011.0,825.7,3.6,6.1,14.2,17.1,0.0,0.0,2018-08-30 20:36:48
2018-08-30 21:00:00,22.4,64.0,17.1,84.0,1011.4,826.1,1.1,2.5,14.4,17.1,0.0,0.0,2018-08-30 21:06:48
2018-08-30 21:30:00,22.3,64.0,17.4,81.0,1011.5,826.2,0.0,1.1,14.1,17.4,0.0,0.0,2018-08-30 21:36:48
2018-08-30 22:00:00,22.2,65.0,17.2,86.0,1011.9,826.6,2.5,3.6,14.9,17.2,0.0,0.0,2018-08-30 22:06:48
2018-08-30 22:30:00,22.2,65.0,17.1,86.0,1011.6,826.3,3.6,6.1,14.8,17.1,0.0,0.0,2018-08-30 22:36:48
2018-08-30 23:00:00,22.1,65.0,16.9,86.0,1011.3,826.0,1.1,2.5,14.6,16.9,0.0,0.0,2018-08-30 23:06:48
2018-08-30 23:30:00,22.0,65.0,16.7,87.0,1011.2,825.9,2.5,3.6,14.5,16.7,0.0,0.0,2018-08-30 23:36:48
2018-08-31 00:00:00,21.9,66.0,17.1,82.0,1011.0,825.7,1.1,2.5,14.0,17.1,0.0,0.0,2018-08-31 00:06:48
2018-08-31 00:30:00,21.8,66.0,16.8,87.0,1010.7,825.4,2.5,3.6,14.6,16.8,0.0,0.0,2018-08-31 00:36:48
2018-08-31 01:00:00,21.8,66.0,16.7,85.0,1010.8,825.5,0.0,1.1,14.2,16.7,0.0,0.0,2018-08-31 01:06:48
2018-08-31 01:30:00,21.7,66.0,16.6,88.0,1010.7,825.4,3.6,5.0,14.6,16.6,0.0,0.0,2018-08-31 01:36:48
2018-08-31 02:00:00,21.7,66.0,16.8,87.0,1010.3,825.0,0.0,0.0,14.6,16.8,0.0,0.0,2018-08-31 02:06:48
2018-08-31 02:30:00,21.6,66.0,16.5,87.0,1010.2,824.9,1.1,2.5,14.3,16.5,0.0,0.0,2018-08-31 02:36:48
2018-08-31 03:00:00,21.5,66.0,16.3,88.0,1010.3,825.0,2.5,5.0,14.3,16.3,0.0,0.0,2018-08-31 03:06:48
2018-08-31 03:30:00,21.5,66.0,16.4,88.0,1010.3,825.0,0.0,1.1,14.4,16.4,0.0,0.0,2018-08-31 03:36:48
2018-08-31 04:00:00,21.4,66.0,16.3,89.0,1010.5,825.2,0.0,1.1,14.5,16.3,0.0,0.0,2018-08-31 04:06:48
2018-08-31 04:30:00,21.4,67.0,16.3,90.0,1010.6,825.3,0.0,0.0,14.7,16.3,0.0,0.0,2018-08-31 04:36:48
2018-08-31 05:00:00,21.3,67.0,16.0,91.0,1010.5,825.2,0.0,2.5,14.6,16.0,0.0,0.0,2018-08-31 05:06:48
2018-08-31 05:30:00,21.3,67.0,16.0,91.0,1010.7,825.4,0.0,0.0,14.6,16.0,0.0,0.0,2018-08-31 05:36:48
2018-08-31 06:00:00,21.2,68.0,15.7,92.0,1011.0,825.7,1.1,2.5,14.4,15.7,0.0,405.0,2018-08-31 06:06:48
2018-08-31 06:30:00,21.1,68.0,16.1,90.0,1011.4,826.1,2.5,3.6,14.5,16.1,0.0,2804.0,2018-08-31 06:36:48
2018-08-31 07:00:00,21.2,67.0,18.2,84.0,1011.4,826.1,1.1,2.5,15.5,18.2,0.0,7640.0,2018-08-31 07:06:48
2018-08-31 07:30:00,21.2,68.0,21.8,68.0,1011.7,826.4,1.1,3.6,15.7,21.8,0.0,13910.4,2018-08-31 07:36:48
2018-08-31 08:00:00,21.3,68.0,22.7,63.0,1011.6,826.3,0.0,2.5,15.3,22.7,0.0,24433.7,2018-08-31 08:06:48
2018-08-31 08:30:00,21.8,69.0,24.0,61.0,1011.6,826.3,2.5,3.6,16.0,24.0,0.0,41922.4,2018-08-31 08:36:48
2018-08-31 09:00:00,22.4,68.0,22.4,62.0,1011.5,826.2,11.2,15.8,14.8,20.9,0.0,45814.0,2018-08-31 09:06:48
2018-08-31 09:30:00,23.2,66.0,22.2,63.0,1011.9,826.6,7.2,9.7,14.8,21.7,0.0,54866.2,2018-08-31 09:36:48
2018-08-31 10:00:00,23.7,63.0,24.4,56.0,1012.2,826.9,8.6,12.2,15.1,23.7,0.0,74563.9,2018-08-31 10:06:48
2018-08-31 10:30:00,24.9,61.0,25.2,55.0,1012.1,826.8,8.6,12.2,15.5,24.5,0.0,84433.9,2018-08-31 10:36:48
2018-08-31 11:00:00,25.4,60.0,23.6,63.0,1012.2,826.9,7.2,11.2,16.2,23.1,0.0,76143.1,2018-08-31 11:06:48
2018-08-31 11:30:00,25.6,60.0,24.9,61.0,1012.1,826.8,11.2,17.3,16.9,23.7,0.0,90285.4,2018-08-31 11:36:48
2018-08-31 12:00:00,26.1,58.0,24.9,55.0,1012.0,826.7,6.1,9.7,15.3,24.9,0.0,32649.3,2018-08-31 12:06:48
2018-08-31 12:30:00,26.0,53.0,25.9,51.0,1011.6,826.3,5.0,8.6,15.0,25.9,0.0,49414.2,2018-08-31 12:36:48
2018-08-31 13:00:00,26.6,53.0,25.8,50.0,1011.2,825.9,3.6,6.1,14.6,25.8,0.0,18084.0,2018-08-31 13:06:48
2018-08-31 13:30:00,26.1,54.0,20.5,72.0,1010.9,825.6,2.5,5.0,15.3,20.5,3.3,10056.4,2018-08-31 13:36:48
2018-08-31 14:00:00,25.2,61.0,21.9,82.0,1010.4,825.1,3.6,8.6,18.7,21.9,0.3,18121.6,2018-08-31 14:06:48
2018-08-31 14:30:00,25.0,66.0,21.2,79.0,1010.2,824.9,1.1,2.5,17.4,21.2,0.9,18187.4,2018-08-31 14:36:48
2018-08-31 15:00:00,25.0,66.0,24.1,63.0,1009.9,824.6,3.6,6.1,16.6,24.1,0.0,48948.9,2018-08-31 15:06:48
2018-08-31 15:30:00,25.4,64.0,25.3,65.0,1009.3,824.0,1.1,2.5,18.3,25.3,0.0,14756.4,2018-08-31 15:36:48
2018-08-31 16:00:00,25.3,62.0,22.7,65.0,1009.4,824.1,11.2,17.3,15.8,21.2,0.0,16824.4,2018-08-31 16:06:48
2018-08-31 16:30:00,24.6,62.0,22.3,68.0,1009.0,823.7,7.2,11.2,16.1,21.8,0.0,12105.6,2018-08-31 16:36:48
2018-08-31 17:00:00,24.5,63.0,22.0,71.0,1009.2,823.9,1.1,3.6,16.5,22.0,0.0,7442.0,2018-08-31 17:06:48
2018-08-31 17:30:00,24.8,66.0,21.1,77.0,1009.7,824.4,1.1,2.5,16.9,21.1,0.0,2690.0,2018-08-31 17:36:48
2018-08-31 18:00:00,24.6,65.0,20.4,77.0,1010.1,824.8,1.1,2.5,16.3,20.4,0.0,587.2,2018-08-31 18:06:48
2018-08-31 18:30:00,24.3,65.0,19.3,83.0,1010.0,824.7,3.6,5.0,16.4,19.3,0.0,0.0,2018-08-31 18:36:48
2018-08-31 19:00:00,24.1,65.0,18.9,85.0,1009.8,824.5,2.5,5.0,16.3,18.9,0.0,0.0,2018-08-31 19:06:48
2018-08-31 19:30:00,23.8,66.0,18.5,86.0,1009.9,824.6,3.6,5.0,16.1,18.5,0.0,0.0,2018-08-31 19:36:48
2018-08-31 20:00:00,23.5,66.0,18.1,87.0,1010.2,824.9,1.1,3.6,15.9,18.1,0.0,0.0,2018-08-31 20:06:48
2018-08-31 20:30:00,23.2,66.0,17.9,87.0,1010.5,825.2,3.6,5.0,15.7,17.9,0.0,0.0,2018-08-31 20:36:48
2018-08-31 21:00:00,23.0,66.0,18.1,86.0,1011.2,825.9,0.0,1.1,15.7,18.1,0.0,0.0,2018-08-31 21:06:48
2018-08-31 21:30:00,22.9,67.0,18.0,86.0,1011.6,826.3,5.0,6.1,15.6,18.0,0.0,0.0,2018-08-31 21:36:48
2018-08-31 22:00:00,22.6,67.0,17.9,86.0,1011.5,826.2,1.1,3.6,15.5,17.9,0.0,0.0,2018-08-31 22:06:48
2018-08-31 22:30:00,22.6,67.0,17.6,86.0,1011.5,826.2,3.6,5.0,15.3,17.6,0.0,0.0,2018-08-31 22:36:48
2018-08-31 23:00:00,22.5,67.0,17.4,86.0,1011.2,825.9,1.1,2.5,15.1,17.4,0.0,0.0,2018-08-31 23:06:48
2018-08-31 23:30:00,22.4,67.0,17.2,87.0,1011.2,825.9,1.1,2.5,15.0,17.2,0.0,0.0,2018-08-31 23:36:48
2018-09-01 00:00:00,,,,,,,,,,,,,
2018-09-01 00:30:00,,,,,,,,,,,,,
2018-09-01 01:00:00,22.2,67.0,17.2,88.0,1010.8,825.5,0.0,1.1,15.2,17.2,0.0,0.0,2018-09-01 01:06:48
2018-09-01 01:30:00,22.1,67.0,17.4,88.0,1010.5,825.2,2.5,5.0,15.4,17.4,0.0,0.0,2018-09-01 01:36:48
2018-09-01 02:00:00,22.2,68.0,17.4,88.0,1010.1,824.8,1.1,2.5,15.4,17.4,0.0,0.0,2018-09-01 02:06:48
2018-09-01 02:30:00,22.1,68.0,16.9,89.0,1009.7,824.4,1.1,2.5,15.1,16.9,0.0,0.0,2018-09-01 02:36:48
2018-09-01 03:00:00,22.0,67.0,16.5,89.0,1009.8,824.5,0.0,0.0,14.7,16.5,0.0,0.0,2018-09-01 03:06:48
2018-09-01 03:30:00,21.8,68.0,16.3,90.0,1010.3,825.0,0.0,0.0,14.7,16.3,0.0,0.0,2018-09-01 03:36:48
2018-09-01 04:00:00,21.7,67.0,16.2,91.0,1010.4,825.1,2.5,3.6,14.7,16.2,0.0,0.0,2018-09-01 04:06:48
2018-09-01 04:30:00,21.6,67.0,16.1,91.0,1010.3,825.0,0.0,2.5,14.6,16.1,0.0,0.0,2018-09-01 04:36:48
2018-09-01 05:00:00,21.6,68.0,15.8,93.0,1010.2,824.9,0.0,0.0,14.7,15.8,0.0,0.0,2018-09-01 05:06:48
2018-09-01 05:30:00,21.5,68.0,15.8,95.0,1010.3,825.0,1.1,2.5,15.0,15.8,0.0,0.0,2018-09-01 05:36:48
2018-09-01 06:00:00,21.5,68.0,16.2,93.0,1010.6,825.3,0.0,0.0,15.1,16.2,0.0,7.5,2018-09-01 06:06:48
2018-09-01 06:30:00,21.5,69.0,16.8,91.0,1010.9,825.6,1.1,3.6,15.3,16.8,0.0,2198.0,2018-09-01 06:36:48
2018-09-01 07:00:00,21.5,69.0,17.6,89.0,1011.2,825.9,1.1,2.5,15.8,17.6,0.0,6770.0,2018-09-01 07:06:48
2018-09-01 07:30:00,21.6,69.0,18.3,87.0,1011.6,826.3,1.1,2.5,16.1,18.3,0.0,9950.0,2018-09-01 07:36:48
2018-09-01 08:00:00,21.7,70.0,21.5,72.0,1011.6,826.3,1.1,2.5,16.3,21.5,0.0,28212.5,2018-09-01 08:06:48
2018-09-01 08:30:00,22.2,68.0,22.4,66.0,1011.5,826.2,6.1,11.2,15.8,22.4,0.0,19376.5,2018-09-01 08:36:48
2018-09-01 09:00:00,22.9,66.0,23.1,63.0,1011.4,826.1,3.6,6.1,15.7,23.1,0.0,34726.7,2018-09-01 09:06:48
2018-09-01 09:30:00,23.2,64.0,21.8,67.0,1011.6,826.3,5.0,8.6,15.4,21.8,0.0,30069.0,2018-09-01 09:36:48
2018-09-01 10:00:00,24.0,62.0,24.9,58.0,1011.8,826.5,3.6,7.2,16.1,24.9,0.0,57723.8,2018-09-01 10:06:48
2018-09-01 10:30:00,24.9,63.0,24.9,59.0,1012.1,826.8,5.0,7.2,16.4,24.9,0.0,49658.6,2018-09-01 10:36:48
2018-09-01 11:00:00,25.3,62.0,25.1,61.0,1012.2,826.9,5.0,9.7,17.1,25.1,0.0,86187.0,2018-09-01 11:06:48
2018-09-01 11:30:00,25.8,60.0,25.2,56.0,1012.0,826.7,3.6,5.0,15.8,25.2,0.0,25876.6,2018-09-01 11:36:48
2018-09-01 12:00:00,25.8,58.0,24.2,61.0,1011.6,826.3,3.6,8.6,16.2,24.2,0.0,78220.5,2018-09-01 12:06:48
2018-09-01 12:30:00,26.2,56.0,26.7,51.0,1011.2,825.9,3.6,8.6,15.8,26.7,0.0,28931.6,2018-09-01 12:36:48
2018-09-01 13:00:00,26.5,53.0,25.7,51.0,1011.1,825.8,5.0,9.7,14.8,25.7,0.0,21148.4,2018-09-01 13:06:48
2018-09-01 13:30:00,26.8,53.0,27.0,50.0,1010.8,825.5,8.6,11.2,15.7,26.5,0.0,83263.6,2018-09-01 13:37:48
2018-09-01 14:00:00,27.3,51.0,25.8,51.0,1010.5,825.2,6.1,8.6,14.9,25.8,0.0,14253.5,2018-09-01 14:07:48
2018-09-01 14:30:00,26.8,52.0,25.1,57.0,1009.8,824.5,7.2,12.2,16.0,24.7,0.0,32372.0,2018-09-01 14:37:48
2018-09-01 15:00:00,26.5,50.0,24.9,53.0,1009.8,824.5,11.2,15.8,14.7,23.7,0.0,51082.7,2018-09-01 15:07:48
2018-09-01 15:30:00,26.3,52.0,22.1,68.0,1009.6,824.3,5.0,7.2,15.9,22.1,0.0,4454.0,2018-09-01 15:37:48
2018-09-01 16:00:00,25.7,56.0,20.6,76.0,1009.3,824.0,7.2,12.2,16.2,20.0,0.3,2786.0,2018-09-01 16:07:48
2018-09-01 16:30:00,25.3,60.0,20.0,80.0,1009.3,824.0,9.7,13.3,16.5,18.5,0.9,7430.0,2018-09-01 16:37:48
2018-09-01 17:00:00,24.7,62.0,22.7,72.0,1009.1,823.8,2.5,5.0,17.4,22.7,0.0,12561.5,2018-09-01 17:07:48
2018-09-01 17:30:00,24.9,64.0,21.5,76.0,1009.5,824.2,2.5,5.0,17.1,21.5,0.0,2756.0,2018-09-01 17:37:48
2018-09-01 18:00:00,24.6,65.0,19.8,82.0,1009.6,824.3,2.5,3.6,16.7,19.8,0.0,187.5,2018-09-01 18:07:48
2018-09-01 18:30:00,24.2,65.0,18.9,86.0,1009.8,824.5,1.1,2.5,16.5,18.9,0.0,0.0,2018-09-01 18:37:48
2018-09-01 19:00:00,23.9,66.0,18.5,88.0,1010.0,824.7,3.6,5.0,16.5,18.5,0.0,0.0,2018-09-01 19:07:48
2018-09-01 19:30:00,23.8,67.0,18.3,87.0,1010.6,825.3,5.0,6.1,16.1,18.3,0.0,0.0,2018-09-01 19:37:48
2018-09-01 20:00:00,23.5,66.0,18.1,87.0,1010.7,825.4,1.1,2.5,15.9,18.1,0.0,0.0,2018-09-01 20:07:48
2018-09-01 20:30:00,23.3,66.0,18.0,87.0,1011.2,825.9,3.6,5.0,15.8,18.0,0.0,0.0,2018-09-01 20:37:48
2018-09-01 21:00:00,23.1,66.0,17.7,87.0,1011.4,826.1,1.1,3.6,15.5,17.7,0.0,0.0,2018-09-01 21:07:48
2018-09-01 21:30:00,23.0,66.0,18.1,86.0,1011.6,826.3,1.1,2.5,15.7,18.1,0.0,0.0,2018-09-01 21:37:48
2018-09-01 22:00:00,22.9,66.0,17.9,86.0,1011.9,826.6,2.5,3.6,15.5,17.9,0.0,0.0,2018-09-01 22:07:48
2018-09-01 22:30:00,22.8,66.0,18.0,85.0,1011.9,826.6,2.5,3.6,15.5,18.0,0.0,0.0,2018-09-01 22:37:48
2018-09-01 23:00:00,22.6,66.0,17.9,84.0,1011.8,826.5,1.1,3.6,15.2,17.9,0.0,0.0,2018-09-01 23:07:48
2018-09-01 23:30:00,22.6,66.0,17.6,84.0,1011.5,826.2,3.6,5.0,14.9,17.6,0.0,0.0,2018-09-01 23:37:48
2018-09-02 00:00:00,22.6,66.0,17.7,85.0,1011.3,826.0,2.5,3.6,15.2,17.7,0.0,0.0,2018-09-02 00:07:48
2018-09-02 00:30:00,22.5,66.0,17.7,83.0,1011.1,825.8,1.1,2.5,14.8,17.7,0.0,0.0,2018-09-02 00:37:48
2018-09-02 01:00:00,22.4,66.0,18.2,84.0,1011.4,826.1,6.1,8.6,15.5,18.2,0.0,0.0,2018-09-02 01:07:48
2018-09-02 01:30:00,22.4,66.0,17.9,86.0,1010.8,825.5,8.6,11.2,15.5,16.6,0.0,0.0,2018-09-02 01:37:48
2018-09-02 02:00:00,22.3,66.0,17.8,83.0,1010.9,825.6,6.1,7.2,14.9,17.8,0.0,0.0,2018-09-02 02:07:48
2018-09-02 02:30:00,22.2,66.0,17.2,87.0,1010.6,825.3,2.5,3.6,15.0,17.2,0.0,0.0,2018-09-02 02:37:48
2018-09-02 03:00:00,22.2,67.0,17.0,89.0,1010.5,825.2,3.6,5.0,15.2,17.0,0.0,0.0,2018-09-02 03:07:48
2018-09-02 03:30:00,22.1,67.0,16.9,91.0,1010.2,824.9,1.1,2.5,15.4,16.9,0.6,0.0,2018-09-02 03:37:48
2018-09-02 04:00:00,22.0,68.0,16.5,93.0,1009.3,824.0,0.0,1.1,15.4,16.5,0.0,0.0,2018-09-02 04:07:48
2018-09-02 04:30:00,22.0,68.0,15.7,94.0,1009.5,824.2,1.1,3.6,14.8,15.7,0.0,0.0,2018-09-02 04:37:48
2018-09-02 05:00:00,21.9,68.0,15.6,93.0,1009.7,824.4,2.5,3.6,14.5,15.6,0.0,0.0,2018-09-02 05:07:48
2018-09-02 05:30:00,21.7,68.0,15.4,94.0,1010.1,824.8,0.0,0.0,14.5,15.4,0.0,0.0,2018-09-02 05:37:48
2018-09-02 06:00:00,21.6,67.0,15.4,93.0,1010.7,825.4,1.1,2.5,14.3,15.4,0.0,217.5,2018-09-02 06:07:48
2018-09-02 06:30:00,21.5,67.0,15.5,89.0,1010.8,825.5,7.2,9.7,13.7,14.6,0.0,2318.0,2018-09-02 06:37:48
2018-09-02 07:00:00,21.4,65.0,17.5,80.0,1011.1,825.8,2.5,5.0,14.0,17.5,0.0,9116.0,2018-09-02 07:07:48
2018-09-02 07:30:00,21.4,65.0,20.4,65.0,1011.2,825.9,2.5,3.6,13.6,20.4,0.0,16692.8,2018-09-02 07:37:48
2018-09-02 08:00:00,21.5,65.0,22.4,59.0,1011.4,826.1,3.6,5.0,14.0,22.4,0.0,25030.6,2018-09-02 08:07:48
2018-09-02 08:30:00,21.9,64.0,25.9,48.0,1011.6,826.3,3.6,6.1,14.1,25.9,0.0,35972.2,2018-09-02 08:37:48
2018-09-02 09:00:00,22.4,61.0,23.1,55.0,1011.9,826.6,3.6,6.1,13.6,23.1,0.0,46218.2,2018-09-02 09:07:48
2018-09-02 09:30:00,22.9,61.0,24.5,51.0,1011.8,826.5,3.6,5.0,13.7,24.5,0.0,60788.2,2018-09-02 09:37:48
2018-09-02 10:00:00,23.6,60.0,26.2,48.0,1011.8,826.5,12.2,14.8,14.4,25.1,0.0,76993.8,2018-09-02 10:07:48
2018-09-02 10:30:00,24.4,58.0,22.5,58.0,1011.8,826.5,3.6,7.2,13.9,22.5,0.0,22657.1,2018-09-02 10:37:48
2018-09-02 11:00:00,24.4,58.0,23.1,57.0,1011.8,826.5,6.1,9.7,14.1,23.1,0.0,82342.4,2018-09-02 11:07:48
2018-09-02 11:30:00,25.0,55.0,25.6,53.0,1011.4,826.1,11.2,15.8,15.3,24.5,0.0,89420.6,2018-09-02 11:37:48
2018-09-02 12:00:00,26.0,53.0,25.0,54.0,1010.6,825.3,5.0,7.2,15.1,25.0,0.0,27968.1,2018-09-02 12:07:48
2018-09-02 12:30:00,25.9,55.0,23.9,61.0,1010.2,824.9,5.0,9.7,16.0,23.9,0.0,24048.3,2018-09-02 12:37:48
2018-09-02 13:00:00,25.8,56.0,23.8,64.0,1009.8,824.5,7.2,11.2,16.6,23.3,0.0,17750.3,2018-09-02 13:07:48
2018-09-02 13:30:00,25.6,58.0,24.6,61.0,1009.6,824.3,3.6,8.6,16.6,24.6,0.0,39736.9,2018-09-02 13:37:48
2018-09-02 14:00:00,25.8,58.0,24.6,58.0,1009.2,823.9,3.6,6.1,15.8,24.6,0.0,23874.4,2018-09-02 14:07:48
2018-09-02 14:30:00,25.9,59.0,25.1,59.0,1009.2,823.9,7.2,9.7,16.6,24.7,0.0,19235.5,2018-09-02 14:37:48
2018-09-02 15:00:00,25.9,59.0,25.0,55.0,1008.7,823.4,2.5,5.0,15.4,25.0,0.0,20053.3,2018-09-02 15:07:48
2018-09-02 15:30:00,26.0,56.0,27.2,48.0,1008.4,823.1,6.1,8.6,15.3,27.2,0.0,36630.2,2018-09-02 15:37:48
2018-09-02 16:00:00,26.5,55.0,27.5,45.0,1008.3,823.0,5.0,7.2,14.5,27.5,0.0,26981.1,2018-09-02 16:07:48
2018-09-02 16:30:00,26.4,53.0,26.0,50.0,1008.4,823.1,3.6,5.0,14.8,26.0,0.0,13727.1,2018-09-02 16:37:48
2018-09-02 17:00:00,26.2,53.0,25.0,52.0,1008.6,823.3,6.1,8.6,14.5,25.0,0.0,7760.0,2018-09-02 17:07:48
2018-09-02 17:30:00,25.7,54.0,23.7,57.0,1008.7,823.4,0.0,2.5,14.7,23.7,0.0,4058.0,2018-09-02 17:37:48
2018-09-02 18:00:00,25.5,55.0,22.5,62.0,1008.8,823.5,1.1,2.5,14.9,22.5,0.0,510.0,2018-09-02 18:07:48
2018-09-02 18:30:00,25.1,57.0,20.7,70.0,1009.0,823.7,0.0,2.5,15.1,20.7,0.0,0.0,2018-09-02 18:37:48
2018-09-02 19:00:00,24.7,59.0,20.2,71.0,1009.5,824.2,2.5,3.6,14.8,20.2,0.0,0.0,2018-09-02 19:07:48
2018-09-02 19:30:00,24.3,59.0,19.8,75.0,1010.1,824.8,1.1,2.5,15.3,19.8,0.0,0.0,2018-09-02 19:37:48
2018-09-02 20:00:00,24.1,61.0,19.4,76.0,1010.2,824.9,0.0,0.0,15.1,19.4,0.0,0.0,2018-09-02 20:07:48
2018-09-02 20:30:00,24.0,61.0,19.0,79.0,1010.9,825.6,1.1,3.6,15.3,19.0,0.0,0.0,2018-09-02 20:37:48
2018-09-02 21:00:00,23.8,62.0,19.1,78.0,1010.8,825.5,3.6,6.1,15.2,19.1,0.0,0.0,2018-09-02 21:07:48
2018-09-02 21:30:00,23.6,62.0,19.1,78.0,1010.7,825.4,2.5,5.0,15.2,19.1,0.0,0.0,2018-09-02 21:37:48
2018-09-02 22:00:00,23.5,62.0,20.1,72.0,1011.2,825.9,11.2,12.2,14.9,18.2,0.0,0.0,2018-09-02 22:07:48
2018-09-02 22:30:00,23.4,62.0,19.5,76.0,1011.7,826.4,1.1,2.5,15.2,19.5,0.0,0.0,2018-09-02 22:37:48
2018-09-02 23:00:00,23.4,63.0,18.7,84.0,1011.8,826.5,3.6,5.0,16.0,18.7,0.3,0.0,2018-09-02 23:07:48
2018-09-02 23:30:00,23.2,64.0,18.2,88.0,1011.1,825.8,0.0,2.5,16.2,18.2,1.2,0.0,2018-09-02 23:37:48
2018-09-03 00:00:00,22.9,66.0,16.9,82.0,1011.1,825.8,3.6,5.0,13.8,16.9,0.3,0.0,2018-09-03 00:07:48
2018-09-03 00:30:00,22.6,63.0,16.3,86.0,1011.4,826.1,1.1,3.6,14.0,16.3,0.6,0.0,2018-09-03 00:37:48
2018-09-03 01:00:00,22.6,63.0,16.5,90.0,1010.9,825.6,1.1,3.6,14.9,16.5,0.3,0.0,2018-09-03 01:07:48
2018-09-03 01:30:00,22.5,64.0,16.4,92.0,1009.9,824.6,1.1,3.6,15.1,16.4,0.3,0.0,2018-09-03 01:37:48
2018-09-03 02:00:00,22.5,65.0,16.5,92.0,1009.8,824.5,0.0,0.0,15.2,16.5,0.0,0.0,2018-09-03 02:07:48
2018-09-03 02:30:00,22.4,66.0,16.5,93.0,1009.9,824.6,2.5,3.6,15.4,16.5,0.0,0.0,2018-09-03 02:37:48
2018-09-03 03:00:00,22.4,67.0,16.4,92.0,1010.2,824.9,0.0,1.1,15.1,16.4,0.0,0.0,2018-09-03 03:07:48
2018-09-03 03:30:00,22.3,67.0,16.2,92.0,1010.3,825.0,0.0,1.1,14.9,16.2,0.0,0.0,2018-09-03 03:37:48
2018-09-03 04:00:00,22.2,66.0,16.2,92.0,1010.1,824.8,1.1,2.5,14.9,16.2,0.0,0.0,2018-09-03 04:07:48
2018-09-03 04:30:00,22.1,66.0,16.0,92.0,1010.0,824.7,2.5,3.6,14.7,16.0,0.0,0.0,2018-09-03 04:37:48
2018-09-03 05:00:00,22.0,66.0,15.7,93.0,1010.1,824.8,5.0,9.7,14.6,15.7,0.0,0.0,2018-09-03 05:07:48
2018-09-03 05:30:00,21.8,67.0,15.7,92.0,1010.4,825.1,3.6,7.2,14.4,15.7,0.0,0.0,2018-09-03 05:37:48
2018-09-03 06:00:00,21.7,66.0,15.4,91.0,1010.5,825.2,1.1,2.5,14.0,15.4,0.0,965.2,2018-09-03 06:07:48
2018-09-03 06:30:00,21.6,65.0,16.0,89.0,1010.3,825.0,5.0,8.6,14.2,16.0,0.0,4994.0,2018-09-03 06:37:48
2018-09-03 07:00:00,21.6,65.0,19.2,78.0,1010.4,825.1,2.5,5.0,15.3,19.2,0.0,12899.9,2018-09-03 07:07:48
2018-09-03 07:30:00,21.6,65.0,21.1,64.0,1010.5,825.2,9.7,11.2,14.1,19.8,0.0,19113.3,2018-09-03 07:37:48
2018-09-03 08:00:00,21.7,65.0,20.8,69.0,1010.5,825.2,9.7,11.2,14.9,19.4,0.0,26821.3,2018-09-03 08:07:48
2018-09-03 08:30:00,22.1,64.0,22.3,61.0,1011.3,826.0,5.0,7.2,14.4,22.3,0.0,38026.1,2018-09-03 08:37:48
2018-09-03 09:00:00,22.6,63.0,21.8,63.0,1011.5,826.2,6.1,8.6,14.5,21.8,0.0,36916.9,2018-09-03 09:07:48
2018-09-03 09:30:00,22.9,62.0,22.6,60.0,1012.1,826.8,6.1,8.6,14.5,22.6,0.0,31291.0,2018-09-03 09:37:48
2018-09-03 10:00:00,23.5,62.0,25.1,51.0,1012.3,827.0,1.1,3.6,14.3,25.1,0.0,64764.4,2018-09-03 10:07:48
2018-09-03 10:30:00,24.2,60.0,26.4,52.0,1012.0,826.7,5.0,7.2,15.8,26.4,0.0,24471.3,2018-09-03 10:37:48
2018-09-03 11:00:00,24.6,61.0,24.2,61.0,1011.9,826.6,3.6,5.0,16.2,24.2,0.0,22934.4,2018-09-03 11:07:48
2018-09-03 11:30:00,24.7,61.0,25.3,57.0,1011.5,826.2,5.0,7.2,16.2,25.3,0.0,93067.8,2018-09-03 11:37:48
2018-09-03 12:00:00,25.7,58.0,25.8,52.0,1011.2,825.9,7.2,12.2,15.2,25.4,0.0,87108.2,2018-09-03 12:07:48
2018-09-03 12:30:00,26.2,55.0,24.0,58.0,1010.8,825.5,6.1,9.7,15.3,24.0,0.0,14413.3,2018-09-03 12:37:48
2018-09-03 13:00:00,25.7,56.0,23.8,60.0,1010.2,824.9,2.5,5.0,15.6,23.8,0.0,21449.2,2018-09-03 13:07:48
2018-09-03 13:30:00,25.5,55.0,24.3,53.0,1009.7,824.4,7.2,12.2,14.1,23.9,0.0,24875.5,2018-09-03 13:37:48
2018-09-03 14:00:00,25.6,54.0,25.5,50.0,1009.0,823.7,2.5,6.1,14.3,25.5,0.0,21872.2,2018-09-03 14:07:48
2018-09-03 14:30:00,25.7,53.0,24.0,53.0,1009.0,823.7,7.2,12.2,13.9,23.6,0.0,40991.8,2018-09-03 14:37:48
2018-09-03 15:00:00,25.9,52.0,26.8,44.0,1009.0,823.7,6.1,9.7,13.6,26.8,0.0,46514.3,2018-09-03 15:07:48
2018-09-03 15:30:00,26.5,50.0,26.8,43.0,1008.7,823.4,9.7,13.3,13.2,26.1,0.0,15616.5,2018-09-03 15:37:48
2018-09-03 16:00:00,26.6,49.0,26.5,44.0,1008.8,823.5,7.2,14.8,13.3,26.2,0.0,31286.3,2018-09-03 16:07:48
2018-09-03 16:30:00,26.5,49.0,24.7,55.0,1009.1,823.8,6.1,11.2,15.1,24.7,0.0,18309.6,2018-09-03 16:37:48
2018-09-03 17:00:00,26.2,52.0,23.5,60.0,1009.4,824.1,19.4,22.0,15.3,20.9,0.0,13045.6,2018-09-03 17:07:48
2018-09-03 17:30:00,25.9,53.0,22.7,63.0,1009.5,824.2,5.0,8.6,15.3,22.7,0.0,3998.0,2018-09-03 17:37:48
2018-09-03 18:00:00,25.5,55.0,21.1,70.0,1009.5,824.2,1.1,2.5,15.4,21.1,0.0,352.5,2018-09-03 18:07:48
2018-09-03 18:30:00,25.0,57.0,20.1,74.0,1009.9,824.6,1.1,3.6,15.3,20.1,0.0,0.0,2018-09-03 18:37:48
2018-09-03 19:00:00,24.6,59.0,20.1,74.0,1010.0,824.7,1.1,2.5,15.3,20.1,0.0,0.0,2018-09-03 19:07:48
2018-09-03 19:30:00,24.4,60.0,19.6,78.0,1010.7,825.4,1.1,3.6,15.7,19.6,0.0,0.0,2018-09-03 19:37:48
2018-09-03 20:00:00,24.2,61.0,19.3,80.0,1010.5,825.2,2.5,3.6,15.8,19.3,0.0,0.0,2018-09-03 20:07:48
2018-09-03 20:30:00,24.0,61.0,18.9,82.0,1010.8,825.5,1.1,2.5,15.8,18.9,0.0,0.0,2018-09-03 20:37:48
2018-09-03 21:00:00,23.9,62.0,18.8,80.0,1011.1,825.8,2.5,3.6,15.3,18.8,0.0,0.0,2018-09-03 21:07:48
2018-09-03 21:30:00,23.7,62.0,18.5,81.0,1011.2,825.9,0.0,1.1,15.2,18.5,0.0,0.0,2018-09-03 21:37:48
2018-09-03 22:00:00,23.4,62.0,18.2,82.0,1011.1,825.8,1.1,3.6,15.1,18.2,0.0,0.0,2018-09-03 22:07:48
2018-09-03 22:30:00,23.5,62.0,18.4,80.0,1010.8,825.5,0.0,0.0,14.9,18.4,0.0,0.0,2018-09-03 22:37:48
2018-09-03 23:00:00,23.3,62.0,18.4,82.0,1011.1,825.8,1.1,3.6,15.3,18.4,0.0,0.0,2018-09-03 23:07:48
2018-09-03 23:30:00,23.3,62.0,18.4,82.0,1011.1,825.8,1.1,3.6,15.3,18.4,0.0,0.0,2018-09-03 23:37:48
2018-09-04 00:00:00,23.3,63.0,18.7,81.0,1010.6,825.3,2.5,5.0,15.4,18.7,0.0,0.0,2018-09-04 00:07:48
2018-09-04 00:30:00,23.1,63.0,18.3,83.0,1010.8,825.5,7.2,12.2,15.4,17.6,0.0,0.0,2018-09-04 00:37:48
2018-09-04 01:00:00,23.0,63.0,18.3,85.0,1010.6,825.3,1.1,2.5,15.8,18.3,0.0,0.0,2018-09-04 01:07:48
2018-09-04 01:30:00,22.9,64.0,17.8,88.0,1010.0,824.7,3.6,6.1,15.8,17.8,0.0,0.0,2018-09-04 01:37:48
2018-09-04 02:00:00,22.6,65.0,17.5,89.0,1009.9,824.6,7.2,12.2,15.7,16.7,0.0,0.0,2018-09-04 02:07:48
2018-09-04 02:30:00,22.6,66.0,17.4,90.0,1009.8,824.5,0.0,0.0,15.8,17.4,0.6,0.0,2018-09-04 02:37:48
2018-09-04 03:00:00,22.6,67.0,16.7,93.0,1010.2,824.9,5.0,8.6,15.6,16.7,0.9,0.0,2018-09-04 03:07:48
2018-09-04 03:30:00,22.6,68.0,16.4,96.0,1010.1,824.8,1.1,3.6,15.8,16.4,1.2,0.0,2018-09-04 03:37:48
2018-09-04 04:00:00,22.5,68.0,16.5,95.0,1010.0,824.7,2.5,3.6,15.7,16.5,0.3,0.0,2018-09-04 04:07:48
2018-09-04 04:30:00,22.4,68.0,16.4,95.0,1010.3,825.0,6.1,8.6,15.6,16.4,0.3,0.0,2018-09-04 04:37:48
2018-09-04 05:00:00,22.3,68.0,16.2,92.0,1010.3,825.0,2.5,5.0,14.9,16.2,0.0,0.0,2018-09-04 05:07:48
2018-09-04 05:30:00,22.1,67.0,16.0,92.0,1010.3,825.0,3.6,6.1,14.7,16.0,0.0,0.0,2018-09-04 05:37:48
2018-09-04 06:00:00,22.0,67.0,15.8,94.0,1010.3,825.0,3.6,6.1,14.9,15.8,0.0,82.5,2018-09-04 06:07:48
2018-09-04 06:30:00,21.9,68.0,16.1,94.0,1010.3,825.0,3.6,6.1,15.2,16.1,0.0,3332.0,2018-09-04 06:37:48
2018-09-04 07:00:00,21.9,68.0,16.6,92.0,1010.5,825.2,6.1,8.6,15.3,16.6,0.0,8570.0,2018-09-04 07:07:48
2018-09-04 07:30:00,21.9,69.0,17.7,88.0,1010.9,825.6,2.5,6.1,15.7,17.7,0.0,12801.2,2018-09-04 07:37:48
2018-09-04 08:00:00,22.1,68.0,19.4,83.0,1011.5,826.2,0.0,1.1,16.5,19.4,0.0,19089.8,2018-09-04 08:07:48
2018-09-04 08:30:00,22.3,68.0,22.8,68.0,1011.7,826.4,2.5,5.0,16.6,22.8,0.0,43539.2,2018-09-04 08:37:48
2018-09-04 09:00:00,22.6,64.0,24.3,57.0,1011.9,826.6,1.1,3.6,15.3,24.3,0.0,50382.4,2018-09-04 09:07:48
2018-09-04 09:30:00,23.4,64.0,24.5,58.0,1011.7,826.4,1.1,2.5,15.7,24.5,0.0,25942.4,2018-09-04 09:37:48
2018-09-04 10:00:00,24.0,63.0,23.8,61.0,1011.5,826.2,2.5,5.0,15.9,23.8,0.0,36630.2,2018-09-04 10:07:48
2018-09-04 10:30:00,24.6,62.0,23.8,61.0,1011.8,826.5,5.0,8.6,15.9,23.8,0.0,54325.7,2018-09-04 10:37:48
2018-09-04 11:00:00,25.0,54.0,25.4,50.0,1011.7,826.4,7.2,13.3,14.3,25.0,0.0,44117.3,2018-09-04 11:07:48
2018-09-04 11:30:00,25.1,62.0,23.6,69.0,1011.2,825.9,3.6,6.1,17.6,23.6,0.0,26844.8,2018-09-04 11:37:48
2018-09-04 12:00:00,25.0,59.0,22.7,61.0,1011.1,825.8,5.0,9.7,14.8,22.7,0.0,20983.9,2018-09-04 12:07:48
2018-09-04 12:30:00,24.9,62.0,21.2,77.0,1010.7,825.4,7.2,11.2,17.0,20.6,0.0,5966.0,2018-09-04 12:37:48
2018-09-04 13:00:00,24.5,64.0,18.5,85.0,1010.6,825.3,0.0,1.1,16.0,18.5,0.9,9386.0,2018-09-04 13:07:48
2018-09-04 13:30:00,24.1,65.0,18.9,84.0,1009.8,824.5,1.1,2.5,16.2,18.9,1.2,10817.8,2018-09-04 13:37:48
2018-09-04 14:00:00,24.0,65.0,20.1,79.0,1009.4,824.1,3.6,5.0,16.4,20.1,0.0,15165.3,2018-09-04 14:07:48
2018-09-04 14:30:00,23.9,68.0,20.6,79.0,1009.4,824.1,3.6,6.1,16.9,20.6,0.0,11903.5,2018-09-04 14:37:48
2018-09-04 15:00:00,23.9,68.0,20.5,73.0,1009.0,823.7,1.1,2.5,15.5,20.5,0.3,14220.6,2018-09-04 15:07:48
2018-09-04 15:30:00,23.8,67.0,20.6,76.0,1009.0,823.7,5.0,6.1,16.2,20.6,0.3,12171.4,2018-09-04 15:37:48
2018-09-04 16:00:00,23.8,66.0,20.5,73.0,1009.1,823.8,2.5,6.1,15.5,20.5,0.0,8408.0,2018-09-04 16:07:48
2018-09-04 16:30:00,23.6,65.0,20.6,75.0,1009.1,823.8,2.5,3.6,16.0,20.6,0.0,5996.0,2018-09-04 16:37:48
2018-09-04 17:00:00,23.2,65.0,19.7,81.0,1009.2,823.9,5.0,7.2,16.4,19.7,0.0,3962.0,2018-09-04 17:07:48
2018-09-04 17:30:00,23.0,66.0,19.1,81.0,1009.2,823.9,5.0,8.6,15.8,19.1,0.0,1410.7,2018-09-04 17:37:48
2018-09-04 18:00:00,22.9,67.0,18.4,86.0,1009.5,824.2,6.1,9.7,16.0,18.4,0.0,90.0,2018-09-04 18:07:48
2018-09-04 18:30:00,22.6,68.0,18.2,87.0,1009.7,824.4,1.1,2.5,16.0,18.2,0.0,0.0,2018-09-04 18:37:48
2018-09-04 19:00:00,22.5,68.0,18.3,85.0,1010.1,824.8,2.5,3.6,15.8,18.3,0.0,0.0,2018-09-04 19:07:48
2018-09-04 19:30:00,22.5,68.0,17.7,86.0,1010.1,824.8,2.5,3.6,15.3,17.7,0.0,0.0,2018-09-04 19:37:48
2018-09-04 20:00:00,22.5,68.0,17.7,85.0,1010.7,825.4,2.5,3.6,15.2,17.7,0.0,0.0,2018-09-04 20:07:48
2018-09-04 20:30:00,22.4,68.0,17.8,84.0,1010.6,825.3,5.0,6.1,15.1,17.8,0.0,0.0,2018-09-04 20:37:48
2018-09-04 21:00:00,22.3,68.0,17.1,83.0,1010.7,825.4,5.0,7.2,14.2,17.1,0.0,0.0,2018-09-04 21:07:48
2018-09-04 21:30:00,22.1,67.0,17.3,85.0,1010.8,825.5,5.0,6.1,14.8,17.3,0.0,0.0,2018-09-04 21:37:48
2018-09-04 22:00:00,22.0,66.0,17.0,85.0,1010.8,825.5,1.1,2.5,14.5,17.0,0.0,0.0,2018-09-04 22:07:48
2018-09-04 22:30:00,22.0,67.0,16.5,88.0,1011.0,825.7,1.1,2.5,14.5,16.5,0.0,0.0,2018-09-04 22:37:48
2018-09-04 23:00:00,21.8,67.0,16.5,88.0,1011.3,826.0,0.0,1.1,14.5,16.5,0.0,0.0,2018-09-04 23:07:48
2018-09-04 23:30:00,21.8,66.0,17.0,85.0,1011.2,825.9,3.6,5.0,14.5,17.0,0.0,0.0,2018-09-04 23:37:48
2018-09-05 00:00:00,21.8,66.0,16.8,85.0,1010.8,825.5,5.0,7.2,14.3,16.8,0.0,0.0,2018-09-05 00:07:48
2018-09-05 00:30:00,21.7,66.0,16.7,87.0,1010.3,825.0,6.1,8.6,14.5,16.7,0.0,0.0,2018-09-05 00:37:48
2018-09-05 01:00:00,21.6,67.0,16.7,88.0,1009.9,824.6,1.1,2.5,14.7,16.7,0.0,0.0,2018-09-05 01:07:48
2018-09-05 01:30:00,21.6,67.0,16.8,89.0,1009.8,824.5,7.2,11.2,15.0,16.0,0.0,0.0,2018-09-05 01:37:48
2018-09-05 02:00:00,21.5,68.0,16.6,89.0,1009.7,824.4,5.0,7.2,14.8,16.6,0.0,0.0,2018-09-05 02:07:48
2018-09-05 02:30:00,21.4,68.0,16.6,89.0,1009.6,824.3,5.0,8.6,14.8,16.6,0.0,0.0,2018-09-05 02:37:48
2018-09-05 03:00:00,21.4,68.0,16.7,88.0,1009.7,824.4,1.1,3.6,14.7,16.7,0.0,0.0,2018-09-05 03:07:48
2018-09-05 03:30:00,21.4,68.0,16.6,89.0,1009.7,824.4,1.1,2.5,14.8,16.6,0.0,0.0,2018-09-05 03:37:48
2018-09-05 04:00:00,21.3,68.0,16.5,89.0,1009.7,824.4,2.5,3.6,14.7,16.5,0.0,0.0,2018-09-05 04:07:48
2018-09-05 04:30:00,21.2,68.0,16.3,90.0,1009.6,824.3,0.0,1.1,14.7,16.3,0.0,0.0,2018-09-05 04:37:48
2018-09-05 05:00:00,21.2,68.0,16.0,90.0,1010.0,824.7,0.0,1.1,14.4,16.0,0.0,0.0,2018-09-05 05:07:48
2018-09-05 05:30:00,21.2,68.0,15.6,92.0,1010.2,824.9,0.0,0.0,14.3,15.6,0.0,0.0,2018-09-05 05:37:48
2018-09-05 06:00:00,21.1,68.0,15.7,93.0,1010.2,824.9,1.1,2.5,14.6,15.7,0.0,911.2,2018-09-05 06:07:48
2018-09-05 06:30:00,21.1,68.0,16.5,90.0,1011.0,825.7,0.0,1.1,14.9,16.5,0.0,5114.0,2018-09-05 06:37:48
2018-09-05 07:00:00,21.2,68.0,20.3,81.0,1011.2,825.9,1.1,2.5,17.0,20.3,0.0,15029.0,2018-09-05 07:07:48
2018-09-05 07:30:00,21.3,68.0,19.6,74.0,1011.6,826.3,2.5,3.6,14.9,19.6,0.0,9356.0,2018-09-05 07:37:48
2018-09-05 08:00:00,21.4,69.0,19.6,77.0,1011.8,826.5,0.0,1.1,15.5,19.6,0.0,12025.7,2018-09-05 08:07:48
2018-09-05 08:30:00,22.0,68.0,25.6,54.0,1012.0,826.7,2.5,5.0,15.6,25.6,0.0,39149.4,2018-09-05 08:37:48
2018-09-05 09:00:00,22.5,66.0,23.8,58.0,1012.2,826.9,5.0,7.2,15.1,23.8,0.0,20053.3,2018-09-05 09:07:48
2018-09-05 09:30:00,22.9,66.0,21.1,70.0,1012.1,826.8,3.6,6.1,15.4,21.1,0.0,28879.9,2018-09-05 09:37:48
2018-09-05 10:00:00,23.4,65.0,20.6,72.0,1011.9,826.6,6.1,9.7,15.4,20.6,0.0,18079.3,2018-09-05 10:07:48
2018-09-05 10:30:00,23.3,66.0,21.1,72.0,1011.6,826.3,2.5,5.0,15.9,21.1,0.0,20946.3,2018-09-05 10:37:48
2018-09-05 11:00:00,23.6,65.0,22.1,68.0,1011.7,826.4,2.5,6.1,15.9,22.1,0.0,19005.2,2018-09-05 11:07:48
2018-09-05 11:30:00,23.7,65.0,21.4,70.0,1011.2,825.9,5.0,7.2,15.7,21.4,0.0,18140.4,2018-09-05 11:37:48
2018-09-05 12:00:00,23.6,64.0,22.1,68.0,1010.9,825.6,2.5,5.0,15.9,22.1,0.0,15804.5,2018-09-05 12:07:48
2018-09-05 12:30:00,23.8,65.0,22.5,66.0,1010.5,825.2,1.1,2.5,15.9,22.5,0.0,27046.9,2018-09-05 12:37:48
2018-09-05 13:00:00,23.9,64.0,23.0,63.0,1010.2,824.9,5.0,7.2,15.6,23.0,0.0,56558.2,2018-09-05 13:07:48
2018-09-05 13:30:00,24.5,62.0,23.7,60.0,1009.9,824.6,9.7,13.3,15.5,22.7,0.0,17910.1,2018-09-05 13:37:48
2018-09-05 14:00:00,24.3,61.0,23.3,61.0,1009.8,824.5,7.2,9.7,15.4,22.8,0.0,21985.0,2018-09-05 14:07:48
2018-09-05 14:30:00,24.6,61.0,21.8,65.0,1009.4,824.1,7.2,11.2,15.0,21.3,0.0,12124.4,2018-09-05 14:37:48
2018-09-05 15:00:00,24.4,62.0,19.8,80.0,1009.5,824.2,7.2,11.2,16.3,19.2,0.3,3206.0,2018-09-05 15:07:48
2018-09-05 15:30:00,24.1,64.0,18.4,85.0,1009.4,824.1,1.1,2.5,15.9,18.4,1.2,6908.0,2018-09-05 15:37:48
2018-09-05 16:00:00,24.0,66.0,19.4,86.0,1009.1,823.8,1.1,2.5,17.0,19.4,0.0,14089.0,2018-09-05 16:07:48
2018-09-05 16:30:00,23.9,68.0,19.4,84.0,1009.3,824.0,1.1,2.5,16.6,19.4,0.0,5210.0,2018-09-05 16:37:48
2018-09-05 17:00:00,23.8,68.0,19.1,85.0,1008.9,823.6,2.5,6.1,16.5,19.1,0.0,4346.0,2018-09-05 17:07:48
2018-09-05 17:30:00,23.4,67.0,18.7,84.0,1009.7,824.4,1.1,5.0,16.0,18.7,0.0,2738.0,2018-09-05 17:37:48
2018-09-05 18:00:00,23.2,66.0,18.0,85.0,1009.8,824.5,1.1,2.5,15.5,18.0,0.0,0.0,2018-09-05 18:07:48
2018-09-05 18:30:00,23.0,66.0,17.3,85.0,1010.0,824.7,1.1,3.6,14.8,17.3,0.0,0.0,2018-09-05 18:37:48
2018-09-05 19:00:00,22.8,65.0,17.4,85.0,1010.4,825.1,2.5,3.6,14.9,17.4,0.0,0.0,2018-09-05 19:07:48
2018-09-05 19:30:00,22.6,65.0,17.5,84.0,1010.8,825.5,1.1,2.5,14.8,17.5,0.0,0.0,2018-09-05 19:37:48
2018-09-05 20:00:00,22.5,65.0,17.3,84.0,1011.4,826.1,1.1,3.6,14.6,17.3,0.0,0.0,2018-09-05 20:07:48
2018-09-05 20:30:00,22.3,65.0,17.2,85.0,1011.5,826.2,2.5,3.6,14.7,17.2,0.0,0.0,2018-09-05 20:37:48
2018-09-05 21:00:00,22.2,65.0,17.2,84.0,1011.9,826.6,1.1,2.5,14.5,17.2,0.0,0.0,2018-09-05 21:07:48
2018-09-05 21:30:00,22.0,66.0,17.3,86.0,1012.2,826.9,1.1,2.5,15.0,17.3,0.0,0.0,2018-09-05 21:37:48
2018-09-05 22:00:00,22.0,67.0,17.0,88.0,1012.6,827.3,5.0,7.2,15.0,17.0,0.0,0.0,2018-09-05 22:07:48
2018-09-05 22:30:00,22.0,67.0,16.8,91.0,1012.2,826.9,2.5,3.6,15.3,16.8,0.0,0.0,2018-09-05 22:37:48
2018-09-05 23:00:00,21.8,69.0,16.3,92.0,1012.5,827.2,1.1,2.5,15.0,16.3,0.0,0.0,2018-09-05 23:07:48
2018-09-05 23:30:00,21.8,69.0,16.3,94.0,1012.5,827.2,0.0,2.5,15.4,16.3,0.3,0.0,2018-09-05 23:37:48
2018-09-06 00:00:00,21.8,69.0,16.3,95.0,1012.3,827.0,0.0,0.0,15.5,16.3,0.0,0.0,2018-09-06 00:07:48
2018-09-06 00:30:00,21.7,70.0,16.2,93.0,1012.3,827.0,1.1,2.5,15.1,16.2,0.0,0.0,2018-09-06 00:37:48
2018-09-06 01:00:00,21.6,69.0,16.1,92.0,1011.9,826.6,0.0,2.5,14.8,16.1,0.0,0.0,2018-09-06 01:07:48
2018-09-06 01:30:00,21.5,69.0,16.1,93.0,1011.5,826.2,6.1,7.2,15.0,16.1,0.0,0.0,2018-09-06 01:37:48
2018-09-06 02:00:00,21.3,69.0,15.9,93.0,1011.2,825.9,3.6,8.6,14.8,15.9,0.0,0.0,2018-09-06 02:07:48
2018-09-06 02:30:00,21.3,69.0,15.9,91.0,1011.0,825.7,6.1,8.6,14.5,15.9,0.0,0.0,2018-09-06 02:37:48
2018-09-06 03:00:00,21.2,68.0,15.9,91.0,1010.8,825.5,6.1,11.2,14.5,15.9,0.0,0.0,2018-09-06 03:07:48
2018-09-06 03:30:00,21.2,68.0,15.8,90.0,1010.9,825.6,2.5,6.1,14.2,15.8,0.0,0.0,2018-09-06 03:37:48
2018-09-06 04:00:00,21.1,68.0,15.6,93.0,1011.0,825.7,3.6,6.1,14.5,15.6,0.0,0.0,2018-09-06 04:07:48
2018-09-06 04:30:00,21.1,68.0,15.5,92.0,1011.0,825.7,5.0,7.2,14.2,15.5,0.0,0.0,2018-09-06 04:37:48
2018-09-06 05:00:00,21.0,68.0,15.3,93.0,1011.4,826.1,3.6,5.0,14.2,15.3,0.0,0.0,2018-09-06 05:07:48
2018-09-06 05:30:00,21.0,68.0,15.4,92.0,1011.5,826.2,1.1,2.5,14.1,15.4,0.0,0.0,2018-09-06 05:37:48
2018-09-06 06:00:00,20.9,68.0,15.3,92.0,1011.9,826.6,0.0,1.1,14.0,15.3,0.0,480.0,2018-09-06 06:07:48
2018-09-06 06:30:00,20.9,69.0,15.8,91.0,1012.2,826.9,1.1,3.6,14.4,15.8,0.0,4376.0,2018-09-06 06:37:48
2018-09-06 07:00:00,20.9,69.0,17.0,87.0,1012.5,827.2,1.1,2.5,14.8,17.0,0.0,9218.0,2018-09-06 07:07:48
2018-09-06 07:30:00,21.0,68.0,17.5,82.0,1012.6,827.3,5.0,7.2,14.4,17.5,0.0,9632.0,2018-09-06 07:37:48
2018-09-06 08:00:00,21.1,69.0,18.7,79.0,1012.9,827.6,5.0,6.1,15.0,18.7,0.0,19860.6,2018-09-06 08:07:48
2018-09-06 08:30:00,21.6,68.0,21.8,63.0,1013.2,827.9,1.1,5.0,14.5,21.8,0.0,24335.0,2018-09-06 08:37:48
2018-09-06 09:00:00,22.1,64.0,22.1,60.0,1013.4,828.1,2.5,5.0,14.0,22.1,0.0,54156.5,2018-09-06 09:07:48
2018-09-06 09:30:00,22.6,62.0,21.3,64.0,1013.3,828.0,1.1,2.5,14.2,21.3,0.0,23705.2,2018-09-06 09:37:48
2018-09-06 10:00:00,22.9,60.0,21.7,61.0,1013.1,827.8,3.6,7.2,13.9,21.7,0.0,36672.5,2018-09-06 10:07:48
2018-09-06 10:30:00,23.6,59.0,24.7,52.0,1012.7,827.4,1.1,3.6,14.2,24.7,0.0,74897.6,2018-09-06 10:37:48
2018-09-06 11:00:00,24.4,57.0,24.4,56.0,1012.7,827.4,6.1,9.7,15.1,24.4,0.0,31041.9,2018-09-06 11:07:48
2018-09-06 11:30:00,24.7,63.0,23.3,67.0,1012.3,827.0,3.6,7.2,16.9,23.3,0.0,22563.1,2018-09-06 11:37:48
2018-09-06 12:00:00,24.5,64.0,22.9,69.0,1012.0,826.7,7.2,9.7,16.9,22.4,0.0,22807.5,2018-09-06 12:07:48
2018-09-06 12:30:00,24.4,64.0,22.9,68.0,1011.6,826.3,5.0,9.7,16.7,22.9,0.0,19766.6,2018-09-06 12:37:48
2018-09-06 13:00:00,24.5,64.0,22.9,68.0,1011.3,826.0,3.6,7.2,16.7,22.9,0.0,24396.1,2018-09-06 13:07:48
2018-09-06 13:30:00,24.5,64.0,23.7,61.0,1010.8,825.5,5.0,7.2,15.8,23.7,0.0,17294.4,2018-09-06 13:37:48
2018-09-06 14:00:00,24.4,62.0,21.8,69.0,1010.6,825.3,2.5,5.0,15.9,21.8,0.0,18225.0,2018-09-06 14:07:48
2018-09-06 14:30:00,24.2,64.0,21.8,72.0,1010.1,824.8,5.0,7.2,16.6,21.8,0.0,12589.7,2018-09-06 14:37:48
2018-09-06 15:00:00,,,,,,,,,,,,,
2018-09-06 15:30:00,,,,,,,,,,,,,
2018-09-06 16:00:00,24.6,64.0,22.0,70.0,1010.5,825.2,3.6,5.0,16.3,22.0,0.0,23084.8,2018-09-06 15:46:42
2018-09-06 16:30:00,24.6,66.0,21.5,78.0,1010.2,824.9,3.6,7.2,17.5,21.5,0.0,27126.8,2018-09-06 16:16:42
2018-09-06 17:00:00,24.5,66.0,21.6,76.0,1010.1,824.8,5.0,7.2,17.2,21.6,0.0,16392.0,2018-09-06 16:46:42
2018-09-06 17:30:00,24.5,64.0,21.8,70.0,1010.0,824.7,1.1,3.6,16.1,21.8,0.0,8138.0,2018-09-06 17:16:42
2018-09-06 18:00:00,24.3,64.0,21.1,73.0,1009.6,824.3,2.5,3.6,16.1,21.1,0.0,5540.0,2018-09-06 17:46:42
2018-09-06 18:30:00,24.4,65.0,22.3,69.0,1010.1,824.8,1.1,2.5,16.4,22.3,0.0,3134.0,2018-09-06 18:16:42
2018-09-06 19:00:00,24.2,64.0,20.2,76.0,1010.2,824.9,1.1,2.5,15.9,20.2,0.0,142.5,2018-09-06 18:46:42
2018-09-06 19:30:00,24.0,64.0,18.8,82.0,1010.9,825.6,0.0,1.1,15.7,18.8,0.0,0.0,2018-09-06 19:16:42
2018-09-06 20:00:00,23.6,65.0,18.4,83.0,1010.8,825.5,2.5,6.1,15.5,18.4,0.0,0.0,2018-09-06 19:46:42
2018-09-06 20:30:00,23.1,65.0,18.2,84.0,1011.3,826.0,3.6,5.0,15.5,18.2,0.0,0.0,2018-09-06 20:16:42
2018-09-06 21:00:00,22.9,65.0,18.3,84.0,1011.2,825.9,1.1,3.6,15.6,18.3,0.0,0.0,2018-09-06 20:46:42
2018-09-06 21:30:00,22.6,66.0,18.3,86.0,1011.6,826.3,2.5,2.5,15.9,18.3,0.0,0.0,2018-09-06 21:16:42
2018-09-06 22:00:00,22.5,67.0,18.4,85.0,1011.9,826.6,0.0,1.1,15.9,18.4,0.0,0.0,2018-09-06 21:46:42
2018-09-06 22:30:00,22.6,67.0,18.2,85.0,1011.9,826.6,2.5,2.5,15.7,18.2,0.0,0.0,2018-09-06 22:16:42
2018-09-06 23:00:00,22.5,67.0,18.2,85.0,1012.3,827.0,1.1,3.6,15.7,18.2,0.0,0.0,2018-09-06 22:46:42
2018-09-06 23:30:00,22.5,67.0,18.0,87.0,1012.5,827.2,0.0,1.1,15.8,18.0,0.3,0.0,2018-09-06 23:16:42
2018-09-07 00:00:00,22.4,68.0,17.5,90.0,1012.2,826.9,0.0,0.0,15.9,17.5,0.6,0.0,2018-09-06 23:46:42
2018-09-07 00:30:00,22.3,69.0,17.3,91.0,1012.5,827.2,0.0,2.5,15.8,17.3,0.0,0.0,2018-09-07 00:16:42
2018-09-07 01:00:00,22.2,69.0,17.0,92.0,1012.4,827.1,0.0,1.1,15.7,17.0,0.0,0.0,2018-09-07 00:46:42
2018-09-07 01:30:00,22.2,70.0,16.7,94.0,1011.9,826.6,0.0,1.1,15.7,16.7,0.0,0.0,2018-09-07 01:16:42
2018-09-07 02:00:00,22.1,70.0,16.5,96.0,1011.8,826.5,0.0,0.0,15.9,16.5,0.0,0.0,2018-09-07 01:46:42
2018-09-07 02:30:00,22.1,70.0,16.5,96.0,1011.7,826.4,1.1,3.6,15.9,16.5,0.0,0.0,2018-09-07 02:16:42
2018-09-07 03:00:00,22.0,70.0,16.1,96.0,1011.2,825.9,0.0,0.0,15.5,16.1,0.0,0.0,2018-09-07 02:46:42
2018-09-07 03:30:00,21.9,71.0,16.3,97.0,1011.1,825.8,0.0,0.0,15.8,16.3,0.0,0.0,2018-09-07 03:16:42
2018-09-07 04:00:00,21.9,70.0,16.4,97.0,1011.0,825.7,0.0,0.0,15.9,16.4,0.0,0.0,2018-09-07 03:46:42
2018-09-07 04:30:00,21.8,70.0,16.6,96.0,1011.2,825.9,6.1,8.6,16.0,16.6,0.0,0.0,2018-09-07 04:16:42
2018-09-07 05:00:00,21.7,70.0,16.5,94.0,1011.3,826.0,5.0,7.2,15.6,16.5,0.0,0.0,2018-09-07 04:46:42
2018-09-07 05:30:00,21.6,70.0,16.0,94.0,1011.4,826.1,2.5,3.6,15.1,16.0,0.0,0.0,2018-09-07 05:16:42
2018-09-07 06:00:00,21.5,70.0,16.1,93.0,1011.6,826.3,0.0,2.5,15.0,16.1,0.0,0.0,2018-09-07 05:46:42
2018-09-07 06:30:00,21.5,70.0,15.9,94.0,1011.7,826.4,2.5,5.0,15.0,15.9,0.0,0.0,2018-09-07 06:16:42
2018-09-07 07:00:00,21.4,69.0,15.7,94.0,1012.0,826.7,6.1,8.6,14.8,15.7,0.0,112.5,2018-09-07 06:46:42
2018-09-07 07:30:00,21.3,69.0,15.6,94.0,1012.2,826.9,6.1,7.2,14.7,15.6,0.0,1647.0,2018-09-07 07:16:42
2018-09-07 08:00:00,21.3,69.0,16.8,92.0,1012.4,827.1,0.0,1.1,15.5,16.8,0.0,9404.0,2018-09-07 07:46:42
2018-09-07 08:30:00,21.3,69.0,18.6,82.0,1012.9,827.6,1.1,2.5,15.5,18.6,0.0,12758.9,2018-09-07 08:16:42
2018-09-07 09:00:00,21.5,70.0,18.3,82.0,1013.1,827.8,0.0,3.6,15.2,18.3,0.0,12791.8,2018-09-07 08:46:42
2018-09-07 09:30:00,21.8,69.0,19.5,78.0,1013.2,827.9,1.1,3.6,15.6,19.5,0.0,17181.6,2018-09-07 09:16:42
2018-09-07 10:00:00,22.0,70.0,20.9,75.0,1013.5,828.2,1.1,2.5,16.3,20.9,0.0,32489.5,2018-09-07 09:46:42
2018-09-07 10:30:00,22.4,70.0,20.6,75.0,1013.6,828.3,5.0,7.2,16.0,20.6,0.0,25726.2,2018-09-07 10:16:42
2018-09-07 11:00:00,22.6,68.0,21.1,72.0,1013.8,828.5,6.1,7.2,15.9,21.1,0.3,24010.7,2018-09-07 10:46:42
2018-09-07 11:30:00,23.0,68.0,21.6,72.0,1013.5,828.2,6.1,9.7,16.4,21.6,0.0,23705.2,2018-09-07 11:16:42
2018-09-07 12:00:00,23.3,69.0,23.2,69.0,1013.3,828.0,5.0,9.7,17.2,23.2,0.0,40174.0,2018-09-07 11:46:42
2018-09-07 12:30:00,23.9,66.0,21.7,69.0,1013.0,827.7,11.2,14.8,15.8,20.1,0.0,16063.0,2018-09-07 12:16:42
2018-09-07 13:00:00,23.7,67.0,22.0,70.0,1012.8,827.5,8.6,11.2,16.3,21.0,0.0,29406.3,2018-09-07 12:46:42
2018-09-07 13:30:00,23.8,66.0,19.5,81.0,1012.5,827.2,6.1,9.7,16.2,19.5,1.2,11062.2,2018-09-07 13:16:42
2018-09-07 14:00:00,23.4,69.0,20.3,84.0,1012.0,826.7,6.1,8.6,17.5,20.3,2.1,23094.2,2018-09-07 13:46:42
2018-09-07 14:30:00,23.6,70.0,21.5,75.0,1011.3,826.0,2.5,5.0,16.9,21.5,0.0,22036.7,2018-09-07 14:16:42
2018-09-07 15:00:00,23.8,69.0,22.6,67.0,1011.0,825.7,7.2,8.6,16.2,22.1,0.0,16913.7,2018-09-07 14:46:42
2018-09-07 15:30:00,24.2,65.0,24.4,63.0,1010.3,825.0,5.0,6.1,16.9,24.4,0.0,25857.8,2018-09-07 15:16:42
2018-09-07 16:00:00,24.5,64.0,20.8,77.0,1010.4,825.1,8.6,9.7,16.6,19.7,0.3,14197.1,2018-09-07 15:46:42
2018-09-07 16:30:00,24.1,67.0,20.4,79.0,1010.2,824.9,2.5,3.6,16.7,20.4,0.0,8384.0,2018-09-07 16:16:42
2018-09-07 17:00:00,23.9,69.0,20.4,81.0,1010.1,824.8,3.6,5.0,17.1,20.4,0.0,8468.0,2018-09-07 16:46:42
2018-09-07 17:30:00,23.7,71.0,20.7,78.0,1010.1,824.8,2.5,6.1,16.8,20.7,0.0,7862.0,2018-09-07 17:16:42
2018-09-07 18:00:00,23.4,68.0,20.1,77.0,1010.1,824.8,2.5,5.0,16.0,20.1,0.0,5954.0,2018-09-07 17:46:42
2018-09-07 18:30:00,23.3,65.0,18.8,79.0,1010.2,824.9,2.5,3.6,15.1,18.8,0.0,3854.0,2018-09-07 18:16:42
2018-09-07 19:00:00,23.0,65.0,18.3,81.0,1010.7,825.4,1.1,3.6,15.0,18.3,0.0,573.7,2018-09-07 18:46:42
2018-09-07 19:30:00,23.2,64.0,17.8,81.0,1011.2,825.9,2.5,5.0,14.5,17.8,0.0,0.0,2018-09-07 19:16:42
2018-09-07 20:00:00,22.6,65.0,16.8,87.0,1011.4,826.1,0.0,1.1,14.6,16.8,0.9,0.0,2018-09-07 19:46:42
2018-09-07 20:30:00,22.4,67.0,16.3,91.0,1011.6,826.3,1.1,2.5,14.8,16.3,0.0,0.0,2018-09-07 20:16:42
2018-09-07 21:00:00,22.3,68.0,16.4,92.0,1011.9,826.6,1.1,2.5,15.1,16.4,0.0,0.0,2018-09-07 20:46:42
2018-09-07 21:30:00,22.1,68.0,16.6,94.0,1012.6,827.3,1.1,2.5,15.7,16.6,0.3,0.0,2018-09-07 21:16:42
2018-09-07 22:00:00,22.0,69.0,16.6,94.0,1012.5,827.2,0.0,1.1,15.7,16.6,0.3,0.0,2018-09-07 21:46:42
2018-09-07 22:30:00,21.9,70.0,17.0,94.0,1012.9,827.6,2.5,3.6,16.0,17.0,0.0,0.0,2018-09-07 22:16:42
2018-09-07 23:00:00,21.9,71.0,17.0,94.0,1013.0,827.7,0.0,0.0,16.0,17.0,0.0,0.0,2018-09-07 22:46:42
2018-09-07 23:30:00,21.9,72.0,16.8,95.0,1012.8,827.5,0.0,0.0,16.0,16.8,0.0,0.0,2018-09-07 23:16:42
2018-09-08 00:00:00,21.9,72.0,16.8,96.0,1012.8,827.5,0.0,0.0,16.2,16.8,0.0,0.0,2018-09-07 23:46:42
2018-09-08 00:30:00,21.8,72.0,16.7,96.0,1012.6,827.3,0.0,0.0,16.1,16.7,0.0,0.0,2018-09-08 00:16:42
2018-09-08 01:00:00,21.7,72.0,16.6,97.0,1012.4,827.1,2.5,3.6,16.1,16.6,0.0,0.0,2018-09-08 00:46:42
2018-09-08 01:30:00,21.7,72.0,16.5,98.0,1011.9,826.6,0.0,2.5,16.2,16.5,0.0,0.0,2018-09-08 01:16:42
2018-09-08 02:00:00,21.6,73.0,16.4,98.0,1012.2,826.9,0.0,0.0,16.1,16.4,0.0,0.0,2018-09-08 01:46:42
2018-09-08 02:30:00,21.6,73.0,16.2,98.0,1011.6,826.3,0.0,2.5,15.9,16.2,0.0,0.0,2018-09-08 02:16:42
2018-09-08 03:00:00,21.5,73.0,16.2,98.0,1011.7,826.4,0.0,1.1,15.9,16.2,0.0,0.0,2018-09-08 02:46:42
2018-09-08 03:30:00,21.5,73.0,16.4,98.0,1011.5,826.2,0.0,0.0,16.1,16.4,0.0,0.0,2018-09-08 03:16:42
2018-09-08 04:00:00,21.4,73.0,16.2,98.0,1011.4,826.1,0.0,0.0,15.9,16.2,0.0,0.0,2018-09-08 03:46:42
2018-09-08 04:30:00,21.4,73.0,16.0,98.0,1011.3,826.0,0.0,0.0,15.7,16.0,0.0,0.0,2018-09-08 04:16:42
2018-09-08 05:00:00,21.4,73.0,16.0,98.0,1011.1,825.8,0.0,1.1,15.7,16.0,0.0,0.0,2018-09-08 04:46:42
2018-09-08 05:30:00,21.3,72.0,15.9,99.0,1011.1,825.8,0.0,1.1,15.8,15.9,0.0,0.0,2018-09-08 05:16:42
2018-09-08 06:00:00,21.2,72.0,15.9,98.0,1011.4,826.1,1.1,5.0,15.6,15.9,0.0,0.0,2018-09-08 05:46:42
2018-09-08 06:30:00,21.1,72.0,15.7,98.0,1011.4,826.1,9.7,14.8,15.4,13.8,0.0,0.0,2018-09-08 06:16:42
2018-09-08 07:00:00,21.0,71.0,15.5,97.0,1011.8,826.5,1.1,2.5,15.0,15.5,0.0,127.5,2018-09-08 06:46:42
2018-09-08 07:30:00,21.0,71.0,15.4,97.0,1012.1,826.8,2.5,3.6,14.9,15.4,0.0,1370.2,2018-09-08 07:16:42
2018-09-08 08:00:00,20.9,72.0,15.7,97.0,1012.3,827.0,8.6,11.2,15.2,14.2,0.3,5840.0,2018-09-08 07:46:42
2018-09-08 08:30:00,20.9,72.0,16.5,93.0,1012.6,827.3,1.1,3.6,15.4,16.5,0.0,8594.0,2018-09-08 08:16:42
2018-09-08 09:00:00,21.0,71.0,16.6,91.0,1012.7,827.4,7.2,9.7,15.1,15.8,0.0,8852.0,2018-09-08 08:46:42
2018-09-08 09:30:00,21.1,71.0,16.6,91.0,1013.1,827.8,3.6,6.1,15.1,16.6,0.0,6974.0,2018-09-08 09:16:42
2018-09-08 10:00:00,21.5,71.0,17.6,88.0,1013.0,827.7,2.5,3.6,15.6,17.6,0.0,28372.3,2018-09-08 09:46:42
2018-09-08 10:30:00,22.0,69.0,18.8,82.0,1013.2,827.9,6.1,8.6,15.7,18.8,0.0,26055.2,2018-09-08 10:16:42
2018-09-08 11:00:00,22.1,69.0,20.4,73.0,1013.1,827.8,6.1,11.2,15.4,20.4,0.0,31286.3,2018-09-08 10:46:42
2018-09-08 11:30:00,22.5,68.0,21.0,72.0,1013.0,827.7,5.0,7.2,15.8,21.0,0.0,61897.4,2018-09-08 11:16:42
2018-09-08 12:00:00,23.3,66.0,24.0,60.0,1012.6,827.3,3.6,6.1,15.8,24.0,0.0,75367.6,2018-09-08 11:46:42
2018-09-08 12:30:00,24.0,64.0,24.3,62.0,1012.2,826.9,5.0,8.6,16.6,24.3,0.0,31779.8,2018-09-08 12:16:42
2018-09-08 13:00:00,24.3,65.0,22.2,70.0,1011.9,826.6,7.2,11.2,16.5,21.7,0.0,25646.3,2018-09-08 12:46:42
2018-09-08 13:30:00,24.4,64.0,22.6,67.0,1011.5,826.2,5.0,7.2,16.2,22.6,0.0,21533.8,2018-09-08 13:16:42
2018-09-08 14:00:00,24.3,63.0,23.6,60.0,1010.8,825.5,11.2,14.8,15.4,22.3,0.0,26999.9,2018-09-08 13:46:42
2018-09-08 14:30:00,24.6,61.0,25.0,55.0,1010.6,825.3,3.6,6.1,15.4,25.0,0.0,75922.2,2018-09-08 14:16:42
2018-09-08 15:00:00,25.2,59.0,25.2,54.0,1010.4,825.1,9.7,13.3,15.3,24.3,0.0,22845.1,2018-09-08 14:46:42
2018-09-08 15:30:00,24.9,61.0,23.7,62.0,1009.9,824.6,11.2,15.8,16.0,22.4,0.0,27187.9,2018-09-08 15:16:42
2018-09-08 16:00:00,24.9,61.0,24.1,59.0,1009.8,824.5,2.5,5.0,15.6,24.1,0.0,16048.9,2018-09-08 15:46:42
2018-09-08 16:30:00,25.0,60.0,23.7,61.0,1009.7,824.4,5.0,7.2,15.8,23.7,0.0,16025.4,2018-09-08 16:16:42
2018-09-08 17:00:00,25.0,60.0,24.0,62.0,1009.5,824.2,2.5,3.6,16.3,24.0,0.0,9590.0,2018-09-08 16:46:42
2018-09-08 17:30:00,24.8,61.0,21.7,75.0,1009.7,824.4,14.8,19.4,17.1,19.3,3.6,4160.0,2018-09-08 17:16:42
2018-09-08 18:00:00,24.2,65.0,18.9,88.0,1009.4,824.1,2.5,3.6,16.9,18.9,5.1,11851.8,2018-09-08 17:46:42
2018-09-08 18:30:00,23.7,68.0,18.7,83.0,1009.6,824.3,5.0,7.2,15.8,18.7,0.0,5342.0,2018-09-08 18:16:42
2018-09-08 19:00:00,23.4,67.0,17.2,84.0,1009.6,824.3,3.6,6.1,14.5,17.2,0.0,315.0,2018-09-08 18:46:42
2018-09-08 19:30:00,22.9,66.0,17.5,85.0,1009.7,824.4,2.5,5.0,15.0,17.5,0.0,0.0,2018-09-08 19:16:42
2018-09-08 20:00:00,22.6,66.0,17.5,87.0,1009.9,824.6,5.0,6.1,15.3,17.5,0.0,0.0,2018-09-08 19:46:42
2018-09-08 20:30:00,22.5,67.0,17.5,87.0,1010.1,824.8,3.6,6.1,15.3,17.5,0.0,0.0,2018-09-08 20:16:42
2018-09-08 21:00:00,22.3,68.0,17.5,88.0,1010.4,825.1,0.0,1.1,15.5,17.5,0.0,0.0,2018-09-08 20:46:42
2018-09-08 21:30:00,22.2,68.0,17.4,88.0,1011.0,825.7,2.5,5.0,15.4,17.4,0.0,0.0,2018-09-08 21:16:42
2018-09-08 22:00:00,22.1,68.0,17.3,88.0,1011.5,826.2,3.6,5.0,15.3,17.3,0.0,0.0,2018-09-08 21:46:42
2018-09-08 22:30:00,22.0,68.0,17.5,82.0,1011.7,826.4,1.1,2.5,14.4,17.5,0.0,0.0,2018-09-08 22:16:42
2018-09-08 23:00:00,21.9,69.0,17.1,85.0,1011.7,826.4,3.6,5.0,14.6,17.1,0.0,0.0,2018-09-08 22:46:42
2018-09-08 23:30:00,21.8,68.0,17.4,85.0,1012.0,826.7,5.0,7.2,14.9,17.4,0.0,0.0,2018-09-08 23:16:42
2018-09-09 00:00:00,21.7,68.0,17.3,86.0,1011.7,826.4,5.0,6.1,15.0,17.3,0.0,0.0,2018-09-08 23:46:42
2018-09-09 00:30:00,21.6,69.0,17.0,87.0,1011.6,826.3,3.6,5.0,14.8,17.0,0.0,0.0,2018-09-09 00:16:42
2018-09-09 01:00:00,21.5,69.0,16.9,87.0,1011.2,825.9,2.5,3.6,14.7,16.9,0.0,0.0,2018-09-09 00:46:42
2018-09-09 01:30:00,21.4,69.0,16.7,88.0,1010.8,825.5,0.0,1.1,14.7,16.7,0.0,0.0,2018-09-09 01:16:42
2018-09-09 02:00:00,21.3,68.0,16.5,88.0,1010.5,825.2,3.6,6.1,14.5,16.5,0.0,0.0,2018-09-09 01:46:42
2018-09-09 02:30:00,21.3,68.0,16.6,86.0,1010.5,825.2,1.1,2.5,14.3,16.6,0.0,0.0,2018-09-09 02:16:42
2018-09-09 03:00:00,21.3,68.0,16.7,87.0,1010.4,825.1,0.0,1.1,14.5,16.7,0.0,0.0,2018-09-09 02:46:42
2018-09-09 03:30:00,21.3,68.0,16.6,89.0,1010.2,824.9,2.5,3.6,14.8,16.6,0.0,0.0,2018-09-09 03:16:42
2018-09-09 04:00:00,21.2,69.0,16.7,89.0,1010.1,824.8,1.1,2.5,14.9,16.7,0.0,0.0,2018-09-09 03:46:42
2018-09-09 04:30:00,21.2,69.0,16.8,89.0,1010.3,825.0,1.1,2.5,15.0,16.8,0.0,0.0,2018-09-09 04:16:42
2018-09-09 05:00:00,21.2,69.0,16.3,91.0,1010.1,824.8,3.6,5.0,14.8,16.3,0.0,0.0,2018-09-09 04:46:42
2018-09-09 05:30:00,21.2,69.0,16.4,90.0,1010.3,825.0,0.0,0.0,14.8,16.4,0.0,0.0,2018-09-09 05:16:42
2018-09-09 06:00:00,21.1,69.0,16.4,90.0,1010.3,825.0,1.1,2.5,14.8,16.4,0.0,0.0,2018-09-09 05:46:42
2018-09-09 06:30:00,21.0,69.0,16.2,90.0,1010.5,825.2,2.5,3.6,14.6,16.2,0.0,0.0,2018-09-09 06:16:42
2018-09-09 07:00:00,21.0,69.0,16.1,90.0,1010.5,825.2,2.5,3.6,14.5,16.1,0.0,1221.7,2018-09-09 06:46:42
2018-09-09 07:30:00,20.9,70.0,16.9,88.0,1010.8,825.5,2.5,6.1,14.9,16.9,0.0,4646.0,2018-09-09 07:16:42
2018-09-09 08:00:00,20.9,70.0,19.6,81.0,1011.2,825.9,2.5,5.0,16.3,19.6,0.0,11955.2,2018-09-09 07:46:42
2018-09-09 08:30:00,21.0,69.0,24.6,61.0,1011.4,826.1,0.0,1.1,16.6,24.6,0.0,18615.1,2018-09-09 08:16:42
2018-09-09 09:00:00,21.2,69.0,22.7,62.0,1011.8,826.5,5.0,5.0,15.1,22.7,0.0,25044.7,2018-09-09 08:46:42
2018-09-09 09:30:00,21.7,69.0,22.7,65.0,1012.3,827.0,6.1,7.2,15.8,22.7,0.0,37048.5,2018-09-09 09:16:42
2018-09-09 10:00:00,22.2,68.0,23.6,62.0,1012.8,827.5,3.6,6.1,15.9,23.6,0.0,20979.2,2018-09-09 09:46:42
2018-09-09 10:30:00,22.5,68.0,21.3,71.0,1013.0,827.7,6.1,7.2,15.9,21.3,0.0,17280.3,2018-09-09 10:16:42
2018-09-09 11:00:00,22.5,68.0,21.3,74.0,1013.1,827.8,3.6,7.2,16.5,21.3,0.0,23681.7,2018-09-09 10:46:42
2018-09-09 11:30:00,22.9,67.0,23.8,64.0,1012.7,827.4,5.0,6.1,16.6,23.8,0.0,27982.2,2018-09-09 11:16:42
2018-09-09 12:00:00,23.3,66.0,20.5,77.0,1012.7,827.4,3.6,6.1,16.4,20.5,0.0,12956.3,2018-09-09 11:46:42
2018-09-09 12:30:00,23.3,67.0,24.7,61.0,1012.2,826.9,3.6,6.1,16.7,24.7,0.0,16988.9,2018-09-09 12:16:42
2018-09-09 13:00:00,23.8,65.0,22.9,61.0,1011.9,826.6,6.1,8.6,15.0,22.9,0.0,24682.8,2018-09-09 12:46:42
2018-09-09 13:30:00,23.8,63.0,23.7,57.0,1011.8,826.5,11.2,17.3,14.7,22.4,0.0,31775.1,2018-09-09 13:16:42
2018-09-09 14:00:00,24.6,62.0,26.7,52.0,1011.1,825.8,7.2,8.6,16.1,26.4,0.0,35765.4,2018-09-09 13:46:42
2018-09-09 14:30:00,25.1,60.0,23.1,65.0,1010.7,825.4,5.0,12.2,16.2,23.1,0.0,16251.0,2018-09-09 14:16:42
2018-09-09 15:00:00,24.9,62.0,23.3,65.0,1010.4,825.1,11.2,14.8,16.4,21.9,0.0,75334.7,2018-09-09 14:46:42
2018-09-09 15:30:00,25.1,60.0,24.8,53.0,1010.0,824.7,17.3,22.0,14.6,22.8,0.0,62757.5,2018-09-09 15:16:42
2018-09-09 16:00:00,25.5,57.0,25.8,50.0,1009.9,824.6,7.2,14.8,14.6,25.4,0.0,23700.5,2018-09-09 15:46:42
2018-09-09 16:30:00,25.4,56.0,23.6,55.0,1009.8,824.5,5.0,8.6,14.1,23.6,0.0,10202.1,2018-09-09 16:16:42
2018-09-09 17:00:00,25.3,55.0,26.2,45.0,1009.6,824.3,5.0,7.2,13.4,26.2,0.0,27888.2,2018-09-09 16:46:42
2018-09-09 17:30:00,25.3,52.0,23.8,54.0,1009.3,824.0,7.2,11.2,14.0,23.3,0.0,19860.6,2018-09-09 17:16:42
2018-09-09 18:00:00,25.2,53.0,25.3,51.0,1009.6,824.3,6.1,8.6,14.5,25.3,0.0,15489.6,2018-09-09 17:46:42
2018-09-09 18:30:00,25.3,54.0,23.4,55.0,1009.6,824.3,3.6,6.1,13.9,23.4,0.0,5558.0,2018-09-09 18:16:42
2018-09-09 19:00:00,25.0,55.0,21.6,64.0,1009.9,824.6,1.1,2.5,14.5,21.6,0.0,330.0,2018-09-09 18:46:42
2018-09-09 19:30:00,24.5,58.0,20.4,72.0,1010.2,824.9,2.5,5.0,15.2,20.4,0.0,0.0,2018-09-09 19:16:42
2018-09-09 20:00:00,24.0,60.0,19.8,74.0,1010.3,825.0,2.5,3.6,15.1,19.8,0.0,0.0,2018-09-09 19:46:42
2018-09-09 20:30:00,23.7,62.0,19.3,77.0,1010.7,825.4,2.5,5.0,15.2,19.3,0.0,0.0,2018-09-09 20:16:42
2018-09-09 21:00:00,23.4,63.0,18.7,80.0,1010.9,825.6,2.5,3.6,15.2,18.7,0.0,0.0,2018-09-09 20:46:42
2018-09-09 21:30:00,23.2,63.0,18.4,81.0,1011.4,826.1,2.5,3.6,15.1,18.4,0.0,0.0,2018-09-09 21:16:42
2018-09-09 22:00:00,22.9,63.0,18.4,82.0,1011.7,826.4,5.0,7.2,15.3,18.4,0.0,0.0,2018-09-09 21:46:42
2018-09-09 22:30:00,22.8,63.0,18.4,82.0,1012.0,826.7,1.1,2.5,15.3,18.4,0.0,0.0,2018-09-09 22:16:42
2018-09-09 23:00:00,22.6,63.0,18.7,81.0,1012.1,826.8,0.0,1.1,15.4,18.7,0.0,0.0,2018-09-09 22:46:42
2018-09-09 23:30:00,22.6,64.0,18.4,82.0,1012.3,827.0,1.1,2.5,15.3,18.4,0.0,0.0,2018-09-09 23:16:42
2018-09-10 00:00:00,22.5,64.0,18.7,82.0,1012.2,826.9,2.5,5.0,15.6,18.7,0.0,0.0,2018-09-09 23:46:42
2018-09-10 00:30:00,22.6,64.0,18.3,83.0,1011.8,826.5,0.0,1.1,15.4,18.3,0.0,0.0,2018-09-10 00:16:42
2018-09-10 01:00:00,22.4,65.0,18.3,81.0,1011.8,826.5,2.5,5.0,15.0,18.3,0.0,0.0,2018-09-10 00:46:42
2018-09-10 01:30:00,22.4,64.0,18.2,81.0,1012.0,826.7,0.0,2.5,14.9,18.2,0.0,0.0,2018-09-10 01:16:42
2018-09-10 02:00:00,22.2,64.0,17.3,81.0,1011.5,826.2,2.5,3.6,14.0,17.3,0.0,0.0,2018-09-10 01:46:42
2018-09-10 02:30:00,22.1,63.0,16.8,84.0,1011.2,825.9,1.1,2.5,14.1,16.8,0.0,0.0,2018-09-10 02:16:42
2018-09-10 03:00:00,22.0,63.0,16.5,87.0,1011.2,825.9,1.1,2.5,14.3,16.5,0.0,0.0,2018-09-10 02:46:42
2018-09-10 03:30:00,21.9,64.0,16.6,88.0,1010.9,825.6,0.0,1.1,14.6,16.6,0.0,0.0,2018-09-10 03:16:42
2018-09-10 04:00:00,21.8,65.0,17.0,88.0,1010.7,825.4,2.5,3.6,15.0,17.0,0.0,0.0,2018-09-10 03:46:42
2018-09-10 04:30:00,21.8,66.0,16.8,85.0,1010.5,825.2,1.1,2.5,14.3,16.8,0.0,0.0,2018-09-10 04:16:42
2018-09-10 05:00:00,21.7,66.0,16.8,81.0,1010.7,825.4,2.5,3.6,13.5,16.8,0.0,0.0,2018-09-10 04:46:42
2018-09-10 05:30:00,21.6,64.0,16.4,83.0,1010.5,825.2,0.0,1.1,13.5,16.4,0.0,0.0,2018-09-10 05:16:42
2018-09-10 06:00:00,21.5,64.0,16.1,82.0,1010.7,825.4,3.6,5.0,13.0,16.1,0.0,0.0,2018-09-10 05:46:42
2018-09-10 06:30:00,21.4,63.0,15.8,88.0,1010.8,825.5,1.1,2.5,13.8,15.8,0.0,0.0,2018-09-10 06:16:42
2018-09-10 07:00:00,21.3,64.0,15.9,88.0,1011.2,825.9,0.0,1.1,13.9,15.9,0.0,857.2,2018-09-10 06:46:42
2018-09-10 07:30:00,21.2,64.0,16.9,81.0,1011.6,826.3,2.5,3.6,13.6,16.9,0.0,3950.0,2018-09-10 07:16:42
2018-09-10 08:00:00,21.3,63.0,19.9,71.0,1011.8,826.5,5.0,6.1,14.5,19.9,0.0,9716.0,2018-09-10 07:46:42
2018-09-10 08:30:00,21.3,63.0,20.6,66.0,1012.1,826.8,7.2,13.3,14.1,20.0,0.0,15964.3,2018-09-10 08:16:42
2018-09-10 09:00:00,21.4,64.0,22.7,59.0,1012.2,826.9,2.5,3.6,14.3,22.7,0.0,24311.5,2018-09-10 08:46:42
2018-09-10 09:30:00,22.0,63.0,23.4,58.0,1012.8,827.5,6.1,8.6,14.7,23.4,0.0,34660.9,2018-09-10 09:16:42
2018-09-10 10:00:00,22.6,62.0,23.6,59.0,1012.9,827.6,7.2,9.7,15.1,23.1,0.0,50626.8,2018-09-10 09:46:42
2018-09-10 10:30:00,23.6,63.0,22.3,66.0,1013.2,827.9,7.2,8.6,15.7,21.8,0.0,15301.6,2018-09-10 10:16:42
2018-09-10 11:00:00,23.6,63.0,21.9,70.0,1013.3,828.0,3.6,5.0,16.2,21.9,0.0,12147.9,2018-09-10 10:46:42
2018-09-10 11:30:00,23.5,65.0,20.8,75.0,1013.1,827.8,3.6,7.2,16.2,20.8,0.0,15785.7,2018-09-10 11:16:42
2018-09-10 12:00:00,23.3,65.0,21.7,73.0,1013.0,827.7,2.5,3.6,16.7,21.7,0.0,18018.2,2018-09-10 11:46:42
2018-09-10 12:30:00,23.7,65.0,23.1,66.0,1012.8,827.5,8.6,9.7,16.4,22.2,0.0,30755.2,2018-09-10 12:16:42
2018-09-10 13:00:00,24.3,63.0,24.6,56.0,1012.5,827.2,6.1,9.7,15.3,24.6,0.0,77515.5,2018-09-10 12:46:42
2018-09-10 13:30:00,25.2,60.0,24.8,54.0,1012.0,826.7,9.7,14.8,14.9,23.9,0.0,31605.9,2018-09-10 13:16:42
2018-09-10 14:00:00,25.2,58.0,23.9,59.0,1011.6,826.3,7.2,11.2,15.4,23.5,0.0,33354.3,2018-09-10 13:46:42
2018-09-10 14:30:00,25.5,57.0,24.7,56.0,1011.4,826.1,6.1,8.6,15.4,24.7,0.0,24118.8,2018-09-10 14:16:42
2018-09-10 15:00:00,25.5,58.0,23.7,63.0,1011.0,825.7,7.2,9.7,16.3,23.2,0.0,57098.7,2018-09-10 14:46:42
2018-09-10 15:30:00,25.5,58.0,24.1,61.0,1010.1,824.8,5.0,7.2,16.1,24.1,0.0,14761.1,2018-09-10 15:16:42
2018-09-10 16:00:00,25.2,58.0,22.5,65.0,1010.1,824.8,3.6,6.1,15.6,22.5,0.0,3758.0,2018-09-10 15:46:42
2018-09-10 16:30:00,24.5,58.0,19.5,77.0,1010.4,825.1,13.3,20.9,15.4,17.0,0.3,2054.0,2018-09-10 16:16:42
2018-09-10 17:00:00,23.7,60.0,18.3,82.0,1010.1,824.8,5.0,8.6,15.2,18.3,0.3,4184.0,2018-09-10 16:46:42
2018-09-10 17:30:00,23.4,63.0,19.8,79.0,1009.6,824.3,0.0,1.1,16.1,19.8,0.0,13261.8,2018-09-10 17:16:42
2018-09-10 18:00:00,23.5,63.0,24.6,65.0,1009.3,824.0,1.1,2.5,17.6,24.6,0.0,14596.6,2018-09-10 17:46:42
2018-09-10 18:30:00,23.6,64.0,21.6,71.0,1009.7,824.4,2.5,3.6,16.1,21.6,0.0,4118.0,2018-09-10 18:16:42
2018-09-10 19:00:00,23.5,64.0,19.8,73.0,1009.5,824.2,2.5,5.0,14.8,19.8,0.0,0.0,2018-09-10 18:46:42
2018-09-10 19:30:00,23.0,64.0,19.2,73.0,1009.4,824.1,2.5,5.0,14.3,19.2,0.0,0.0,2018-09-10 19:16:42
2018-09-10 20:00:00,22.6,62.0,19.0,74.0,1009.8,824.5,0.0,0.0,14.3,19.0,0.0,0.0,2018-09-10 19:46:42
2018-09-10 20:30:00,22.6,63.0,18.2,76.0,1010.2,824.9,1.1,3.6,13.9,18.2,0.0,0.0,2018-09-10 20:16:42
2018-09-10 21:00:00,22.5,62.0,18.0,76.0,1010.8,825.5,2.5,5.0,13.7,18.0,0.0,0.0,2018-09-10 20:46:42
2018-09-10 21:30:00,22.3,61.0,18.3,75.0,1011.1,825.8,0.0,1.1,13.8,18.3,0.0,0.0,2018-09-10 21:16:42
2018-09-10 22:00:00,22.2,61.0,17.7,77.0,1011.5,826.2,2.5,5.0,13.6,17.7,0.0,0.0,2018-09-10 21:46:42
2018-09-10 22:30:00,22.1,61.0,18.1,75.0,1011.6,826.3,2.5,3.6,13.6,18.1,0.0,0.0,2018-09-10 22:16:42
2018-09-10 23:00:00,22.1,61.0,18.4,73.0,1011.9,826.6,1.1,2.5,13.5,18.4,0.0,0.0,2018-09-10 22:46:42
2018-09-10 23:30:00,22.0,61.0,18.1,74.0,1012.3,827.0,1.1,2.5,13.4,18.1,0.0,0.0,2018-09-10 23:16:42
2018-09-11 00:00:00,22.0,61.0,18.1,76.0,1012.1,826.8,0.0,1.1,13.8,18.1,0.0,0.0,2018-09-10 23:46:42
2018-09-11 00:30:00,22.0,61.0,18.0,80.0,1012.1,826.8,0.0,1.1,14.5,18.0,0.0,0.0,2018-09-11 00:16:42
2018-09-11 01:00:00,21.9,63.0,17.9,80.0,1011.7,826.4,2.5,3.6,14.4,17.9,0.0,0.0,2018-09-11 00:46:42
2018-09-11 01:30:00,21.9,64.0,17.8,81.0,1011.4,826.1,1.1,1.1,14.5,17.8,0.0,0.0,2018-09-11 01:16:42
2018-09-11 02:00:00,21.8,65.0,17.3,83.0,1011.3,826.0,0.0,1.1,14.4,17.3,0.0,0.0,2018-09-11 01:46:42
2018-09-11 02:30:00,21.7,65.0,17.2,83.0,1011.3,826.0,2.5,3.6,14.3,17.2,0.0,0.0,2018-09-11 02:16:42
2018-09-11 03:00:00,21.7,65.0,17.2,83.0,1010.8,825.5,5.0,7.2,14.3,17.2,0.0,0.0,2018-09-11 02:46:42
2018-09-11 03:30:00,21.6,66.0,16.9,86.0,1010.7,825.4,0.0,0.0,14.6,16.9,0.0,0.0,2018-09-11 03:16:42
2018-09-11 04:00:00,21.6,66.0,17.1,85.0,1010.8,825.5,1.1,2.5,14.6,17.1,0.0,0.0,2018-09-11 03:46:42
2018-09-11 04:30:00,21.6,66.0,17.4,84.0,1010.7,825.4,0.0,1.1,14.7,17.4,0.0,0.0,2018-09-11 04:16:42
2018-09-11 05:00:00,21.6,67.0,17.0,86.0,1010.5,825.2,3.6,7.2,14.7,17.0,0.0,0.0,2018-09-11 04:46:42
2018-09-11 05:30:00,21.5,67.0,16.8,87.0,1010.7,825.4,2.5,3.6,14.6,16.8,0.0,0.0,2018-09-11 05:16:42
2018-09-11 06:00:00,21.4,67.0,16.3,89.0,1010.8,825.5,0.0,1.1,14.5,16.3,0.0,0.0,2018-09-11 05:46:42
2018-09-11 06:30:00,21.3,67.0,16.2,89.0,1010.9,825.6,2.5,3.6,14.4,16.2,0.0,0.0,2018-09-11 06:16:42
2018-09-11 07:00:00,21.2,67.0,16.1,90.0,1011.2,825.9,0.0,0.0,14.5,16.1,0.0,157.5,2018-09-11 06:46:42
2018-09-11 07:30:00,21.2,68.0,16.3,90.0,1011.5,826.2,2.5,5.0,14.7,16.3,0.0,1728.0,2018-09-11 07:16:42
2018-09-11 08:00:00,21.2,68.0,17.1,88.0,1012.1,826.8,1.1,2.5,15.1,17.1,0.0,4112.0,2018-09-11 07:46:42
2018-09-11 08:30:00,21.3,69.0,17.8,86.0,1012.3,827.0,1.1,2.5,15.4,17.8,0.0,6218.0,2018-09-11 08:16:42
2018-09-11 09:00:00,21.3,70.0,18.0,85.0,1012.6,827.3,0.0,2.5,15.5,18.0,0.0,12241.9,2018-09-11 08:46:42
2018-09-11 09:30:00,21.6,70.0,19.6,81.0,1013.4,828.1,0.0,1.1,16.3,19.6,0.0,11283.1,2018-09-11 09:16:42
2018-09-11 10:00:00,21.7,70.0,18.6,84.0,1013.6,828.3,1.1,2.5,15.9,18.6,0.0,7160.0,2018-09-11 09:46:42
2018-09-11 10:30:00,22.0,68.0,20.8,74.0,1013.9,828.6,2.5,5.0,16.0,20.8,0.0,27686.1,2018-09-11 10:16:42
2018-09-11 11:00:00,22.4,67.0,22.4,66.0,1013.6,828.3,5.0,8.6,15.8,22.4,0.0,38181.2,2018-09-11 10:46:42
2018-09-11 11:30:00,22.8,66.0,21.7,71.0,1013.9,828.6,5.0,8.6,16.2,21.7,0.0,18356.6,2018-09-11 11:16:42
2018-09-11 12:00:00,23.0,68.0,22.0,70.0,1013.3,828.0,7.2,8.6,16.3,21.5,0.0,19132.1,2018-09-11 11:46:42
2018-09-11 12:30:00,23.5,67.0,22.5,68.0,1013.0,827.7,3.6,6.1,16.3,22.5,0.0,16345.0,2018-09-11 12:16:42
2018-09-11 13:00:00,23.6,67.0,22.5,66.0,1012.6,827.3,5.0,8.6,15.9,22.5,0.0,44009.2,2018-09-11 12:46:42
2018-09-11 13:30:00,23.9,66.0,23.4,65.0,1012.5,827.2,7.2,11.2,16.5,22.9,0.0,91117.3,2018-09-11 13:16:42
2018-09-11 14:00:00,24.4,64.0,22.3,69.0,1011.9,826.6,3.6,6.1,16.4,22.3,0.0,9638.0,2018-09-11 13:46:42
2018-09-11 14:30:00,24.1,64.0,20.8,78.0,1011.5,826.2,6.1,8.6,16.8,20.8,0.0,3242.0,2018-09-11 14:16:42
2018-09-11 15:00:00,23.5,64.0,18.2,83.0,1011.0,825.7,2.5,5.0,15.3,18.2,1.2,4898.0,2018-09-11 14:46:42
2018-09-11 15:30:00,23.0,69.0,18.8,93.0,1011.1,825.8,1.1,3.6,17.7,18.8,0.6,20452.8,2018-09-11 15:16:42
2018-09-11 16:00:00,23.4,68.0,22.3,70.0,1010.6,825.3,3.6,6.1,16.6,22.3,0.9,35408.2,2018-09-11 15:46:42
2018-09-11 16:30:00,24.0,64.0,21.9,71.0,1010.6,825.3,3.6,5.0,16.4,21.9,0.0,10911.8,2018-09-11 16:16:42
2018-09-11 17:00:00,24.1,65.0,21.3,70.0,1010.6,825.3,1.1,2.5,15.6,21.3,0.0,12589.7,2018-09-11 16:46:42
2018-09-11 17:30:00,24.0,66.0,20.8,76.0,1010.7,825.4,1.1,2.5,16.4,20.8,0.0,2630.0,2018-09-11 17:16:42
2018-09-11 18:00:00,23.7,68.0,19.6,82.0,1010.3,825.0,1.1,3.6,16.5,19.6,0.0,1343.2,2018-09-11 17:46:42
2018-09-11 18:30:00,23.5,69.0,18.9,87.0,1010.2,824.9,0.0,1.1,16.7,18.9,0.0,3164.0,2018-09-11 18:16:42
2018-09-11 19:00:00,23.3,69.0,18.1,87.0,1010.5,825.2,1.1,2.5,15.9,18.1,0.0,0.0,2018-09-11 18:46:42
2018-09-11 19:30:00,22.9,69.0,17.8,88.0,1011.0,825.7,1.1,3.6,15.8,17.8,0.0,0.0,2018-09-11 19:16:42
2018-09-11 20:00:00,22.6,68.0,17.2,89.0,1011.0,825.7,1.1,2.5,15.4,17.2,0.0,0.0,2018-09-11 19:46:42
2018-09-11 20:30:00,22.4,69.0,17.4,92.0,1010.9,825.6,0.0,1.1,16.1,17.4,0.0,0.0,2018-09-11 20:16:42
2018-09-11 21:00:00,22.3,70.0,17.4,91.0,1011.1,825.8,2.5,3.6,15.9,17.4,0.0,0.0,2018-09-11 20:46:42
2018-09-11 21:30:00,22.2,70.0,17.0,92.0,1011.7,826.4,0.0,0.0,15.7,17.0,0.0,0.0,2018-09-11 21:16:42
2018-09-11 22:00:00,22.1,70.0,16.8,94.0,1012.2,826.9,2.5,3.6,15.8,16.8,0.0,0.0,2018-09-11 21:46:42
2018-09-11 22:30:00,22.0,70.0,17.0,93.0,1012.5,827.2,0.0,0.0,15.9,17.0,0.0,0.0,2018-09-11 22:16:42
2018-09-11 23:00:00,22.0,70.0,16.8,94.0,1012.7,827.4,0.0,1.1,15.8,16.8,0.0,0.0,2018-09-11 22:46:42
2018-09-11 23:30:00,21.9,71.0,16.8,94.0,1012.8,827.5,0.0,0.0,15.8,16.8,0.0,0.0,2018-09-11 23:16:42
2018-09-12 00:00:00,21.8,71.0,16.8,94.0,1012.5,827.2,0.0,0.0,15.8,16.8,0.0,0.0,2018-09-11 23:46:42
2018-09-12 00:30:00,21.8,71.0,16.6,95.0,1012.3,827.0,1.1,2.5,15.8,16.6,0.0,0.0,2018-09-12 00:16:42
2018-09-12 01:00:00,21.7,71.0,16.3,95.0,1011.7,826.4,0.0,2.5,15.5,16.3,0.0,0.0,2018-09-12 00:46:42
2018-09-12 01:30:00,21.5,71.0,16.1,96.0,1011.7,826.4,0.0,1.1,15.5,16.1,0.0,0.0,2018-09-12 01:16:42
2018-09-12 02:00:00,21.4,71.0,15.9,97.0,1011.5,826.2,0.0,1.1,15.4,15.9,0.0,0.0,2018-09-12 01:46:42
2018-09-12 02:30:00,21.4,71.0,15.9,96.0,1011.4,826.1,0.0,0.0,15.3,15.9,0.0,0.0,2018-09-12 02:16:42
2018-09-12 03:00:00,21.3,70.0,16.0,95.0,1011.0,825.7,0.0,0.0,15.2,16.0,0.0,0.0,2018-09-12 02:46:42
2018-09-12 03:30:00,21.3,70.0,16.1,94.0,1010.8,825.5,2.5,3.6,15.2,16.1,0.0,0.0,2018-09-12 03:16:42
2018-09-12 04:00:00,21.3,70.0,16.2,93.0,1010.7,825.4,0.0,0.0,15.1,16.2,0.0,0.0,2018-09-12 03:46:42
2018-09-12 04:30:00,21.2,70.0,16.3,93.0,1010.7,825.4,0.0,1.1,15.2,16.3,0.0,0.0,2018-09-12 04:16:42
2018-09-12 05:00:00,21.2,70.0,16.3,92.0,1010.6,825.3,0.0,0.0,15.0,16.3,0.0,0.0,2018-09-12 04:46:42
2018-09-12 05:30:00,21.2,70.0,16.2,92.0,1011.0,825.7,0.0,2.5,14.9,16.2,0.0,0.0,2018-09-12 05:16:42
2018-09-12 06:00:00,21.2,70.0,16.3,92.0,1010.8,825.5,0.0,0.0,15.0,16.3,0.0,0.0,2018-09-12 05:46:42
2018-09-12 06:30:00,21.1,70.0,16.1,92.0,1011.0,825.7,0.0,0.0,14.8,16.1,0.0,0.0,2018-09-12 06:16:42
2018-09-12 07:00:00,21.1,70.0,16.2,93.0,1011.3,826.0,1.1,2.5,15.1,16.2,0.0,7.5,2018-09-12 06:46:42
2018-09-12 07:30:00,21.1,70.0,16.5,93.0,1011.5,826.2,1.1,3.6,15.4,16.5,0.0,1066.5,2018-09-12 07:16:42
2018-09-12 08:00:00,21.0,71.0,16.8,93.0,1011.8,826.5,0.0,1.1,15.7,16.8,0.0,3794.0,2018-09-12 07:46:42
2018-09-12 08:30:00,21.1,71.0,17.4,91.0,1012.2,826.9,0.0,2.5,15.9,17.4,0.0,5498.0,2018-09-12 08:16:42
2018-09-12 09:00:00,21.1,72.0,17.4,89.0,1012.7,827.4,2.5,5.0,15.6,17.4,0.0,5774.0,2018-09-12 08:46:42
2018-09-12 09:30:00,21.2,74.0,17.1,92.0,1013.1,827.8,0.0,0.0,15.8,17.1,0.0,4268.0,2018-09-12 09:16:42
2018-09-12 10:00:00,21.4,74.0,17.4,93.0,1013.1,827.8,1.1,2.5,16.3,17.4,0.0,6032.0,2018-09-12 09:46:42
2018-09-12 10:30:00,21.6,77.0,17.5,93.0,1013.3,828.0,0.0,1.1,16.4,17.5,4.5,17712.7,2018-09-12 10:16:42
2018-09-12 11:00:00,21.9,76.0,19.5,87.0,1013.2,827.9,3.6,5.0,17.3,19.5,4.5,27432.3,2018-09-12 10:46:42
2018-09-12 11:30:00,22.1,73.0,19.9,83.0,1013.1,827.8,2.5,3.6,17.0,19.9,0.0,12542.7,2018-09-12 11:16:42
2018-09-12 12:00:00,22.2,72.0,20.0,83.0,1013.0,827.7,1.1,3.6,17.0,20.0,0.0,23611.2,2018-09-12 11:46:42
2018-09-12 12:30:00,22.2,72.0,20.3,80.0,1012.8,827.5,2.5,5.0,16.8,20.3,0.0,17092.3,2018-09-12 12:16:42
2018-09-12 13:00:00,22.3,71.0,20.8,78.0,1012.4,827.1,2.5,5.0,16.8,20.8,0.0,27277.2,2018-09-12 12:46:42
2018-09-12 13:30:00,22.5,72.0,22.7,68.0,1012.0,826.7,2.5,5.0,16.5,22.7,0.0,42937.6,2018-09-12 13:16:42
2018-09-12 14:00:00,22.8,71.0,22.1,71.0,1011.5,826.2,9.7,14.8,16.6,20.9,0.0,23559.5,2018-09-12 13:46:42
2018-09-12 14:30:00,23.0,72.0,22.0,71.0,1011.0,825.7,5.0,7.2,16.5,22.0,0.3,25068.2,2018-09-12 14:16:42
2018-09-12 15:00:00,23.3,70.0,26.4,55.0,1010.7,825.4,6.1,9.7,16.7,26.4,0.3,41104.6,2018-09-12 14:46:42
2018-09-12 15:30:00,23.8,69.0,22.5,68.0,1009.7,824.4,2.5,3.6,16.3,22.5,0.0,17050.0,2018-09-12 15:16:42
2018-09-12 16:00:00,23.8,67.0,23.5,67.0,1010.0,824.7,3.6,6.1,17.0,23.5,0.0,30562.5,2018-09-12 15:46:42
2018-09-12 16:30:00,24.1,65.0,24.0,60.0,1009.8,824.5,5.0,7.2,15.8,24.0,0.0,12895.2,2018-09-12 16:16:42
2018-09-12 17:00:00,24.3,64.0,24.1,61.0,1009.7,824.4,5.0,9.7,16.1,24.1,0.0,11400.6,2018-09-12 16:46:42
2018-09-12 17:30:00,24.4,63.0,22.1,66.0,1009.8,824.5,3.6,7.2,15.5,22.1,0.0,3182.0,2018-09-12 17:16:42
2018-09-12 18:00:00,24.0,65.0,20.5,76.0,1009.9,824.6,0.0,2.5,16.1,20.5,0.0,4574.0,2018-09-12 17:46:42
2018-09-12 18:30:00,23.7,68.0,19.4,83.0,1010.0,824.7,0.0,2.5,16.5,19.4,0.3,2264.0,2018-09-12 18:16:42
2018-09-12 19:00:00,23.3,71.0,18.3,90.0,1009.8,824.5,1.1,3.6,16.7,18.3,0.3,30.0,2018-09-12 18:46:42
2018-09-12 19:30:00,22.9,70.0,18.0,91.0,1010.4,825.1,0.0,0.0,16.5,18.0,0.0,0.0,2018-09-12 19:16:42
2018-09-12 20:00:00,22.6,70.0,17.7,90.0,1010.5,825.2,2.5,3.6,16.1,17.7,0.0,0.0,2018-09-12 19:46:42
2018-09-12 20:30:00,22.5,70.0,17.7,89.0,1010.6,825.3,2.5,3.6,15.9,17.7,0.0,0.0,2018-09-12 20:16:42
2018-09-12 21:00:00,22.4,70.0,17.6,90.0,1010.8,825.5,3.6,6.1,16.0,17.6,0.0,0.0,2018-09-12 20:46:42
2018-09-12 21:30:00,22.1,70.0,18.1,84.0,1011.2,825.9,3.6,6.1,15.4,18.1,0.0,0.0,2018-09-12 21:16:42
2018-09-12 22:00:00,22.0,69.0,17.7,87.0,1011.5,826.2,2.5,3.6,15.5,17.7,0.0,0.0,2018-09-12 21:46:42
2018-09-12 22:30:00,21.9,70.0,17.2,86.0,1011.7,826.4,0.0,2.5,14.9,17.2,0.0,0.0,2018-09-12 22:16:42
2018-09-12 23:00:00,21.8,70.0,17.3,87.0,1011.8,826.5,1.1,3.6,15.1,17.3,0.0,0.0,2018-09-12 22:46:42
2018-09-12 23:30:00,21.7,70.0,17.2,89.0,1011.8,826.5,0.0,1.1,15.4,17.2,0.0,0.0,2018-09-12 23:16:42
2018-09-13 00:00:00,21.7,70.0,17.2,91.0,1011.8,826.5,2.5,5.0,15.7,17.2,0.0,0.0,2018-09-12 23:46:42
2018-09-13 00:30:00,21.7,71.0,17.0,94.0,1011.8,826.5,2.5,3.6,16.0,17.0,0.0,0.0,2018-09-13 00:16:42
2018-09-13 01:00:00,21.6,72.0,17.0,94.0,1011.6,826.3,1.1,3.6,16.0,17.0,0.0,0.0,2018-09-13 00:46:42
2018-09-13 01:30:00,21.5,72.0,16.7,96.0,1011.2,825.9,2.5,3.6,16.1,16.7,0.0,0.0,2018-09-13 01:16:42
2018-09-13 02:00:00,21.4,72.0,16.5,97.0,1010.9,825.6,1.1,2.5,16.0,16.5,0.0,0.0,2018-09-13 01:46:42
2018-09-13 02:30:00,21.4,72.0,16.5,96.0,1010.8,825.5,1.1,3.6,15.9,16.5,0.3,0.0,2018-09-13 02:16:42
2018-09-13 03:00:00,21.4,72.0,16.5,96.0,1010.4,825.1,5.0,6.1,15.9,16.5,1.2,0.0,2018-09-13 02:46:42
2018-09-13 03:30:00,21.3,72.0,16.5,96.0,1010.7,825.4,0.0,1.1,15.9,16.5,0.3,0.0,2018-09-13 03:16:42
2018-09-13 04:00:00,21.4,73.0,16.4,97.0,1010.2,824.9,1.1,2.5,15.9,16.4,0.3,0.0,2018-09-13 03:46:42
2018-09-13 04:30:00,21.3,73.0,16.2,97.0,1009.9,824.6,0.0,0.0,15.7,16.2,0.0,0.0,2018-09-13 04:16:42
2018-09-13 05:00:00,21.2,73.0,16.2,97.0,1009.7,824.4,0.0,0.0,15.7,16.2,0.0,0.0,2018-09-13 04:46:42
2018-09-13 05:30:00,21.2,73.0,16.1,97.0,1010.2,824.9,0.0,0.0,15.6,16.1,0.0,0.0,2018-09-13 05:16:42
2018-09-13 06:00:00,21.1,73.0,16.2,98.0,1010.3,825.0,0.0,1.1,15.9,16.2,0.0,0.0,2018-09-13 05:46:42
2018-09-13 06:30:00,21.1,73.0,16.1,98.0,1010.4,825.1,0.0,1.1,15.8,16.1,0.0,0.0,2018-09-13 06:16:42
2018-09-13 07:00:00,21.0,73.0,16.2,98.0,1010.8,825.5,0.0,0.0,15.9,16.2,0.0,150.0,2018-09-13 06:46:42
2018-09-13 07:30:00,21.1,73.0,16.4,98.0,1010.8,825.5,0.0,0.0,16.1,16.4,0.3,1039.5,2018-09-13 07:16:42
2018-09-13 08:00:00,21.0,73.0,16.3,98.0,1011.2,825.9,0.0,0.0,16.0,16.3,0.3,4178.0,2018-09-13 07:46:42
2018-09-13 08:30:00,21.0,74.0,17.3,97.0,1011.6,826.3,0.0,0.0,16.8,17.3,0.0,11865.9,2018-09-13 08:16:42
2018-09-13 09:00:00,21.2,74.0,18.9,85.0,1011.7,826.4,1.1,2.5,16.3,18.9,0.0,13492.1,2018-09-13 08:46:42
2018-09-13 09:30:00,21.7,75.0,17.9,90.0,1012.2,826.9,1.1,3.6,16.3,17.9,0.0,7598.0,2018-09-13 09:16:42
2018-09-13 10:00:00,21.9,75.0,18.0,91.0,1012.3,827.0,2.5,3.6,16.5,18.0,0.0,13285.3,2018-09-13 09:46:42
2018-09-13 10:30:00,22.0,74.0,19.4,86.0,1012.7,827.4,3.6,6.1,17.0,19.4,0.0,16706.9,2018-09-13 10:16:42
2018-09-13 11:00:00,22.2,74.0,18.5,90.0,1012.6,827.3,2.5,5.0,16.9,18.5,0.0,7826.0,2018-09-13 10:46:42
2018-09-13 11:30:00,22.3,73.0,18.5,89.0,1012.3,827.0,1.1,2.5,16.7,18.5,0.0,14728.2,2018-09-13 11:16:42
2018-09-13 12:00:00,22.5,73.0,19.0,84.0,1012.4,827.1,1.1,2.5,16.3,19.0,0.3,13092.6,2018-09-13 11:46:42
2018-09-13 12:30:00,22.4,72.0,19.3,84.0,1012.2,826.9,1.1,3.6,16.6,19.3,0.6,15339.2,2018-09-13 12:16:42
2018-09-13 13:00:00,22.5,71.0,20.1,82.0,1012.0,826.7,2.5,3.6,17.0,20.1,0.6,24927.2,2018-09-13 12:46:42
2018-09-13 13:30:00,22.6,70.0,21.6,74.0,1011.4,826.1,1.1,2.5,16.8,21.6,0.0,26990.5,2018-09-13 13:16:42
2018-09-13 14:00:00,22.6,70.0,21.7,80.0,1011.2,825.9,1.1,3.6,18.1,21.7,0.0,15734.0,2018-09-13 13:46:42
2018-09-13 14:30:00,22.6,71.0,20.0,83.0,1010.5,825.2,1.1,3.6,17.0,20.0,0.0,5522.0,2018-09-13 14:16:42
2018-09-13 15:00:00,22.4,72.0,18.3,90.0,1010.3,825.0,7.2,11.2,16.7,17.6,0.0,10813.1,2018-09-13 14:46:42
2018-09-13 15:30:00,22.5,72.0,19.7,84.0,1010.1,824.8,2.5,3.6,16.9,19.7,0.0,22765.2,2018-09-13 15:16:42
2018-09-13 16:00:00,22.6,71.0,20.6,80.0,1010.0,824.7,2.5,3.6,17.1,20.6,0.0,17458.9,2018-09-13 15:46:42
2018-09-13 16:30:00,23.2,72.0,20.0,80.0,1009.6,824.3,6.1,7.2,16.5,20.0,0.0,17402.5,2018-09-13 16:16:42
2018-09-13 17:00:00,23.3,70.0,20.9,75.0,1009.4,824.1,5.0,7.2,16.3,20.9,0.0,17952.4,2018-09-13 16:46:42
2018-09-13 17:30:00,23.4,68.0,19.6,81.0,1009.5,824.2,3.6,6.1,16.3,19.6,0.0,4568.0,2018-09-13 17:16:42
2018-09-13 18:00:00,23.3,69.0,19.0,81.0,1009.6,824.3,0.0,2.5,15.7,19.0,0.0,2000.0,2018-09-13 17:46:42
2018-09-13 18:30:00,23.0,69.0,18.2,86.0,1009.9,824.6,0.0,1.1,15.8,18.2,0.0,1282.5,2018-09-13 18:16:42
2018-09-13 19:00:00,22.9,69.0,17.7,86.0,1010.2,824.9,1.1,1.1,15.3,17.7,0.0,0.0,2018-09-13 18:46:42
2018-09-13 19:30:00,22.6,69.0,17.5,90.0,1010.5,825.2,5.0,7.2,15.9,17.5,0.0,0.0,2018-09-13 19:16:42
2018-09-13 20:00:00,22.5,69.0,17.2,90.0,1010.6,825.3,1.1,2.5,15.6,17.2,0.0,0.0,2018-09-13 19:46:42
2018-09-13 20:30:00,22.1,70.0,16.6,93.0,1011.2,825.9,2.5,5.0,15.5,16.6,0.3,0.0,2018-09-13 20:16:42
2018-09-13 21:00:00,21.9,71.0,16.2,94.0,1011.1,825.8,9.7,12.2,15.3,14.3,0.3,0.0,2018-09-13 20:46:42
2018-09-13 21:30:00,21.6,71.0,15.9,96.0,1011.8,826.5,1.1,3.6,15.3,15.9,0.0,0.0,2018-09-13 21:16:42
2018-09-13 22:00:00,21.5,71.0,15.9,96.0,1012.2,826.9,2.5,3.6,15.3,15.9,0.0,0.0,2018-09-13 21:46:42
2018-09-13 22:30:00,21.4,71.0,15.9,96.0,1012.3,827.0,0.0,0.0,15.3,15.9,0.0,0.0,2018-09-13 22:16:42
2018-09-13 23:00:00,21.4,71.0,15.9,97.0,1012.5,827.2,0.0,0.0,15.4,15.9,0.3,0.0,2018-09-13 22:46:42
2018-09-13 23:30:00,21.3,71.0,15.9,97.0,1012.5,827.2,0.0,1.1,15.4,15.9,0.0,0.0,2018-09-13 23:16:42
2018-09-14 00:00:00,21.3,71.0,15.9,97.0,1012.3,827.0,0.0,0.0,15.4,15.9,0.0,0.0,2018-09-13 23:46:42
2018-09-14 00:30:00,21.2,71.0,15.7,97.0,1011.9,826.6,0.0,0.0,15.2,15.7,0.0,0.0,2018-09-14 00:16:42
2018-09-14 01:00:00,21.1,71.0,15.7,97.0,1011.8,826.5,0.0,0.0,15.2,15.7,0.0,0.0,2018-09-14 00:46:42
2018-09-14 01:30:00,21.0,72.0,15.6,98.0,1011.5,826.2,0.0,0.0,15.3,15.6,0.0,0.0,2018-09-14 01:16:42
2018-09-14 02:00:00,21.0,72.0,15.7,98.0,1011.6,826.3,0.0,0.0,15.4,15.7,0.0,0.0,2018-09-14 01:46:42
2018-09-14 02:30:00,21.0,72.0,15.6,99.0,1011.1,825.8,0.0,1.1,15.5,15.6,3.3,0.0,2018-09-14 02:16:42
2018-09-14 03:00:00,20.9,73.0,15.4,99.0,1011.3,826.0,0.0,0.0,15.3,15.4,6.3,0.0,2018-09-14 02:46:42
2018-09-14 03:30:00,20.8,73.0,15.3,99.0,1011.1,825.8,0.0,2.5,15.2,15.3,0.6,0.0,2018-09-14 03:16:42
2018-09-14 04:00:00,20.7,73.0,15.0,99.0,1010.9,825.6,3.6,7.2,14.9,15.0,0.6,0.0,2018-09-14 03:46:42
2018-09-14 04:30:00,20.6,73.0,14.2,99.0,1011.0,825.7,3.6,5.0,14.1,14.2,0.6,0.0,2018-09-14 04:16:42
2018-09-14 05:00:00,20.5,72.0,14.1,99.0,1010.9,825.6,0.0,0.0,14.0,14.1,0.9,0.0,2018-09-14 04:46:42
2018-09-14 05:30:00,20.3,71.0,14.3,99.0,1011.0,825.7,0.0,2.5,14.2,14.3,0.0,0.0,2018-09-14 05:16:42
2018-09-14 06:00:00,20.4,71.0,14.3,99.0,1010.9,825.6,1.1,2.5,14.2,14.3,0.3,0.0,2018-09-14 05:46:42
2018-09-14 06:30:00,20.4,71.0,14.2,99.0,1010.9,825.6,0.0,1.1,14.1,14.2,0.0,0.0,2018-09-14 06:16:42
2018-09-14 07:00:00,20.3,71.0,14.3,99.0,1011.0,825.7,1.1,2.5,14.2,14.3,0.0,675.0,2018-09-14 06:46:42
2018-09-14 07:30:00,20.2,71.0,14.6,99.0,1011.3,826.0,1.1,2.5,14.5,14.6,0.0,3836.0,2018-09-14 07:16:42
2018-09-14 08:00:00,20.3,71.0,15.5,99.0,1011.6,826.3,0.0,0.0,15.4,15.5,0.0,8426.0,2018-09-14 07:46:42
2018-09-14 08:30:00,20.4,71.0,17.9,92.0,1011.6,826.3,0.0,0.0,16.6,17.9,0.0,15381.5,2018-09-14 08:16:42
2018-09-14 09:00:00,20.5,71.0,19.1,76.0,1011.7,826.4,0.0,2.5,14.8,19.1,0.0,12660.2,2018-09-14 08:46:42
2018-09-14 09:30:00,20.9,71.0,19.2,78.0,1012.2,826.9,2.5,3.6,15.3,19.2,0.0,26934.1,2018-09-14 09:16:42
2018-09-14 10:00:00,21.5,70.0,20.0,73.0,1012.1,826.8,6.1,7.2,15.0,20.0,0.0,26797.8,2018-09-14 09:46:42
2018-09-14 10:30:00,21.8,71.0,21.9,68.0,1012.5,827.2,2.5,6.1,15.8,21.9,0.0,63077.1,2018-09-14 10:16:42
2018-09-14 11:00:00,22.5,68.0,19.9,76.0,1012.6,827.3,7.2,11.2,15.6,19.3,0.0,18065.2,2018-09-14 10:46:42
2018-09-14 11:30:00,22.5,68.0,19.4,78.0,1012.4,827.1,3.6,5.0,15.5,19.4,0.0,12542.7,2018-09-14 11:16:42
2018-09-14 12:00:00,22.4,68.0,18.9,79.0,1012.4,827.1,3.6,6.1,15.2,18.9,0.0,14300.5,2018-09-14 11:46:42
2018-09-14 12:30:00,22.4,68.0,20.8,72.0,1012.1,826.8,2.5,3.6,15.6,20.8,0.0,19597.4,2018-09-14 12:16:42
2018-09-14 13:00:00,22.5,68.0,21.0,71.0,1011.4,826.1,2.5,3.6,15.6,21.0,0.0,25848.4,2018-09-14 12:46:42
2018-09-14 13:30:00,22.6,69.0,23.2,69.0,1011.0,825.7,5.0,7.2,17.2,23.2,0.0,58955.2,2018-09-14 13:16:42
2018-09-14 14:00:00,23.2,68.0,23.7,63.0,1010.4,825.1,2.5,3.6,16.3,23.7,0.0,24095.3,2018-09-14 13:46:42
2018-09-14 14:30:00,23.4,67.0,23.2,66.0,1010.3,825.0,3.6,6.1,16.5,23.2,0.0,28997.4,2018-09-14 14:16:42
2018-09-14 15:00:00,23.6,66.0,21.9,67.0,1009.8,824.5,5.0,7.2,15.5,21.9,0.0,19273.1,2018-09-14 14:46:42
2018-09-14 15:30:00,23.3,68.0,21.4,70.0,1009.5,824.2,2.5,3.6,15.7,21.4,0.0,15376.8,2018-09-14 15:16:42
2018-09-14 16:00:00,23.1,70.0,20.4,80.0,1009.3,824.0,3.6,5.0,16.9,20.4,0.6,28536.8,2018-09-14 15:46:42
2018-09-14 16:30:00,23.0,70.0,20.2,80.0,1009.0,823.7,1.1,2.5,16.7,20.2,0.0,16293.3,2018-09-14 16:16:42
2018-09-14 17:00:00,23.1,71.0,21.6,73.0,1008.5,823.2,0.0,2.5,16.6,21.6,0.0,14714.1,2018-09-14 16:46:42
2018-09-14 17:30:00,22.9,70.0,20.3,78.0,1008.6,823.3,6.1,8.6,16.4,20.3,0.0,9236.0,2018-09-14 17:16:42
2018-09-14 18:00:00,22.8,70.0,20.0,80.0,1009.0,823.7,5.0,6.1,16.5,20.0,0.0,4766.0,2018-09-14 17:46:42
2018-09-14 18:30:00,22.6,72.0,19.5,83.0,1009.0,823.7,0.0,2.5,16.6,19.5,0.0,2480.0,2018-09-14 18:16:42
2018-09-14 19:00:00,22.6,71.0,18.3,87.0,1009.4,824.1,0.0,0.0,16.1,18.3,0.3,0.0,2018-09-14 18:46:42
2018-09-14 19:30:00,22.6,71.0,17.5,89.0,1009.6,824.3,1.1,2.5,15.7,17.5,0.9,0.0,2018-09-14 19:16:42
2018-09-14 20:00:00,22.3,71.0,17.1,91.0,1009.7,824.4,0.0,0.0,15.6,17.1,0.9,0.0,2018-09-14 19:46:42
2018-09-14 20:30:00,22.0,72.0,16.9,93.0,1010.2,824.9,0.0,0.0,15.8,16.9,0.0,0.0,2018-09-14 20:16:42
2018-09-14 21:00:00,21.9,73.0,17.1,94.0,1010.5,825.2,0.0,2.5,16.1,17.1,0.0,0.0,2018-09-14 20:46:42
2018-09-14 21:30:00,21.7,73.0,17.0,94.0,1010.4,825.1,0.0,1.1,16.0,17.0,0.0,0.0,2018-09-14 21:16:42
2018-09-14 22:00:00,21.6,74.0,17.1,95.0,1010.9,825.6,0.0,0.0,16.3,17.1,0.0,0.0,2018-09-14 21:46:42
2018-09-14 22:30:00,21.5,74.0,17.0,95.0,1011.3,826.0,0.0,0.0,16.2,17.0,0.0,0.0,2018-09-14 22:16:42
2018-09-14 23:00:00,21.4,75.0,16.8,96.0,1011.2,825.9,0.0,1.1,16.2,16.8,0.0,0.0,2018-09-14 22:46:42
2018-09-14 23:30:00,21.3,75.0,16.3,96.0,1011.2,825.9,0.0,1.1,15.7,16.3,0.0,0.0,2018-09-14 23:16:42
2018-09-15 00:00:00,21.2,74.0,16.4,97.0,1011.1,825.8,0.0,0.0,15.9,16.4,0.0,0.0,2018-09-14 23:46:42
2018-09-15 00:30:00,21.2,74.0,16.5,97.0,1011.1,825.8,0.0,0.0,16.0,16.5,0.0,0.0,2018-09-15 00:16:42
2018-09-15 01:00:00,21.2,74.0,16.5,97.0,1010.6,825.3,0.0,0.0,16.0,16.5,0.0,0.0,2018-09-15 00:46:42
2018-09-15 01:30:00,21.1,74.0,16.5,97.0,1010.5,825.2,0.0,0.0,16.0,16.5,0.0,0.0,2018-09-15 01:16:42
2018-09-15 02:00:00,21.0,74.0,16.4,97.0,1010.2,824.9,0.0,0.0,15.9,16.4,0.0,0.0,2018-09-15 01:46:42
2018-09-15 02:30:00,21.0,75.0,16.3,97.0,1009.8,824.5,0.0,0.0,15.8,16.3,0.0,0.0,2018-09-15 02:16:42
2018-09-15 03:00:00,21.0,75.0,16.4,98.0,1009.7,824.4,0.0,0.0,16.1,16.4,0.0,0.0,2018-09-15 02:46:42
2018-09-15 03:30:00,21.0,75.0,16.3,98.0,1009.7,824.4,0.0,1.1,16.0,16.3,0.3,0.0,2018-09-15 03:16:42
2018-09-15 04:00:00,20.9,76.0,15.5,99.0,1009.8,824.5,7.2,8.6,15.4,14.6,0.6,0.0,2018-09-15 03:46:42
2018-09-15 04:30:00,20.8,75.0,15.2,99.0,1009.8,824.5,0.0,2.5,15.1,15.2,0.0,0.0,2018-09-15 04:16:42
2018-09-15 05:00:00,20.8,74.0,15.4,99.0,1010.0,824.7,0.0,1.1,15.3,15.4,0.3,0.0,2018-09-15 04:46:42
2018-09-15 05:30:00,20.7,73.0,15.4,99.0,1010.0,824.7,0.0,0.0,15.3,15.4,0.9,0.0,2018-09-15 05:16:42
2018-09-15 06:00:00,20.7,73.0,15.3,99.0,1010.3,825.0,1.1,3.6,15.2,15.3,1.2,0.0,2018-09-15 05:46:42
2018-09-15 06:30:00,20.6,74.0,15.1,99.0,1010.3,825.0,1.1,2.5,15.0,15.1,1.8,0.0,2018-09-15 06:16:42
2018-09-15 07:00:00,20.5,74.0,15.0,99.0,1010.7,825.4,1.1,3.6,14.9,15.0,2.1,82.5,2018-09-15 06:46:42
2018-09-15 07:30:00,20.5,74.0,15.2,99.0,1011.1,825.8,0.0,1.1,15.1,15.2,0.3,2018.0,2018-09-15 07:16:42
2018-09-15 08:00:00,20.5,74.0,15.3,99.0,1011.3,826.0,1.1,3.6,15.2,15.3,0.3,4190.0,2018-09-15 07:46:42
2018-09-15 08:30:00,20.5,74.0,18.2,95.0,1011.8,826.5,1.1,3.6,17.4,18.2,0.0,19945.2,2018-09-15 08:16:42
2018-09-15 09:00:00,20.8,73.0,21.0,68.0,1012.0,826.7,1.1,2.5,14.9,21.0,0.0,21660.7,2018-09-15 08:46:42
2018-09-15 09:30:00,21.1,71.0,20.5,69.0,1012.3,827.0,3.6,6.1,14.6,20.5,0.0,29928.0,2018-09-15 09:16:42
2018-09-15 10:00:00,21.5,72.0,20.3,76.0,1012.4,827.1,5.0,7.2,16.0,20.3,0.0,29946.8,2018-09-15 09:46:42
2018-09-15 10:30:00,22.0,72.0,20.3,77.0,1012.4,827.1,6.1,9.7,16.2,20.3,0.0,36611.4,2018-09-15 10:16:42
2018-09-15 11:00:00,22.4,71.0,21.2,69.0,1012.8,827.5,5.0,8.6,15.3,21.2,0.0,70413.8,2018-09-15 10:46:42
2018-09-15 11:30:00,22.8,69.0,20.8,72.0,1012.6,827.3,8.6,12.2,15.6,19.7,0.0,32231.0,2018-09-15 11:16:42
2018-09-15 12:00:00,23.2,68.0,21.7,70.0,1012.5,827.2,6.1,8.6,16.0,21.7,0.0,60539.1,2018-09-15 11:46:42
2018-09-15 12:30:00,23.8,66.0,21.4,66.0,1012.0,826.7,8.6,13.3,14.8,20.4,0.0,30449.7,2018-09-15 12:16:42
2018-09-15 13:00:00,23.8,65.0,20.3,74.0,1011.7,826.4,8.6,14.8,15.5,19.2,0.0,27225.5,2018-09-15 12:46:42
2018-09-15 13:30:00,23.2,68.0,20.2,80.0,1011.2,825.9,8.6,11.2,16.7,19.1,0.6,21303.5,2018-09-15 13:16:42
2018-09-15 14:00:00,22.8,70.0,18.7,85.0,1010.8,825.5,3.6,5.0,16.1,18.7,1.5,5468.0,2018-09-15 13:46:42
2018-09-15 14:30:00,22.5,71.0,18.1,89.0,1010.4,825.1,3.6,6.1,16.3,18.1,2.4,11851.8,2018-09-15 14:16:42
2018-09-15 15:00:00,22.5,72.0,19.0,89.0,1010.3,825.0,7.2,11.2,17.2,18.3,2.7,12679.0,2018-09-15 14:46:42
2018-09-15 15:30:00,22.6,72.0,17.1,92.0,1009.9,824.6,1.1,2.5,15.8,17.1,4.5,12975.1,2018-09-15 15:16:42
2018-09-15 16:00:00,22.4,71.0,17.3,90.0,1009.7,824.4,1.1,2.5,15.7,17.3,5.1,16946.6,2018-09-15 15:46:42
2018-09-15 16:30:00,22.3,71.0,17.9,88.0,1009.4,824.1,0.0,1.1,15.9,17.9,0.6,10761.4,2018-09-15 16:16:42
2018-09-15 17:00:00,22.2,71.0,17.1,89.0,1009.6,824.3,3.6,5.0,15.3,17.1,0.9,4772.0,2018-09-15 16:46:42
2018-09-15 17:30:00,22.0,70.0,16.5,92.0,1009.7,824.4,2.5,3.6,15.2,16.5,0.6,2462.0,2018-09-15 17:16:42
2018-09-15 18:00:00,21.7,72.0,16.6,94.0,1009.7,824.4,0.0,1.1,15.7,16.6,0.6,2300.0,2018-09-15 17:46:42
2018-09-15 18:30:00,21.6,73.0,16.3,94.0,1010.0,824.7,1.1,3.6,15.4,16.3,0.9,1194.7,2018-09-15 18:16:42
2018-09-15 19:00:00,21.5,73.0,15.9,96.0,1010.4,825.1,1.1,5.0,15.3,15.9,1.5,7.5,2018-09-15 18:46:42
2018-09-15 19:30:00,21.4,73.0,15.9,96.0,1011.0,825.7,0.0,1.1,15.3,15.9,0.6,0.0,2018-09-15 19:16:42
2018-09-15 20:00:00,21.2,73.0,15.9,96.0,1011.1,825.8,1.1,2.5,15.3,15.9,0.6,0.0,2018-09-15 19:46:42
2018-09-15 20:30:00,21.1,73.0,15.8,97.0,1011.7,826.4,1.1,3.6,15.3,15.8,0.0,0.0,2018-09-15 20:16:42
2018-09-15 21:00:00,21.0,73.0,15.6,98.0,1011.7,826.4,1.1,3.6,15.3,15.6,0.0,0.0,2018-09-15 20:46:42
2018-09-15 21:30:00,21.0,73.0,15.6,98.0,1012.0,826.7,2.5,3.6,15.3,15.6,0.3,0.0,2018-09-15 21:16:42
2018-09-15 22:00:00,21.0,72.0,15.6,97.0,1012.2,826.9,5.0,7.2,15.1,15.6,0.3,0.0,2018-09-15 21:46:42
2018-09-15 22:30:00,20.9,73.0,15.2,96.0,1012.6,827.3,5.0,7.2,14.6,15.2,0.3,0.0,2018-09-15 22:16:42
2018-09-15 23:00:00,20.7,71.0,14.5,96.0,1012.8,827.5,0.0,1.1,13.9,14.5,3.9,0.0,2018-09-15 22:46:42
2018-09-15 23:30:00,20.6,71.0,14.5,97.0,1012.9,827.6,1.1,2.5,14.0,14.5,1.5,0.0,2018-09-15 23:16:42
2018-09-16 00:00:00,20.3,71.0,14.4,98.0,1012.5,827.2,0.0,1.1,14.1,14.4,1.8,0.0,2018-09-15 23:46:42
2018-09-16 00:30:00,20.2,71.0,14.3,99.0,1012.5,827.2,0.0,1.1,14.2,14.3,0.0,0.0,2018-09-16 00:16:42
2018-09-16 01:00:00,20.4,71.0,14.3,99.0,1012.4,827.1,1.1,2.5,14.2,14.3,0.6,0.0,2018-09-16 00:46:42
2018-09-16 01:30:00,20.4,71.0,14.4,97.0,1011.9,826.6,2.5,3.6,13.9,14.4,0.6,0.0,2018-09-16 01:16:42
2018-09-16 02:00:00,20.2,71.0,14.3,96.0,1011.8,826.5,0.0,1.1,13.7,14.3,1.2,0.0,2018-09-16 01:46:42
2018-09-16 02:30:00,20.2,71.0,14.1,97.0,1011.5,826.2,1.1,2.5,13.6,14.1,0.6,0.0,2018-09-16 02:16:42
2018-09-16 03:00:00,20.2,71.0,14.1,97.0,1011.2,825.9,1.1,2.5,13.6,14.1,0.9,0.0,2018-09-16 02:46:42
2018-09-16 03:30:00,20.1,71.0,14.0,98.0,1011.2,825.9,2.5,5.0,13.7,14.0,0.3,0.0,2018-09-16 03:16:42
2018-09-16 04:00:00,20.1,70.0,14.0,98.0,1011.1,825.8,0.0,1.1,13.7,14.0,0.9,0.0,2018-09-16 03:46:42
2018-09-16 04:30:00,20.0,71.0,13.9,99.0,1011.0,825.7,0.0,3.6,13.8,13.9,0.6,0.0,2018-09-16 04:16:42
2018-09-16 05:00:00,20.0,71.0,13.8,99.0,1011.1,825.8,0.0,0.0,13.7,13.8,0.9,0.0,2018-09-16 04:46:42
2018-09-16 05:30:00,19.9,72.0,13.9,99.0,1011.0,825.7,0.0,1.1,13.8,13.9,0.0,0.0,2018-09-16 05:16:42
2018-09-16 06:00:00,19.9,72.0,13.8,99.0,1011.0,825.7,1.1,2.5,13.7,13.8,0.3,0.0,2018-09-16 05:46:42
2018-09-16 06:30:00,19.8,72.0,13.9,99.0,1011.1,825.8,1.1,2.5,13.8,13.9,0.0,0.0,2018-09-16 06:16:42
2018-09-16 07:00:00,19.7,72.0,13.9,99.0,1011.2,825.9,1.1,2.5,13.8,13.9,0.0,232.5,2018-09-16 06:46:42
2018-09-16 07:30:00,19.7,72.0,14.4,98.0,1011.4,826.1,0.0,1.1,14.1,14.4,0.0,3500.0,2018-09-16 07:16:42
2018-09-16 08:00:00,19.7,72.0,15.1,97.0,1012.0,826.7,0.0,0.0,14.6,15.1,0.0,8042.0,2018-09-16 07:46:42
2018-09-16 08:30:00,19.9,73.0,18.0,82.0,1012.3,827.0,1.1,3.6,14.9,18.0,0.0,10747.3,2018-09-16 08:16:42
2018-09-16 09:00:00,20.1,72.0,19.0,80.0,1012.5,827.2,1.1,2.5,15.5,19.0,0.0,27385.3,2018-09-16 08:46:42
2018-09-16 09:30:00,20.1,71.0,21.8,67.0,1012.5,827.2,1.1,2.5,15.4,21.8,0.0,39017.8,2018-09-16 09:16:42
2018-09-16 10:00:00,20.6,71.0,19.9,75.0,1012.8,827.5,3.6,6.1,15.4,19.9,0.0,26323.1,2018-09-16 09:46:42
2018-09-16 10:30:00,20.8,71.0,20.1,77.0,1012.7,827.4,3.6,6.1,16.0,20.1,0.0,23042.5,2018-09-16 10:16:42
2018-09-16 11:00:00,21.1,71.0,20.2,78.0,1013.0,827.7,3.6,6.1,16.3,20.2,0.0,22328.1,2018-09-16 10:46:42
2018-09-16 11:30:00,21.3,71.0,20.8,75.0,1012.9,827.6,5.0,7.2,16.2,20.8,0.0,35135.6,2018-09-16 11:16:42
2018-09-16 12:00:00,21.7,71.0,20.1,76.0,1012.8,827.5,5.0,9.7,15.8,20.1,0.0,19451.7,2018-09-16 11:46:42
2018-09-16 12:30:00,21.8,71.0,22.8,66.0,1012.3,827.0,5.0,6.1,16.1,22.8,0.0,61638.9,2018-09-16 12:16:42
2018-09-16 13:00:00,22.4,69.0,22.3,63.0,1012.0,826.7,5.0,8.6,14.9,22.3,0.0,52234.2,2018-09-16 12:46:42
2018-09-16 13:30:00,22.8,68.0,22.2,69.0,1011.5,826.2,3.6,6.1,16.3,22.2,0.0,31009.0,2018-09-16 13:16:42
2018-09-16 14:00:00,22.8,68.0,21.0,72.0,1011.3,826.0,2.5,6.1,15.8,21.0,0.0,23155.3,2018-09-16 13:46:42
2018-09-16 14:30:00,22.8,68.0,21.8,70.0,1010.8,825.5,6.1,9.7,16.1,21.8,0.0,20706.6,2018-09-16 14:16:42
2018-09-16 15:00:00,22.8,68.0,20.0,80.0,1010.7,825.4,2.5,5.0,16.5,20.0,0.0,12805.9,2018-09-16 14:46:42
2018-09-16 15:30:00,22.5,69.0,20.0,80.0,1010.4,825.1,3.6,5.0,16.5,20.0,0.0,14032.6,2018-09-16 15:16:42
2018-09-16 16:00:00,22.4,70.0,19.7,81.0,1010.3,825.0,3.6,6.1,16.4,19.7,0.0,10089.3,2018-09-16 15:46:42
2018-09-16 16:30:00,22.3,71.0,19.9,81.0,1010.2,824.9,0.0,2.5,16.6,19.9,0.0,10202.1,2018-09-16 16:16:42
2018-09-16 17:00:00,22.1,71.0,20.1,81.0,1009.8,824.5,2.5,5.0,16.8,20.1,0.0,13003.3,2018-09-16 16:46:42
2018-09-16 17:30:00,22.2,71.0,21.2,73.0,1009.8,824.5,2.5,5.0,16.2,21.2,0.0,10211.5,2018-09-16 17:16:42
2018-09-16 18:00:00,22.2,71.0,19.9,76.0,1010.0,824.7,2.5,3.6,15.6,19.9,0.0,6512.0,2018-09-16 17:46:42
2018-09-16 18:30:00,22.0,70.0,19.3,75.0,1010.1,824.8,2.5,3.6,14.8,19.3,0.0,2558.0,2018-09-16 18:16:42
2018-09-16 19:00:00,21.9,71.0,18.3,82.0,1010.2,824.9,2.5,3.6,15.2,18.3,0.0,127.5,2018-09-16 18:46:42
2018-09-16 19:30:00,21.5,72.0,17.3,86.0,1010.6,825.3,0.0,1.1,15.0,17.3,0.0,0.0,2018-09-16 19:16:42
2018-09-16 20:00:00,21.4,72.0,16.7,88.0,1010.7,825.4,0.0,2.5,14.7,16.7,0.0,0.0,2018-09-16 19:46:42
2018-09-16 20:30:00,21.1,72.0,16.4,92.0,1011.2,825.9,0.0,0.0,15.1,16.4,0.0,0.0,2018-09-16 20:16:42
2018-09-16 21:00:00,20.9,73.0,16.1,85.0,1011.4,826.1,1.1,2.5,13.6,16.1,0.0,0.0,2018-09-16 20:46:42
2018-09-16 21:30:00,20.7,71.0,16.1,81.0,1011.7,826.4,2.5,5.0,12.9,16.1,0.0,0.0,2018-09-16 21:16:42
2018-09-16 22:00:00,20.6,70.0,16.1,85.0,1011.8,826.5,2.5,5.0,13.6,16.1,0.0,0.0,2018-09-16 21:46:42
2018-09-16 22:30:00,20.4,69.0,15.6,83.0,1012.2,826.9,5.0,7.2,12.7,15.6,0.0,0.0,2018-09-16 22:16:42
2018-09-16 23:00:00,20.3,69.0,15.4,86.0,1011.9,826.6,3.6,6.1,13.1,15.4,0.0,0.0,2018-09-16 22:46:42
2018-09-16 23:30:00,20.3,68.0,15.1,83.0,1012.1,826.8,1.1,2.5,12.3,15.1,0.0,0.0,2018-09-16 23:16:42
2018-09-17 00:00:00,20.1,67.0,15.0,85.0,1012.0,826.7,3.6,5.0,12.5,15.0,0.0,0.0,2018-09-16 23:46:42
2018-09-17 00:30:00,20.0,67.0,14.8,90.0,1011.7,826.4,3.6,5.0,13.2,14.8,0.0,0.0,2018-09-17 00:16:42
2018-09-17 01:00:00,20.0,68.0,14.9,85.0,1011.4,826.1,2.5,5.0,12.4,14.9,0.0,0.0,2018-09-17 00:46:42
2018-09-17 01:30:00,19.9,68.0,15.1,88.0,1010.8,825.5,3.6,7.2,13.1,15.1,0.0,0.0,2018-09-17 01:16:42
2018-09-17 02:00:00,19.8,68.0,14.9,86.0,1010.8,825.5,5.0,7.2,12.6,14.9,0.0,0.0,2018-09-17 01:46:42
2018-09-17 02:30:00,19.7,67.0,14.8,85.0,1010.6,825.3,0.0,1.1,12.3,14.8,0.0,0.0,2018-09-17 02:16:42
2018-09-17 03:00:00,19.6,67.0,14.6,85.0,1010.2,824.9,2.5,3.6,12.1,14.6,0.0,0.0,2018-09-17 02:46:42
2018-09-17 03:30:00,19.5,67.0,14.4,85.0,1010.2,824.9,0.0,0.0,11.9,14.4,0.0,0.0,2018-09-17 03:16:42
2018-09-17 04:00:00,19.4,67.0,14.5,84.0,1010.1,824.8,0.0,1.1,11.8,14.5,0.0,0.0,2018-09-17 03:46:42
2018-09-17 04:30:00,19.3,66.0,14.9,83.0,1009.9,824.6,3.6,5.0,12.1,14.9,0.0,0.0,2018-09-17 04:16:42
2018-09-17 05:00:00,19.2,66.0,14.7,84.0,1009.9,824.6,2.5,3.6,12.0,14.7,0.0,0.0,2018-09-17 04:46:42
2018-09-17 05:30:00,19.1,65.0,14.3,84.0,1009.9,824.6,2.5,3.6,11.7,14.3,0.0,0.0,2018-09-17 05:16:42
2018-09-17 06:00:00,19.1,65.0,14.3,82.0,1009.8,824.5,3.6,6.1,11.3,14.3,0.0,0.0,2018-09-17 05:46:42
2018-09-17 06:30:00,18.9,66.0,14.9,77.0,1009.8,824.5,6.1,7.2,10.9,14.9,0.0,0.0,2018-09-17 06:16:42
2018-09-17 07:00:00,18.8,66.0,14.8,79.0,1010.1,824.8,2.5,5.0,11.2,14.8,0.0,517.5,2018-09-17 06:46:42
2018-09-17 07:30:00,18.8,66.0,15.5,81.0,1010.1,824.8,3.6,6.1,12.3,15.5,0.0,4052.0,2018-09-17 07:16:42
2018-09-17 08:00:00,18.9,66.0,18.9,70.0,1010.6,825.3,7.2,8.6,13.3,18.2,0.0,10235.0,2018-09-17 07:46:42
2018-09-17 08:30:00,19.0,66.0,19.9,63.0,1010.7,825.4,6.1,8.6,12.7,19.9,0.0,14700.0,2018-09-17 08:16:42
2018-09-17 09:00:00,19.5,67.0,21.9,56.0,1011.2,825.9,2.5,5.0,12.8,21.9,0.0,24175.2,2018-09-17 08:46:42
2018-09-17 09:30:00,20.0,65.0,21.2,60.0,1011.3,826.0,5.0,7.2,13.2,21.2,0.0,33824.3,2018-09-17 09:16:42
2018-09-17 10:00:00,20.5,65.0,21.6,61.0,1011.7,826.4,3.6,7.2,13.8,21.6,0.0,43887.0,2018-09-17 09:46:42
2018-09-17 10:30:00,21.3,65.0,21.9,63.0,1011.9,826.6,7.2,9.7,14.6,21.4,0.0,54579.5,2018-09-17 10:16:42
2018-09-17 11:00:00,22.0,63.0,22.6,63.0,1011.7,826.4,8.6,12.2,15.2,21.7,0.0,73327.8,2018-09-17 10:46:42
2018-09-17 11:30:00,22.5,64.0,22.2,68.0,1011.6,826.3,11.2,14.8,16.0,20.7,0.0,78577.7,2018-09-17 11:16:42
2018-09-17 12:00:00,23.3,65.0,22.6,65.0,1011.8,826.5,9.7,12.2,15.7,21.4,0.0,78375.6,2018-09-17 11:46:42
2018-09-17 12:30:00,23.8,64.0,23.7,62.0,1011.5,826.2,6.1,8.6,16.0,23.7,0.0,79216.9,2018-09-17 12:16:42
2018-09-17 13:00:00,24.3,62.0,23.6,63.0,1011.5,826.2,6.1,11.2,16.2,23.6,0.0,69690.0,2018-09-17 12:46:42
2018-09-17 13:30:00,24.7,62.0,24.0,63.0,1011.2,825.9,8.6,13.3,16.6,23.2,0.0,81054.6,2018-09-17 13:16:42
2018-09-17 14:00:00,24.7,62.0,23.6,65.0,1010.6,825.3,8.6,12.2,16.7,22.8,0.0,78577.7,2018-09-17 13:46:42
2018-09-17 14:30:00,24.8,62.0,24.8,59.0,1010.3,825.0,7.2,9.7,16.3,24.4,0.0,72453.6,2018-09-17 14:16:42
2018-09-17 15:00:00,25.1,61.0,25.5,54.0,1010.1,824.8,2.5,3.6,15.5,25.5,0.0,72782.6,2018-09-17 14:46:42
2018-09-17 15:30:00,25.3,60.0,26.0,51.0,1009.8,824.5,9.7,14.8,15.1,25.2,0.0,45306.4,2018-09-17 15:16:42
2018-09-17 16:00:00,25.6,58.0,26.3,48.0,1009.5,824.2,8.6,12.2,14.4,25.7,0.0,40958.9,2018-09-17 15:46:42
2018-09-17 16:30:00,25.7,56.0,26.3,48.0,1009.6,824.3,7.2,12.2,14.4,26.0,0.0,28785.9,2018-09-17 16:16:42
2018-09-17 17:00:00,25.6,55.0,26.2,45.0,1009.4,824.1,9.7,12.2,13.4,25.4,0.0,22943.8,2018-09-17 16:46:42
2018-09-17 17:30:00,25.6,55.0,25.8,47.0,1009.2,823.9,8.6,9.7,13.7,25.2,0.0,12914.0,2018-09-17 17:16:42
2018-09-17 18:00:00,25.4,55.0,26.1,44.0,1009.1,823.8,3.6,5.0,12.9,26.1,0.0,15123.0,2018-09-17 17:46:42
2018-09-17 18:30:00,25.1,55.0,24.1,54.0,1009.5,824.2,2.5,3.6,14.2,24.1,0.0,5738.0,2018-09-17 18:16:42
2018-09-17 19:00:00,24.7,57.0,21.5,61.0,1009.8,824.5,0.0,1.1,13.7,21.5,0.0,330.0,2018-09-17 18:46:42
2018-09-17 19:30:00,24.1,58.0,20.2,65.0,1009.3,824.0,0.0,1.1,13.4,20.2,0.0,0.0,2018-09-17 19:16:42
2018-09-17 20:00:00,23.7,60.0,19.6,67.0,1009.6,824.3,1.1,2.5,13.3,19.6,0.0,0.0,2018-09-17 19:46:42
2018-09-17 20:30:00,23.3,60.0,18.9,72.0,1010.1,824.8,3.6,6.1,13.8,18.9,0.0,0.0,2018-09-17 20:16:42
2018-09-17 21:00:00,22.9,60.0,18.8,73.0,1010.6,825.3,2.5,3.6,13.9,18.8,0.0,0.0,2018-09-17 20:46:42
2018-09-17 21:30:00,22.6,60.0,18.5,74.0,1011.0,825.7,2.5,5.0,13.8,18.5,0.0,0.0,2018-09-17 21:16:42
2018-09-17 22:00:00,22.6,60.0,18.5,75.0,1011.6,826.3,0.0,1.1,14.0,18.5,0.0,0.0,2018-09-17 21:46:42
2018-09-17 22:30:00,22.4,61.0,18.2,76.0,1011.6,826.3,2.5,5.0,13.9,18.2,0.0,0.0,2018-09-17 22:16:42
2018-09-17 23:00:00,22.3,61.0,17.9,78.0,1011.7,826.4,2.5,5.0,14.0,17.9,0.0,0.0,2018-09-17 22:46:42
2018-09-17 23:30:00,22.1,61.0,17.6,80.0,1011.5,826.2,2.5,3.6,14.1,17.6,0.0,0.0,2018-09-17 23:16:42
2018-09-18 00:00:00,21.9,63.0,17.5,81.0,1011.3,826.0,1.1,2.5,14.2,17.5,0.0,0.0,2018-09-17 23:46:42
2018-09-18 00:30:00,21.8,64.0,17.7,77.0,1010.8,825.5,1.1,3.6,13.6,17.7,0.0,0.0,2018-09-18 00:16:42
2018-09-18 01:00:00,21.6,63.0,17.2,79.0,1010.9,825.6,1.1,2.5,13.5,17.2,0.0,0.0,2018-09-18 00:46:42
2018-09-18 01:30:00,21.5,63.0,17.3,75.0,1010.5,825.2,1.1,3.6,12.8,17.3,0.0,0.0,2018-09-18 01:16:42
2018-09-18 02:00:00,21.4,62.0,17.4,77.0,1010.6,825.3,0.0,1.1,13.3,17.4,0.0,0.0,2018-09-18 01:46:42
2018-09-18 02:30:00,21.4,62.0,17.6,76.0,1010.5,825.2,2.5,3.6,13.3,17.6,0.0,0.0,2018-09-18 02:16:42
2018-09-18 03:00:00,21.4,62.0,17.6,78.0,1010.0,824.7,2.5,3.6,13.7,17.6,0.0,0.0,2018-09-18 02:46:42
2018-09-18 03:30:00,21.4,63.0,17.2,79.0,1009.7,824.4,1.1,2.5,13.5,17.2,0.0,0.0,2018-09-18 03:16:42
2018-09-18 04:00:00,21.2,63.0,16.6,80.0,1009.7,824.4,1.1,2.5,13.2,16.6,0.0,0.0,2018-09-18 03:46:42
2018-09-18 04:30:00,21.1,63.0,16.8,80.0,1009.6,824.3,0.0,1.1,13.4,16.8,0.0,0.0,2018-09-18 04:16:42
2018-09-18 05:00:00,21.0,64.0,16.6,81.0,1010.1,824.8,1.1,2.5,13.3,16.6,0.0,0.0,2018-09-18 04:46:42
2018-09-18 05:30:00,20.9,65.0,16.2,82.0,1010.5,825.2,2.5,3.6,13.1,16.2,0.0,0.0,2018-09-18 05:16:42
2018-09-18 06:00:00,20.8,65.0,16.2,81.0,1010.7,825.4,0.0,0.0,13.0,16.2,0.0,0.0,2018-09-18 05:46:42
2018-09-18 06:30:00,20.7,65.0,15.9,81.0,1010.7,825.4,1.1,3.6,12.7,15.9,0.0,0.0,2018-09-18 06:16:42
2018-09-18 07:00:00,20.6,64.0,15.9,81.0,1011.2,825.9,0.0,1.1,12.7,15.9,0.0,627.7,2018-09-18 06:46:42
2018-09-18 07:30:00,20.5,64.0,16.0,81.0,1011.4,826.1,1.1,3.6,12.8,16.0,0.0,2678.0,2018-09-18 07:16:42
2018-09-18 08:00:00,20.5,64.0,17.7,73.0,1011.6,826.3,1.1,2.5,12.8,17.7,0.0,9050.0,2018-09-18 07:46:42
2018-09-18 08:30:00,20.5,65.0,21.8,63.0,1011.9,826.6,1.1,2.5,14.5,21.8,0.0,14732.9,2018-09-18 08:16:42
2018-09-18 09:00:00,21.0,64.0,26.0,49.0,1012.2,826.9,2.5,5.0,14.5,26.0,0.0,24969.5,2018-09-18 08:46:42
2018-09-18 09:30:00,21.8,65.0,24.8,52.0,1012.4,827.1,2.5,5.0,14.3,24.8,0.0,34454.1,2018-09-18 09:16:42
2018-09-18 10:00:00,22.5,62.0,24.8,51.0,1012.5,827.2,3.6,6.1,14.0,24.8,0.0,46335.7,2018-09-18 09:46:42
2018-09-18 10:30:00,23.4,62.0,24.6,55.0,1012.3,827.0,5.0,7.2,15.0,24.6,0.0,56219.8,2018-09-18 10:16:42
2018-09-18 11:00:00,24.2,61.0,25.4,54.0,1012.1,826.8,8.6,11.2,15.4,24.7,0.0,66879.4,2018-09-18 10:46:42
2018-09-18 11:30:00,25.0,59.0,25.7,52.0,1011.9,826.6,6.1,9.7,15.1,25.7,0.0,73064.6,2018-09-18 11:16:42
2018-09-18 12:00:00,25.5,60.0,24.7,62.0,1011.6,826.3,5.0,9.7,17.0,24.7,0.0,15630.6,2018-09-18 11:46:42
2018-09-18 12:30:00,24.9,63.0,22.5,70.0,1011.2,825.9,3.6,8.6,16.8,22.5,0.0,13097.3,2018-09-18 12:16:42
2018-09-18 13:00:00,25.1,63.0,24.1,64.0,1010.7,825.4,3.6,6.1,16.9,24.1,0.0,18168.6,2018-09-18 12:46:42
2018-09-18 13:30:00,25.3,62.0,26.1,53.0,1010.4,825.1,8.6,13.3,15.8,25.5,0.0,24273.9,2018-09-18 13:16:42
2018-09-18 14:00:00,25.8,59.0,27.2,47.0,1009.8,824.5,2.5,5.0,14.9,27.2,0.0,22182.4,2018-09-18 13:46:42
2018-09-18 14:30:00,26.2,54.0,27.5,44.0,1009.3,824.0,8.6,13.3,14.2,27.0,0.0,57343.1,2018-09-18 14:16:42
2018-09-18 15:00:00,26.4,54.0,25.3,54.0,1009.2,823.9,13.3,19.4,15.4,23.9,0.0,15273.4,2018-09-18 14:46:42
2018-09-18 15:30:00,26.1,57.0,24.9,60.0,1008.9,823.6,7.2,12.2,16.6,24.5,0.0,54993.1,2018-09-18 15:16:42
2018-09-18 16:00:00,25.9,59.0,21.6,71.0,1008.5,823.2,2.5,6.1,16.1,21.6,0.0,8462.0,2018-09-18 15:46:42
2018-09-18 16:30:00,25.1,62.0,18.8,89.0,1008.7,823.4,5.0,6.1,17.0,18.8,2.4,2156.0,2018-09-18 16:16:42
2018-09-18 17:00:00,24.9,66.0,19.1,91.0,1008.0,822.7,0.0,2.5,17.6,19.1,2.4,4748.0,2018-09-18 16:46:42
2018-09-18 17:30:00,24.6,68.0,19.2,89.0,1008.0,822.7,2.5,5.0,17.4,19.2,0.0,5264.0,2018-09-18 17:16:42
2018-09-18 18:00:00,24.4,67.0,18.9,90.0,1008.4,823.1,3.6,6.1,17.2,18.9,0.3,2690.0,2018-09-18 17:46:42
2018-09-18 18:30:00,24.1,68.0,18.8,91.0,1008.2,822.9,3.6,6.1,17.3,18.8,0.0,1714.5,2018-09-18 18:16:42
2018-09-18 19:00:00,23.9,68.0,18.5,87.0,1008.7,823.4,3.6,6.1,16.3,18.5,0.0,0.0,2018-09-18 18:46:42
2018-09-18 19:30:00,23.5,67.0,18.3,87.0,1008.8,823.5,5.0,6.1,16.1,18.3,0.0,0.0,2018-09-18 19:16:42
2018-09-18 20:00:00,23.2,68.0,18.3,88.0,1008.9,823.6,3.6,6.1,16.3,18.3,0.0,0.0,2018-09-18 19:46:42
2018-09-18 20:30:00,22.9,68.0,18.2,88.0,1009.2,823.9,2.5,3.6,16.2,18.2,0.0,0.0,2018-09-18 20:16:42
2018-09-18 21:00:00,22.8,69.0,18.2,89.0,1009.7,824.4,0.0,1.1,16.4,18.2,0.0,0.0,2018-09-18 20:46:42
2018-09-18 21:30:00,22.6,69.0,18.5,89.0,1009.8,824.5,0.0,1.1,16.7,18.5,0.0,0.0,2018-09-18 21:16:42
2018-09-18 22:00:00,22.6,70.0,17.6,92.0,1010.4,825.1,5.0,8.6,16.3,17.6,6.0,0.0,2018-09-18 21:46:42
2018-09-18 22:30:00,22.6,71.0,17.0,96.0,1011.1,825.8,5.0,6.1,16.4,17.0,2.1,0.0,2018-09-18 22:16:42
2018-09-18 23:00:00,22.5,71.0,16.1,96.0,1011.4,826.1,1.1,3.6,15.5,16.1,4.2,0.0,2018-09-18 22:46:42
2018-09-18 23:30:00,22.3,70.0,15.8,98.0,1011.7,826.4,8.6,12.2,15.5,14.3,0.3,0.0,2018-09-18 23:16:42
2018-09-19 00:00:00,22.2,70.0,16.3,98.0,1011.5,826.2,7.2,11.2,16.0,15.5,4.5,0.0,2018-09-18 23:46:42
2018-09-19 00:30:00,22.0,69.0,16.1,98.0,1011.6,826.3,2.5,6.1,15.8,16.1,3.0,0.0,2018-09-19 00:16:42
2018-09-19 01:00:00,21.9,70.0,15.9,99.0,1011.9,826.6,5.0,7.2,15.8,15.9,4.2,0.0,2018-09-19 00:46:42
2018-09-19 01:30:00,21.9,70.0,15.8,98.0,1011.5,826.2,3.6,5.0,15.5,15.8,1.5,0.0,2018-09-19 01:16:42
2018-09-19 02:00:00,21.7,70.0,15.6,98.0,1010.8,825.5,6.1,8.6,15.3,15.6,2.7,0.0,2018-09-19 01:46:42
2018-09-19 02:30:00,21.6,70.0,15.7,94.0,1010.4,825.1,2.5,5.0,14.8,15.7,0.0,0.0,2018-09-19 02:16:42
2018-09-19 03:00:00,21.5,69.0,15.6,94.0,1009.7,824.4,5.0,7.2,14.7,15.6,0.6,0.0,2018-09-19 02:46:42
2018-09-19 03:30:00,21.4,69.0,15.6,93.0,1009.3,824.0,8.6,11.2,14.5,14.1,0.0,0.0,2018-09-19 03:16:42
2018-09-19 04:00:00,21.2,69.0,15.3,94.0,1009.3,824.0,7.2,12.2,14.4,14.4,0.0,0.0,2018-09-19 03:46:42
2018-09-19 04:30:00,21.1,69.0,15.2,93.0,1009.4,824.1,2.5,5.0,14.1,15.2,0.0,0.0,2018-09-19 04:16:42
2018-09-19 05:00:00,21.1,68.0,15.1,94.0,1009.4,824.1,1.1,3.6,14.2,15.1,0.0,0.0,2018-09-19 04:46:42
2018-09-19 05:30:00,21.0,68.0,15.2,92.0,1009.1,823.8,2.5,3.6,13.9,15.2,0.0,0.0,2018-09-19 05:16:42
2018-09-19 06:00:00,20.9,69.0,15.3,91.0,1009.0,823.7,2.5,5.0,13.9,15.3,0.0,0.0,2018-09-19 05:46:42
2018-09-19 06:30:00,20.8,69.0,14.8,93.0,1009.5,824.2,2.5,3.6,13.7,14.8,0.0,0.0,2018-09-19 06:16:42
2018-09-19 07:00:00,20.8,69.0,14.9,94.0,1009.8,824.5,1.1,2.5,14.0,14.9,0.0,958.5,2018-09-19 06:46:42
2018-09-19 07:30:00,20.7,68.0,15.3,91.0,1009.7,824.4,1.1,2.5,13.9,15.3,0.0,4124.0,2018-09-19 07:16:42
2018-09-19 08:00:00,20.7,68.0,18.2,84.0,1009.7,824.4,0.0,1.1,15.5,18.2,0.0,11974.0,2018-09-19 07:46:42
2018-09-19 08:30:00,20.9,70.0,20.9,69.0,1010.0,824.7,3.6,5.0,15.0,20.9,0.0,17120.5,2018-09-19 08:16:42
2018-09-19 09:00:00,21.0,69.0,19.3,76.0,1010.1,824.8,1.1,3.6,15.0,19.3,0.0,27907.0,2018-09-19 08:46:42
2018-09-19 09:30:00,21.7,69.0,20.4,70.0,1010.6,825.3,6.1,9.7,14.8,20.4,0.0,40794.4,2018-09-19 09:16:42
2018-09-19 10:00:00,22.2,67.0,20.7,67.0,1011.0,825.7,7.2,11.2,14.4,20.1,0.0,44869.3,2018-09-19 09:46:42
2018-09-19 10:30:00,22.6,63.0,22.0,60.0,1010.8,825.5,7.2,12.2,13.9,21.5,0.0,54006.1,2018-09-19 10:16:42
2018-09-19 11:00:00,23.4,62.0,23.9,54.0,1010.5,825.2,5.0,8.6,14.1,23.9,0.0,65210.9,2018-09-19 10:46:42
2018-09-19 11:30:00,24.2,58.0,24.9,54.0,1010.1,824.8,9.7,11.2,15.0,24.0,0.0,71236.3,2018-09-19 11:16:42
2018-09-19 12:00:00,25.0,61.0,23.6,67.0,1010.3,825.0,5.0,6.1,17.1,23.6,0.0,36404.6,2018-09-19 11:46:42
2018-09-19 12:30:00,25.5,62.0,25.2,60.0,1010.4,825.1,5.0,9.7,16.9,25.2,0.0,79672.8,2018-09-19 12:16:42
2018-09-19 13:00:00,26.0,56.0,25.4,53.0,1010.3,825.0,5.0,6.1,15.2,25.4,0.0,80565.8,2018-09-19 12:46:42
2018-09-19 13:30:00,26.3,52.0,26.2,49.0,1010.2,824.9,8.6,13.3,14.7,25.6,0.0,80147.5,2018-09-19 13:16:42
2018-09-19 14:00:00,26.8,51.0,26.3,46.0,1010.0,824.7,9.7,17.3,13.8,25.5,0.0,80876.0,2018-09-19 13:46:42
2018-09-19 14:30:00,27.1,50.0,27.1,47.0,1009.8,824.5,8.6,12.2,14.9,26.6,0.0,80861.9,2018-09-19 14:16:42
2018-09-19 15:00:00,27.1,49.0,26.3,45.0,1009.5,824.2,11.2,18.4,13.5,25.3,0.0,29241.8,2018-09-19 14:46:42
2018-09-19 15:30:00,26.6,53.0,24.6,60.0,1009.3,824.0,11.2,17.3,16.4,23.4,0.0,61309.9,2018-09-19 15:16:42
2018-09-19 16:00:00,26.7,54.0,25.7,54.0,1009.2,823.9,14.8,17.3,15.7,24.2,0.0,46039.6,2018-09-19 15:46:42
2018-09-19 16:30:00,26.8,52.0,25.0,57.0,1009.3,824.0,8.6,15.8,15.9,24.3,0.0,30506.1,2018-09-19 16:16:42
2018-09-19 17:00:00,26.7,53.0,23.9,60.0,1009.3,824.0,14.8,17.3,15.7,22.0,0.0,12086.8,2018-09-19 16:46:42
2018-09-19 17:30:00,26.2,52.0,24.7,57.0,1008.9,823.6,6.1,11.2,15.6,24.7,0.0,17919.5,2018-09-19 17:16:42
2018-09-19 18:00:00,26.2,54.0,25.6,52.0,1008.8,823.5,3.6,6.1,15.0,25.6,0.0,16227.5,2018-09-19 17:46:42
2018-09-19 18:30:00,26.1,55.0,22.3,65.0,1009.0,823.7,1.1,2.5,15.4,22.3,0.0,1444.5,2018-09-19 18:16:42
2018-09-19 19:00:00,25.8,60.0,20.2,79.0,1009.6,824.3,0.0,1.1,16.5,20.2,0.0,0.0,2018-09-19 18:46:42
2018-09-19 19:30:00,25.1,62.0,19.3,84.0,1010.2,824.9,3.6,6.1,16.6,19.3,0.0,0.0,2018-09-19 19:16:42
2018-09-19 20:00:00,24.5,64.0,18.8,87.0,1010.2,824.9,2.5,3.6,16.6,18.8,0.0,0.0,2018-09-19 19:46:42
2018-09-19 20:30:00,24.2,64.0,18.4,89.0,1010.5,825.2,2.5,5.0,16.6,18.4,0.0,0.0,2018-09-19 20:16:42
2018-09-19 21:00:00,24.1,65.0,18.3,89.0,1010.7,825.4,1.1,3.6,16.5,18.3,0.0,0.0,2018-09-19 20:46:42
2018-09-19 21:30:00,23.8,67.0,18.3,90.0,1010.9,825.6,1.1,2.5,16.7,18.3,0.0,0.0,2018-09-19 21:16:42
2018-09-19 22:00:00,23.5,67.0,18.1,90.0,1011.0,825.7,1.1,2.5,16.5,18.1,0.0,0.0,2018-09-19 21:46:42
2018-09-19 22:30:00,23.3,67.0,17.9,89.0,1011.1,825.8,1.1,2.5,16.1,17.9,0.0,0.0,2018-09-19 22:16:42
2018-09-19 23:00:00,23.2,67.0,17.6,89.0,1011.0,825.7,1.1,2.5,15.8,17.6,0.0,0.0,2018-09-19 22:46:42
2018-09-19 23:30:00,22.9,66.0,17.2,87.0,1010.7,825.4,3.6,5.0,15.0,17.2,0.0,0.0,2018-09-19 23:16:42
2018-09-20 00:00:00,22.8,65.0,16.9,89.0,1010.5,825.2,1.1,2.5,15.1,16.9,0.0,0.0,2018-09-19 23:46:42
2018-09-20 00:30:00,22.6,65.0,16.9,88.0,1010.4,825.1,1.1,3.6,14.9,16.9,0.0,0.0,2018-09-20 00:16:42
2018-09-20 01:00:00,22.5,64.0,17.1,86.0,1010.7,825.4,2.5,5.0,14.8,17.1,0.0,0.0,2018-09-20 00:46:42
2018-09-20 01:30:00,22.4,64.0,17.9,78.0,1010.5,825.2,2.5,5.0,14.0,17.9,0.0,0.0,2018-09-20 01:16:42
2018-09-20 02:00:00,22.3,62.0,17.5,79.0,1010.4,825.1,5.0,6.1,13.8,17.5,0.0,0.0,2018-09-20 01:46:42
2018-09-20 02:30:00,22.2,62.0,17.4,78.0,1010.1,824.8,1.1,2.5,13.5,17.4,0.0,0.0,2018-09-20 02:16:42
2018-09-20 03:00:00,22.2,62.0,17.4,81.0,1010.0,824.7,1.1,2.5,14.1,17.4,0.0,0.0,2018-09-20 02:46:42
2018-09-20 03:30:00,22.1,62.0,17.1,82.0,1009.8,824.5,0.0,0.0,14.0,17.1,0.0,0.0,2018-09-20 03:16:42
2018-09-20 04:00:00,22.1,63.0,17.0,84.0,1009.9,824.6,2.5,5.0,14.3,17.0,0.0,0.0,2018-09-20 03:46:42
2018-09-20 04:30:00,22.0,63.0,16.9,88.0,1009.9,824.6,0.0,2.5,14.9,16.9,0.0,0.0,2018-09-20 04:16:42
2018-09-20 05:00:00,21.9,66.0,16.7,89.0,1009.7,824.4,2.5,3.6,14.9,16.7,0.0,0.0,2018-09-20 04:46:42
2018-09-20 05:30:00,21.9,66.0,16.5,89.0,1009.7,824.4,1.1,2.5,14.7,16.5,0.0,0.0,2018-09-20 05:16:42
2018-09-20 06:00:00,21.8,66.0,16.5,87.0,1010.1,824.8,0.0,1.1,14.3,16.5,0.0,0.0,2018-09-20 05:46:42
2018-09-20 06:30:00,21.7,66.0,16.2,89.0,1009.9,824.6,1.1,2.5,14.4,16.2,0.0,0.0,2018-09-20 06:16:42
2018-09-20 07:00:00,21.5,66.0,16.6,87.0,1009.9,824.6,3.6,5.0,14.4,16.6,0.0,532.5,2018-09-20 06:46:42
2018-09-20 07:30:00,21.5,66.0,16.7,87.0,1010.2,824.9,2.5,3.6,14.5,16.7,0.0,3410.0,2018-09-20 07:16:42
2018-09-20 08:00:00,21.4,66.0,17.5,83.0,1010.5,825.2,1.1,2.5,14.6,17.5,0.0,5420.0,2018-09-20 07:46:42
2018-09-20 08:30:00,21.5,67.0,21.1,70.0,1010.8,825.5,5.0,7.2,15.4,21.1,0.0,17458.9,2018-09-20 08:16:42
2018-09-20 09:00:00,21.9,67.0,23.5,61.0,1010.7,825.4,1.1,2.5,15.6,23.5,0.0,25326.7,2018-09-20 08:46:42
2018-09-20 09:30:00,22.8,65.0,25.4,53.0,1011.3,826.0,2.5,7.2,15.2,25.4,0.0,37382.2,2018-09-20 09:16:42
2018-09-20 10:00:00,23.8,65.0,24.1,59.0,1011.6,826.3,6.1,9.7,15.6,24.1,0.0,49973.5,2018-09-20 09:46:42
2018-09-20 10:30:00,24.5,64.0,23.6,63.0,1011.5,826.2,5.0,7.2,16.2,23.6,0.0,58283.1,2018-09-20 10:16:42
2018-09-20 11:00:00,24.9,63.0,24.1,63.0,1011.4,826.1,6.1,9.7,16.6,24.1,0.0,24574.7,2018-09-20 10:46:42
2018-09-20 11:30:00,25.5,62.0,24.6,61.0,1011.2,825.9,3.6,6.1,16.6,24.6,0.0,24057.7,2018-09-20 11:16:42
2018-09-20 12:00:00,25.8,60.0,24.8,57.0,1010.8,825.5,5.0,8.6,15.7,24.8,0.0,81764.3,2018-09-20 11:46:42
2018-09-20 12:30:00,26.3,56.0,25.8,53.0,1010.5,825.2,7.2,11.2,15.5,25.4,0.0,79409.6,2018-09-20 12:16:42
2018-09-20 13:00:00,26.9,56.0,25.6,54.0,1010.3,825.0,7.2,11.2,15.6,25.2,0.0,20683.1,2018-09-20 12:46:42
2018-09-20 13:30:00,26.9,55.0,25.8,53.0,1010.2,824.9,5.0,8.6,15.5,25.8,0.0,20410.5,2018-09-20 13:16:42
2018-09-20 14:00:00,27.0,53.0,28.4,48.0,1009.9,824.6,7.2,11.2,16.4,28.2,0.0,31389.7,2018-09-20 13:46:42
2018-09-20 14:30:00,27.5,52.0,28.4,45.0,1009.5,824.2,3.6,6.1,15.4,28.4,0.0,60863.4,2018-09-20 14:16:42
2018-09-20 15:00:00,27.9,52.0,26.9,56.0,1009.2,823.9,8.6,11.2,17.4,26.4,0.0,68298.8,2018-09-20 14:46:42
2018-09-20 15:30:00,27.5,53.0,26.9,53.0,1008.7,823.4,5.0,7.2,16.5,26.9,0.0,63768.0,2018-09-20 15:16:42
2018-09-20 16:00:00,27.4,53.0,26.4,52.0,1008.4,823.1,7.2,9.7,15.8,26.1,0.0,19865.3,2018-09-20 15:46:42
2018-09-20 16:30:00,27.3,55.0,26.4,56.0,1008.4,823.1,7.2,9.7,16.9,26.1,0.0,14723.5,2018-09-20 16:16:42
2018-09-20 17:00:00,27.3,56.0,27.7,50.0,1008.3,823.0,5.0,9.7,16.4,27.7,0.0,18812.5,2018-09-20 16:46:42
2018-09-20 17:30:00,27.5,52.0,27.4,49.0,1008.2,822.9,5.0,6.1,15.8,27.4,0.0,15954.9,2018-09-20 17:16:42
2018-09-20 18:00:00,27.5,53.0,26.9,51.0,1008.4,823.1,3.6,5.0,15.9,26.9,0.0,15823.3,2018-09-20 17:46:42
2018-09-20 18:30:00,27.4,54.0,26.1,56.0,1008.4,823.1,1.1,2.5,16.7,26.1,0.0,2618.0,2018-09-20 18:16:42
2018-09-20 19:00:00,26.8,57.0,22.3,69.0,1008.6,823.3,2.5,5.0,16.4,22.3,0.0,82.5,2018-09-20 18:46:42
2018-09-20 19:30:00,26.3,59.0,21.3,73.0,1008.9,823.6,1.1,2.5,16.3,21.3,0.0,0.0,2018-09-20 19:16:42
2018-09-20 20:00:00,25.7,60.0,20.5,76.0,1008.7,823.4,0.0,1.1,16.1,20.5,0.0,0.0,2018-09-20 19:46:42
2018-09-20 20:30:00,25.4,60.0,20.2,78.0,1009.3,824.0,3.6,5.0,16.3,20.2,0.0,0.0,2018-09-20 20:16:42
2018-09-20 21:00:00,25.1,61.0,19.7,78.0,1009.5,824.2,3.6,5.0,15.8,19.7,0.0,0.0,2018-09-20 20:46:42
2018-09-20 21:30:00,24.7,61.0,19.3,77.0,1009.7,824.4,1.1,2.5,15.2,19.3,0.0,0.0,2018-09-20 21:16:42
2018-09-20 22:00:00,24.5,60.0,18.7,76.0,1010.2,824.9,2.5,3.6,14.4,18.7,0.0,0.0,2018-09-20 21:46:42
2018-09-20 22:30:00,24.3,60.0,18.9,77.0,1011.0,825.7,0.0,2.5,14.8,18.9,0.0,0.0,2018-09-20 22:16:42
2018-09-20 23:00:00,24.0,60.0,18.7,78.0,1011.2,825.9,3.6,6.1,14.8,18.7,0.0,0.0,2018-09-20 22:46:42
2018-09-20 23:30:00,23.9,61.0,18.4,78.0,1011.1,825.8,2.5,5.0,14.5,18.4,0.0,0.0,2018-09-20 23:16:42
2018-09-21 00:00:00,23.8,61.0,18.2,81.0,1011.1,825.8,0.0,0.0,14.9,18.2,0.0,0.0,2018-09-20 23:46:42
2018-09-21 00:30:00,23.6,61.0,18.4,80.0,1011.3,826.0,1.1,5.0,14.9,18.4,0.0,0.0,2018-09-21 00:16:42
2018-09-21 01:00:00,23.5,62.0,18.0,82.0,1011.2,825.9,3.6,5.0,14.9,18.0,0.0,0.0,2018-09-21 00:46:42
2018-09-21 01:30:00,23.3,62.0,17.3,86.0,1010.7,825.4,2.5,3.6,15.0,17.3,0.0,0.0,2018-09-21 01:16:42
2018-09-21 02:00:00,23.2,63.0,16.9,88.0,1010.6,825.3,1.1,2.5,14.9,16.9,0.0,0.0,2018-09-21 01:46:42
2018-09-21 02:30:00,23.0,63.0,16.8,88.0,1009.9,824.6,1.1,3.6,14.8,16.8,0.0,0.0,2018-09-21 02:16:42
2018-09-21 03:00:00,22.9,62.0,16.8,88.0,1009.4,824.1,2.5,5.0,14.8,16.8,0.0,0.0,2018-09-21 02:46:42
2018-09-21 03:30:00,22.6,62.0,16.8,86.0,1009.3,824.0,1.1,3.6,14.5,16.8,0.0,0.0,2018-09-21 03:16:42
2018-09-21 04:00:00,22.6,62.0,16.4,88.0,1008.7,823.4,2.5,3.6,14.4,16.4,0.0,0.0,2018-09-21 03:46:42
2018-09-21 04:30:00,22.5,62.0,16.2,88.0,1008.7,823.4,3.6,5.0,14.2,16.2,0.0,0.0,2018-09-21 04:16:42
2018-09-21 05:00:00,22.4,62.0,16.1,88.0,1009.4,824.1,2.5,3.6,14.1,16.1,0.0,0.0,2018-09-21 04:46:42
2018-09-21 05:30:00,22.3,62.0,16.1,90.0,1009.2,823.9,1.1,3.6,14.5,16.1,0.0,0.0,2018-09-21 05:16:42
2018-09-21 06:00:00,22.2,62.0,16.0,89.0,1009.3,824.0,1.1,2.5,14.2,16.0,0.0,0.0,2018-09-21 05:46:42
2018-09-21 06:30:00,22.1,62.0,15.9,90.0,1009.8,824.5,3.6,7.2,14.3,15.9,0.0,0.0,2018-09-21 06:16:42
2018-09-21 07:00:00,22.0,62.0,15.9,90.0,1010.3,825.0,2.5,3.6,14.3,15.9,0.0,789.7,2018-09-21 06:46:42
2018-09-21 07:30:00,21.9,63.0,16.5,88.0,1010.6,825.3,1.1,3.6,14.5,16.5,0.0,4658.0,2018-09-21 07:16:42
2018-09-21 08:00:00,22.0,63.0,18.1,82.0,1011.0,825.7,3.6,6.1,15.0,18.1,0.0,10324.3,2018-09-21 07:46:42
2018-09-21 08:30:00,22.1,64.0,18.1,82.0,1011.6,826.3,0.0,1.1,15.0,18.1,0.0,13943.3,2018-09-21 08:16:42
2018-09-21 09:00:00,22.3,64.0,21.8,70.0,1011.6,826.3,1.1,3.6,16.1,21.8,0.0,30957.3,2018-09-21 08:46:42
2018-09-21 09:30:00,22.9,65.0,21.5,68.0,1011.5,826.2,5.0,6.1,15.4,21.5,0.0,17266.2,2018-09-21 09:16:42
2018-09-21 10:00:00,23.6,65.0,20.8,72.0,1011.6,826.3,13.3,18.4,15.6,18.6,0.0,16608.2,2018-09-21 09:46:42
2018-09-21 10:30:00,23.7,65.0,21.8,73.0,1011.8,826.5,3.6,6.1,16.8,21.8,0.0,59951.6,2018-09-21 10:16:42
2018-09-21 11:00:00,24.5,63.0,23.0,64.0,1011.9,826.6,6.1,9.7,15.9,23.0,0.0,38702.9,2018-09-21 10:46:42
2018-09-21 11:30:00,24.9,61.0,23.5,61.0,1011.9,826.6,2.5,5.0,15.6,23.5,0.0,16011.3,2018-09-21 11:16:42
2018-09-21 12:00:00,25.0,59.0,23.7,60.0,1011.4,826.1,1.1,2.5,15.5,23.7,0.0,31323.9,2018-09-21 11:46:42
2018-09-21 12:30:00,25.6,56.0,25.2,52.0,1011.3,826.0,6.1,8.6,14.7,25.2,0.0,24071.8,2018-09-21 12:16:42
2018-09-21 13:00:00,25.9,52.0,25.6,50.0,1010.6,825.3,7.2,12.2,14.4,25.2,0.0,75781.2,2018-09-21 12:46:42
2018-09-21 13:30:00,26.4,52.0,24.6,58.0,1010.5,825.2,9.7,12.2,15.8,23.7,0.0,17510.6,2018-09-21 13:16:42
2018-09-21 14:00:00,26.1,55.0,23.5,64.0,1010.0,824.7,6.1,11.2,16.3,23.5,0.0,45005.6,2018-09-21 13:46:42
2018-09-21 14:30:00,26.1,53.0,25.1,48.0,1010.0,824.7,2.5,5.0,13.4,25.1,0.0,18591.6,2018-09-21 14:16:42
2018-09-21 15:00:00,26.3,50.0,26.9,43.0,1009.3,824.0,5.0,9.7,13.3,26.9,0.0,27888.2,2018-09-21 14:46:42
2018-09-21 15:30:00,27.0,48.0,27.0,43.0,1009.2,823.9,6.1,8.6,13.4,27.0,0.0,41508.8,2018-09-21 15:16:42
2018-09-21 16:00:00,27.4,47.0,28.1,43.0,1009.2,823.9,8.6,12.2,14.4,27.7,0.0,40883.7,2018-09-21 15:46:42
2018-09-21 16:30:00,27.5,47.0,28.6,43.0,1009.1,823.8,5.0,11.2,14.8,28.6,0.0,27897.6,2018-09-21 16:16:42
2018-09-21 17:00:00,27.5,47.0,28.1,42.0,1009.2,823.9,5.0,9.7,14.0,28.1,0.0,22596.0,2018-09-21 16:46:42
2018-09-21 17:30:00,27.5,46.0,28.5,43.0,1008.8,823.5,1.1,3.6,14.7,28.5,0.0,17003.0,2018-09-21 17:16:42
2018-09-21 18:00:00,27.5,47.0,26.8,44.0,1009.1,823.8,2.5,3.6,13.6,26.8,0.0,12669.6,2018-09-21 17:46:42
2018-09-21 18:30:00,27.2,50.0,23.7,61.0,1009.1,823.8,1.1,3.6,15.8,23.7,0.0,2486.0,2018-09-21 18:16:42
2018-09-21 19:00:00,26.7,54.0,21.6,70.0,1009.5,824.2,1.1,2.5,15.9,21.6,0.0,0.0,2018-09-21 18:46:42
2018-09-21 19:30:00,26.1,56.0,20.8,73.0,1009.5,824.2,1.1,2.5,15.8,20.8,0.0,0.0,2018-09-21 19:16:42
2018-09-21 20:00:00,25.4,58.0,20.1,76.0,1009.9,824.6,1.1,3.6,15.8,20.1,0.0,0.0,2018-09-21 19:46:42
2018-09-21 20:30:00,25.1,59.0,19.6,80.0,1010.0,824.7,3.6,5.0,16.1,19.6,0.0,0.0,2018-09-21 20:16:42
2018-09-21 21:00:00,24.9,60.0,19.3,80.0,1010.2,824.9,3.6,5.0,15.8,19.3,0.0,0.0,2018-09-21 20:46:42
2018-09-21 21:30:00,24.7,60.0,19.2,80.0,1010.6,825.3,1.1,2.5,15.7,19.2,0.0,0.0,2018-09-21 21:16:42
2018-09-21 22:00:00,24.5,60.0,18.8,80.0,1010.9,825.6,3.6,6.1,15.3,18.8,0.0,0.0,2018-09-21 21:46:42
2018-09-21 22:30:00,24.3,60.0,18.8,79.0,1011.1,825.8,3.6,5.0,15.1,18.8,0.0,0.0,2018-09-21 22:16:42
2018-09-21 23:00:00,24.1,60.0,18.4,82.0,1011.4,826.1,0.0,0.0,15.3,18.4,0.0,0.0,2018-09-21 22:46:42
2018-09-21 23:30:00,23.9,62.0,18.1,83.0,1011.1,825.8,2.5,3.6,15.2,18.1,0.0,0.0,2018-09-21 23:16:42
2018-09-22 00:00:00,23.8,62.0,18.2,83.0,1011.0,825.7,1.1,3.6,15.3,18.2,0.0,0.0,2018-09-21 23:46:42
2018-09-22 00:30:00,23.7,62.0,18.4,82.0,1011.0,825.7,1.1,3.6,15.3,18.4,0.0,0.0,2018-09-22 00:16:42
2018-09-22 01:00:00,23.7,63.0,18.6,83.0,1010.5,825.2,2.5,3.6,15.7,18.6,0.0,0.0,2018-09-22 00:46:42
2018-09-22 01:30:00,23.6,63.0,18.3,83.0,1010.6,825.3,0.0,1.1,15.4,18.3,0.0,0.0,2018-09-22 01:16:42
2018-09-22 02:00:00,23.4,63.0,18.2,84.0,1010.6,825.3,0.0,1.1,15.5,18.2,0.0,0.0,2018-09-22 01:46:42
2018-09-22 02:30:00,23.4,63.0,18.2,84.0,1010.3,825.0,2.5,5.0,15.5,18.2,0.0,0.0,2018-09-22 02:16:42
2018-09-22 03:00:00,23.3,63.0,17.5,85.0,1010.1,824.8,0.0,1.1,15.0,17.5,0.0,0.0,2018-09-22 02:46:42
2018-09-22 03:30:00,23.2,63.0,17.7,86.0,1010.1,824.8,1.1,3.6,15.3,17.7,0.0,0.0,2018-09-22 03:16:42
2018-09-22 04:00:00,23.0,63.0,17.6,85.0,1009.9,824.6,1.1,3.6,15.1,17.6,0.0,0.0,2018-09-22 03:46:42
2018-09-22 04:30:00,22.9,63.0,17.2,87.0,1009.5,824.2,0.0,0.0,15.0,17.2,0.0,0.0,2018-09-22 04:16:42
2018-09-22 05:00:00,22.9,64.0,17.0,88.0,1010.3,825.0,2.5,3.6,15.0,17.0,0.0,0.0,2018-09-22 04:46:42
2018-09-22 05:30:00,22.8,64.0,17.7,88.0,1010.3,825.0,0.0,1.1,15.7,17.7,0.0,0.0,2018-09-22 05:16:42
2018-09-22 06:00:00,22.5,64.0,17.4,88.0,1010.5,825.2,1.1,3.6,15.4,17.4,0.0,0.0,2018-09-22 05:46:42
2018-09-22 06:30:00,22.6,65.0,17.5,88.0,1010.6,825.3,1.1,2.5,15.5,17.5,0.0,0.0,2018-09-22 06:16:42
2018-09-22 07:00:00,22.6,65.0,17.5,84.0,1010.8,825.5,2.5,5.0,14.8,17.5,0.0,0.0,2018-09-22 06:46:42
2018-09-22 07:30:00,22.6,64.0,17.9,85.0,1010.7,825.4,2.5,5.0,15.4,17.9,0.0,2384.0,2018-09-22 07:16:42
2018-09-22 08:00:00,22.6,64.0,18.9,83.0,1011.0,825.7,3.6,6.1,16.0,18.9,0.0,8216.0,2018-09-22 07:46:42
2018-09-22 08:30:00,22.6,64.0,19.8,79.0,1011.3,826.0,1.1,2.5,16.1,19.8,0.0,8630.0,2018-09-22 08:16:42
2018-09-22 09:00:00,22.9,65.0,19.8,80.0,1011.8,826.5,3.6,5.0,16.3,19.8,0.0,12119.7,2018-09-22 08:46:42
2018-09-22 09:30:00,23.2,67.0,21.7,71.0,1011.7,826.4,2.5,3.6,16.2,21.7,0.0,21336.4,2018-09-22 09:16:42
2018-09-22 10:00:00,23.8,66.0,21.0,73.0,1011.9,826.6,6.1,8.6,16.0,21.0,0.0,12086.8,2018-09-22 09:46:42
2018-09-22 10:30:00,24.0,65.0,21.6,72.0,1012.0,826.7,2.5,6.1,16.4,21.6,0.0,34416.5,2018-09-22 10:16:42
2018-09-22 11:00:00,24.5,63.0,23.8,63.0,1012.0,826.7,3.6,5.0,16.4,23.8,0.0,26473.5,2018-09-22 10:46:42
2018-09-22 11:30:00,24.8,61.0,22.9,64.0,1011.5,826.2,0.0,2.5,15.8,22.9,0.0,27813.0,2018-09-22 11:16:42
2018-09-22 12:00:00,25.2,59.0,23.0,64.0,1011.8,826.5,12.2,14.8,15.9,21.4,0.0,24194.0,2018-09-22 11:46:42
2018-09-22 12:30:00,25.5,60.0,24.0,62.0,1011.1,825.8,5.0,11.2,16.3,24.0,0.0,71823.8,2018-09-22 12:16:42
2018-09-22 13:00:00,25.8,59.0,23.3,66.0,1011.0,825.7,1.1,2.5,16.6,23.3,0.0,31502.5,2018-09-22 12:46:42
2018-09-22 13:30:00,25.8,60.0,23.7,66.0,1010.6,825.3,2.5,5.0,17.0,23.7,0.0,13243.0,2018-09-22 13:16:42
2018-09-22 14:00:00,25.9,61.0,24.6,62.0,1010.1,824.8,6.1,8.6,16.9,24.6,0.0,21129.6,2018-09-22 13:46:42
2018-09-22 14:30:00,25.8,60.0,22.8,69.0,1009.7,824.4,7.2,11.2,16.8,22.3,0.0,30595.4,2018-09-22 14:16:42
2018-09-22 15:00:00,25.8,60.0,25.4,53.0,1009.4,824.1,2.5,6.1,15.2,25.4,0.0,44577.9,2018-09-22 14:46:42
2018-09-22 15:30:00,26.2,57.0,26.0,55.0,1009.1,823.8,6.1,9.7,16.3,26.0,0.0,33396.6,2018-09-22 15:16:42
2018-09-22 16:00:00,26.4,56.0,25.4,56.0,1008.8,823.5,7.2,11.2,16.0,25.0,0.0,21242.4,2018-09-22 15:46:42
2018-09-22 16:30:00,26.4,56.0,24.7,61.0,1008.4,823.1,6.1,7.2,16.7,24.7,0.0,16932.5,2018-09-22 16:16:42
2018-09-22 17:00:00,26.3,56.0,24.2,61.0,1008.4,823.1,2.5,5.0,16.2,24.2,0.0,8618.0,2018-09-22 16:46:42
2018-09-22 17:30:00,26.0,57.0,23.3,67.0,1008.2,822.9,5.0,7.2,16.9,23.3,0.0,7700.0,2018-09-22 17:16:42
2018-09-22 18:00:00,25.8,61.0,23.0,74.0,1008.2,822.9,3.6,6.1,18.1,23.0,0.0,14888.0,2018-09-22 17:46:42
2018-09-22 18:30:00,25.6,62.0,22.0,76.0,1008.4,823.1,3.6,5.0,17.6,22.0,0.0,2720.0,2018-09-22 18:16:42
2018-09-22 19:00:00,25.4,63.0,20.9,81.0,1008.4,823.1,2.5,3.6,17.5,20.9,2.1,15.0,2018-09-22 18:46:42
2018-09-22 19:30:00,25.0,65.0,17.8,90.0,1009.2,823.9,3.6,5.0,16.2,17.8,4.8,0.0,2018-09-22 19:16:42
2018-09-22 20:00:00,24.6,66.0,17.9,91.0,1009.3,824.0,0.0,2.5,16.4,17.9,5.1,0.0,2018-09-22 19:46:42
2018-09-22 20:30:00,24.2,67.0,17.4,93.0,1009.0,823.7,0.0,2.5,16.3,17.4,0.0,0.0,2018-09-22 20:16:42
2018-09-22 21:00:00,23.9,67.0,17.1,93.0,1009.4,824.1,3.6,6.1,16.0,17.1,0.0,0.0,2018-09-22 20:46:42
2018-09-22 21:30:00,23.8,67.0,17.2,94.0,1009.7,824.4,1.1,3.6,16.2,17.2,0.0,0.0,2018-09-22 21:16:42
2018-09-22 22:00:00,23.5,67.0,17.3,92.0,1010.2,824.9,1.1,3.6,16.0,17.3,0.0,0.0,2018-09-22 21:46:42
2018-09-22 22:30:00,23.3,67.0,17.2,90.0,1010.3,825.0,3.6,5.0,15.6,17.2,0.0,0.0,2018-09-22 22:16:42
2018-09-22 23:00:00,23.2,66.0,17.1,89.0,1010.6,825.3,0.0,2.5,15.3,17.1,0.0,0.0,2018-09-22 22:46:42
2018-09-22 23:30:00,23.0,66.0,17.1,89.0,1010.9,825.6,3.6,5.0,15.3,17.1,0.0,0.0,2018-09-22 23:16:42
2018-09-23 00:00:00,22.9,66.0,16.9,90.0,1010.7,825.4,2.5,3.6,15.3,16.9,0.0,0.0,2018-09-22 23:46:42
2018-09-23 00:30:00,22.6,66.0,17.1,88.0,1010.4,825.1,3.6,5.0,15.1,17.1,0.0,0.0,2018-09-23 00:16:42
2018-09-23 01:00:00,22.6,65.0,17.2,89.0,1010.3,825.0,2.5,5.0,15.4,17.2,0.0,0.0,2018-09-23 00:46:42
2018-09-23 01:30:00,22.6,66.0,17.0,90.0,1010.2,824.9,0.0,0.0,15.4,17.0,0.0,0.0,2018-09-23 01:16:42
2018-09-23 02:00:00,22.6,66.0,17.0,90.0,1009.8,824.5,2.5,3.6,15.4,17.0,0.0,0.0,2018-09-23 01:46:42
2018-09-23 02:30:00,22.5,66.0,17.0,89.0,1009.5,824.2,2.5,5.0,15.2,17.0,0.0,0.0,2018-09-23 02:16:42
2018-09-23 03:00:00,22.4,66.0,17.0,86.0,1009.1,823.8,1.1,3.6,14.7,17.0,0.0,0.0,2018-09-23 02:46:42
2018-09-23 03:30:00,22.3,66.0,16.9,87.0,1009.0,823.7,1.1,2.5,14.7,16.9,0.0,0.0,2018-09-23 03:16:42
2018-09-23 04:00:00,22.2,65.0,16.4,89.0,1008.7,823.4,2.5,5.0,14.6,16.4,0.0,0.0,2018-09-23 03:46:42
2018-09-23 04:30:00,22.1,65.0,16.3,90.0,1008.6,823.3,1.1,2.5,14.7,16.3,0.0,0.0,2018-09-23 04:16:42
2018-09-23 05:00:00,22.0,65.0,16.3,90.0,1008.6,823.3,1.1,3.6,14.7,16.3,0.0,0.0,2018-09-23 04:46:42
2018-09-23 05:30:00,21.9,66.0,16.2,90.0,1008.6,823.3,1.1,2.5,14.6,16.2,0.0,0.0,2018-09-23 05:16:42
2018-09-23 06:00:00,21.8,66.0,15.9,91.0,1008.8,823.5,0.0,1.1,14.5,15.9,0.0,0.0,2018-09-23 05:46:42
2018-09-23 06:30:00,21.8,66.0,16.5,92.0,1009.2,823.9,2.5,3.6,15.2,16.5,0.0,0.0,2018-09-23 06:16:42
2018-09-23 07:00:00,21.8,67.0,16.7,90.0,1009.4,824.1,1.1,3.6,15.1,16.7,0.0,600.0,2018-09-23 06:46:42
2018-09-23 07:30:00,21.8,67.0,17.4,90.0,1009.7,824.4,0.0,0.0,15.8,17.4,0.0,5036.0,2018-09-23 07:16:42
2018-09-23 08:00:00,21.8,68.0,19.6,76.0,1010.2,824.9,1.1,2.5,15.3,19.6,0.0,11245.5,2018-09-23 07:46:42
2018-09-23 08:30:00,21.9,67.0,21.5,72.0,1010.1,824.8,1.1,2.5,16.3,21.5,0.0,16768.0,2018-09-23 08:16:42
2018-09-23 09:00:00,22.1,66.0,23.3,63.0,1010.3,825.0,3.6,6.1,15.9,23.3,0.0,29119.6,2018-09-23 08:46:42
2018-09-23 09:30:00,22.6,66.0,22.9,66.0,1010.6,825.3,5.0,8.6,16.2,22.9,0.0,32987.7,2018-09-23 09:16:42
2018-09-23 10:00:00,22.9,66.0,20.7,75.0,1010.9,825.6,6.1,9.7,16.1,20.7,0.0,18944.1,2018-09-23 09:46:42
2018-09-23 10:30:00,23.0,66.0,21.4,74.0,1011.0,825.7,2.5,3.6,16.6,21.4,0.0,13158.4,2018-09-23 10:16:42
2018-09-23 11:00:00,23.0,67.0,21.8,73.0,1011.0,825.7,7.2,9.7,16.8,21.3,0.0,46100.7,2018-09-23 10:46:42
2018-09-23 11:30:00,23.7,67.0,22.9,68.0,1011.0,825.7,2.5,3.6,16.7,22.9,0.0,16199.3,2018-09-23 11:16:42
2018-09-23 12:00:00,24.2,65.0,24.3,61.0,1011.2,825.9,8.6,11.2,16.3,23.5,0.0,30459.1,2018-09-23 11:46:42
2018-09-23 12:30:00,24.9,63.0,24.1,61.0,1010.9,825.6,6.1,8.6,16.1,24.1,0.0,13407.5,2018-09-23 12:16:42
2018-09-23 13:00:00,25.0,62.0,24.0,63.0,1010.5,825.2,1.1,2.5,16.6,24.0,0.0,9794.0,2018-09-23 12:46:42
2018-09-23 13:30:00,24.8,63.0,22.2,70.0,1010.4,825.1,5.0,6.1,16.5,22.2,0.0,19484.6,2018-09-23 13:16:42
2018-09-23 14:00:00,24.6,63.0,24.1,64.0,1009.9,824.6,3.6,6.1,16.9,24.1,0.0,32959.5,2018-09-23 13:46:42
2018-09-23 14:30:00,25.0,62.0,22.5,71.0,1009.5,824.2,6.1,7.2,17.0,22.5,0.6,18055.8,2018-09-23 14:16:42
2018-09-23 15:00:00,24.5,65.0,20.8,77.0,1009.4,824.1,2.5,3.6,16.6,20.8,1.2,18375.4,2018-09-23 14:46:42
2018-09-23 15:30:00,24.3,66.0,24.9,62.0,1008.9,823.6,1.1,2.5,17.1,24.9,0.0,52201.3,2018-09-23 15:16:42
2018-09-23 16:00:00,24.6,64.0,26.0,57.0,1008.5,823.2,1.1,2.5,16.9,26.0,0.0,33133.4,2018-09-23 15:46:42
2018-09-23 16:30:00,24.9,63.0,26.3,51.0,1008.5,823.2,5.0,6.1,15.4,26.3,0.0,28015.1,2018-09-23 16:16:42
2018-09-23 17:00:00,25.1,61.0,26.0,54.0,1007.9,822.6,3.6,6.1,16.0,26.0,0.0,16960.7,2018-09-23 16:46:42
2018-09-23 17:30:00,25.1,61.0,24.5,61.0,1008.1,822.8,1.1,2.5,16.5,24.5,0.0,11851.8,2018-09-23 17:16:42
2018-09-23 18:00:00,25.0,62.0,22.9,68.0,1008.4,823.1,1.1,2.5,16.7,22.9,0.0,7184.0,2018-09-23 17:46:42
2018-09-23 18:30:00,24.7,64.0,21.6,73.0,1008.5,823.2,1.1,2.5,16.6,21.6,0.0,2264.0,2018-09-23 18:16:42
2018-09-23 19:00:00,24.3,65.0,20.3,80.0,1008.2,822.9,2.5,5.0,16.8,20.3,0.0,0.0,2018-09-23 18:46:42
2018-09-23 19:30:00,24.1,66.0,19.6,82.0,1009.0,823.7,1.1,2.5,16.5,19.6,0.0,0.0,2018-09-23 19:16:42
2018-09-23 20:00:00,23.6,67.0,19.2,83.0,1009.3,824.0,2.5,3.6,16.3,19.2,0.0,0.0,2018-09-23 19:46:42
2018-09-23 20:30:00,23.3,67.0,18.7,85.0,1009.3,824.0,1.1,3.6,16.1,18.7,0.0,0.0,2018-09-23 20:16:42
2018-09-23 21:00:00,23.2,67.0,18.4,85.0,1009.6,824.3,2.5,5.0,15.9,18.4,0.0,0.0,2018-09-23 20:46:42
2018-09-23 21:30:00,22.9,68.0,18.3,85.0,1010.1,824.8,1.1,3.6,15.8,18.3,0.0,0.0,2018-09-23 21:16:42
2018-09-23 22:00:00,22.9,67.0,18.0,85.0,1010.3,825.0,1.1,3.6,15.5,18.0,0.0,0.0,2018-09-23 21:46:42
2018-09-23 22:30:00,22.6,67.0,17.9,85.0,1010.6,825.3,2.5,5.0,15.4,17.9,0.0,0.0,2018-09-23 22:16:42
2018-09-23 23:00:00,22.5,67.0,18.2,85.0,1010.6,825.3,0.0,1.1,15.7,18.2,0.0,0.0,2018-09-23 22:46:42
2018-09-23 23:30:00,22.5,67.0,17.8,89.0,1010.9,825.6,1.1,2.5,16.0,17.8,0.0,0.0,2018-09-23 23:16:42
2018-09-24 00:00:00,22.5,68.0,17.6,90.0,1010.4,825.1,2.5,3.6,16.0,17.6,0.0,0.0,2018-09-23 23:46:42
2018-09-24 00:30:00,22.4,68.0,17.1,90.0,1010.5,825.2,0.0,1.1,15.5,17.1,0.0,0.0,2018-09-24 00:16:42
2018-09-24 01:00:00,22.3,68.0,17.4,91.0,1010.5,825.2,1.1,2.5,15.9,17.4,0.0,0.0,2018-09-24 00:46:42
2018-09-24 01:30:00,22.3,68.0,17.5,89.0,1010.2,824.9,2.5,3.6,15.7,17.5,0.0,0.0,2018-09-24 01:16:42
2018-09-24 02:00:00,22.2,68.0,17.3,88.0,1009.8,824.5,1.1,2.5,15.3,17.3,0.0,0.0,2018-09-24 01:46:42
2018-09-24 02:30:00,22.2,68.0,17.2,89.0,1009.9,824.6,0.0,0.0,15.4,17.2,0.0,0.0,2018-09-24 02:16:42
2018-09-24 03:00:00,22.1,68.0,16.7,91.0,1009.3,824.0,0.0,0.0,15.2,16.7,0.0,0.0,2018-09-24 02:46:42
2018-09-24 03:30:00,22.0,68.0,16.9,91.0,1009.5,824.2,0.0,1.1,15.4,16.9,0.0,0.0,2018-09-24 03:16:42
2018-09-24 04:00:00,21.9,69.0,16.8,91.0,1009.5,824.2,0.0,0.0,15.3,16.8,0.0,0.0,2018-09-24 03:46:42
2018-09-24 04:30:00,21.9,69.0,16.8,91.0,1009.1,823.8,0.0,1.1,15.3,16.8,0.0,0.0,2018-09-24 04:16:42
2018-09-24 05:00:00,21.8,69.0,16.7,92.0,1009.2,823.9,0.0,2.5,15.4,16.7,0.0,0.0,2018-09-24 04:46:42
2018-09-24 05:30:00,21.8,69.0,16.5,92.0,1009.4,824.1,2.5,3.6,15.2,16.5,0.0,0.0,2018-09-24 05:16:42
2018-09-24 06:00:00,21.7,69.0,16.5,91.0,1009.6,824.3,0.0,0.0,15.0,16.5,0.0,0.0,2018-09-24 05:46:42
2018-09-24 06:30:00,21.7,69.0,16.7,92.0,1010.0,824.7,0.0,2.5,15.4,16.7,0.0,0.0,2018-09-24 06:16:42
2018-09-24 07:00:00,21.6,69.0,16.6,93.0,1010.1,824.8,0.0,0.0,15.5,16.6,0.0,210.0,2018-09-24 06:46:42
2018-09-24 07:30:00,21.6,70.0,16.9,92.0,1010.6,825.3,0.0,1.1,15.6,16.9,0.0,3668.0,2018-09-24 07:16:42
2018-09-24 08:00:00,21.7,70.0,17.7,88.0,1011.0,825.7,1.1,2.5,15.7,17.7,0.0,5492.0,2018-09-24 07:46:42
2018-09-24 08:30:00,21.8,70.0,20.2,83.0,1011.3,826.0,1.1,2.5,17.2,20.2,0.0,18789.0,2018-09-24 08:16:42
2018-09-24 09:00:00,22.1,69.0,21.1,72.0,1011.5,826.2,3.6,7.2,15.9,21.1,0.0,24960.1,2018-09-24 08:46:42
2018-09-24 09:30:00,22.4,68.0,21.6,73.0,1011.3,826.0,2.5,5.0,16.6,21.6,0.0,20330.6,2018-09-24 09:16:42
2018-09-24 10:00:00,22.6,68.0,21.4,74.0,1011.8,826.5,2.5,7.2,16.6,21.4,0.0,12622.6,2018-09-24 09:46:42
2018-09-24 10:30:00,22.9,69.0,21.1,76.0,1011.9,826.6,2.5,5.0,16.7,21.1,0.0,17999.4,2018-09-24 10:16:42
2018-09-24 11:00:00,22.8,68.0,21.0,76.0,1012.1,826.8,5.0,7.2,16.6,21.0,0.0,19447.0,2018-09-24 10:46:42
2018-09-24 11:30:00,23.1,68.0,22.4,70.0,1012.0,826.7,2.5,3.6,16.7,22.4,0.0,18131.0,2018-09-24 11:16:42
2018-09-24 12:00:00,23.4,68.0,22.8,70.0,1011.5,826.2,5.0,7.2,17.1,22.8,0.0,87869.6,2018-09-24 11:46:42
2018-09-24 12:30:00,23.9,67.0,23.3,65.0,1010.8,825.5,8.6,11.2,16.4,22.5,0.0,26135.1,2018-09-24 12:16:42
2018-09-24 13:00:00,24.4,65.0,24.1,64.0,1010.7,825.4,3.6,7.2,16.9,24.1,0.0,55684.0,2018-09-24 12:46:42
2018-09-24 13:30:00,24.6,64.0,23.6,64.0,1010.2,824.9,6.1,8.6,16.4,23.6,0.0,14230.0,2018-09-24 13:16:42
2018-09-24 14:00:00,24.6,64.0,23.5,65.0,1009.7,824.4,6.1,7.2,16.6,23.5,0.0,22440.9,2018-09-24 13:46:42
2018-09-24 14:30:00,24.5,63.0,22.5,64.0,1009.7,824.4,6.1,8.6,15.4,22.5,0.0,53738.2,2018-09-24 14:16:42
2018-09-24 15:00:00,24.5,62.0,24.3,60.0,1009.3,824.0,2.5,5.0,16.1,24.3,0.0,24447.8,2018-09-24 14:46:42
2018-09-24 15:30:00,24.8,61.0,24.1,59.0,1009.3,824.0,3.6,5.0,15.6,24.1,0.0,26877.7,2018-09-24 15:16:42
2018-09-24 16:00:00,25.0,60.0,25.0,50.0,1008.8,823.5,2.5,6.1,13.9,25.0,0.0,24128.2,2018-09-24 15:46:42
2018-09-24 16:30:00,25.2,57.0,26.1,44.0,1008.5,823.2,3.6,6.1,12.9,26.1,0.0,25707.4,2018-09-24 16:16:42
2018-09-24 17:00:00,25.4,54.0,25.7,47.0,1008.2,822.9,3.6,6.1,13.6,25.7,0.0,14183.0,2018-09-24 16:46:42
2018-09-24 17:30:00,25.4,55.0,25.5,51.0,1008.0,822.7,2.5,3.6,14.7,25.5,0.0,11457.0,2018-09-24 17:16:42
2018-09-24 18:00:00,25.2,56.0,24.3,58.0,1008.4,823.1,3.6,3.6,15.5,24.3,0.0,7988.0,2018-09-24 17:46:42
2018-09-24 18:30:00,24.9,60.0,22.2,66.0,1008.4,823.1,3.6,6.1,15.6,22.2,0.0,2006.0,2018-09-24 18:16:42
2018-09-24 19:00:00,24.6,61.0,21.1,71.0,1008.7,823.4,0.0,1.1,15.7,21.1,0.0,22.5,2018-09-24 18:46:42
2018-09-24 19:30:00,24.2,62.0,20.2,74.0,1009.1,823.8,2.5,5.0,15.4,20.2,0.0,0.0,2018-09-24 19:16:42
2018-09-24 20:00:00,23.9,64.0,19.5,78.0,1008.9,823.6,0.0,1.1,15.6,19.5,0.0,0.0,2018-09-24 19:46:42
2018-09-24 20:30:00,23.5,64.0,18.9,81.0,1009.7,824.4,1.1,2.5,15.6,18.9,0.0,0.0,2018-09-24 20:16:42
2018-09-24 21:00:00,23.3,64.0,18.3,82.0,1009.9,824.6,0.0,1.1,15.2,18.3,0.0,0.0,2018-09-24 20:46:42
2018-09-24 21:30:00,23.0,65.0,18.6,82.0,1010.0,824.7,1.1,2.5,15.5,18.6,0.0,0.0,2018-09-24 21:16:42
2018-09-24 22:00:00,22.9,64.0,18.3,82.0,1010.2,824.9,1.1,2.5,15.2,18.3,0.0,0.0,2018-09-24 21:46:42
2018-09-24 22:30:00,22.6,64.0,18.3,82.0,1010.6,825.3,1.1,2.5,15.2,18.3,0.0,0.0,2018-09-24 22:16:42
2018-09-24 23:00:00,22.6,64.0,18.0,80.0,1010.9,825.6,2.5,3.6,14.5,18.0,0.0,0.0,2018-09-24 22:46:42
2018-09-24 23:30:00,22.6,63.0,18.1,76.0,1011.1,825.8,0.0,1.1,13.8,18.1,0.0,0.0,2018-09-24 23:16:42
2018-09-25 00:00:00,22.4,62.0,17.7,76.0,1010.9,825.6,0.0,1.1,13.4,17.7,0.0,0.0,2018-09-24 23:46:42
2018-09-25 00:30:00,22.3,62.0,17.4,79.0,1010.9,825.6,2.5,3.6,13.7,17.4,0.0,0.0,2018-09-25 00:16:42
2018-09-25 01:00:00,22.2,62.0,17.4,79.0,1010.9,825.6,1.1,1.1,13.7,17.4,0.0,0.0,2018-09-25 00:46:42
2018-09-25 01:30:00,22.1,62.0,17.0,81.0,1010.8,825.5,2.5,3.6,13.7,17.0,0.0,0.0,2018-09-25 01:16:42
2018-09-25 02:00:00,22.0,62.0,16.8,81.0,1010.5,825.2,2.5,3.6,13.5,16.8,0.0,0.0,2018-09-25 01:46:42
2018-09-25 02:30:00,21.9,63.0,16.6,82.0,1010.0,824.7,5.0,6.1,13.5,16.6,0.0,0.0,2018-09-25 02:16:42
2018-09-25 03:00:00,21.8,63.0,16.4,83.0,1009.8,824.5,3.6,5.0,13.5,16.4,0.0,0.0,2018-09-25 02:46:42
2018-09-25 03:30:00,21.7,63.0,16.5,85.0,1009.7,824.4,3.6,5.0,14.0,16.5,0.0,0.0,2018-09-25 03:16:42
2018-09-25 04:00:00,21.7,63.0,16.9,84.0,1009.4,824.1,1.1,2.5,14.2,16.9,0.0,0.0,2018-09-25 03:46:42
2018-09-25 04:30:00,21.6,64.0,16.7,89.0,1009.4,824.1,1.1,2.5,14.9,16.7,0.0,0.0,2018-09-25 04:16:42
2018-09-25 05:00:00,21.6,65.0,16.4,90.0,1009.6,824.3,1.1,2.5,14.8,16.4,0.0,0.0,2018-09-25 04:46:42
2018-09-25 05:30:00,21.5,66.0,16.2,91.0,1009.8,824.5,0.0,1.1,14.7,16.2,0.0,0.0,2018-09-25 05:16:42
2018-09-25 06:00:00,21.4,66.0,16.1,90.0,1009.8,824.5,2.5,3.6,14.5,16.1,0.0,0.0,2018-09-25 05:46:42
2018-09-25 06:30:00,21.4,66.0,16.0,84.0,1010.0,824.7,3.6,5.0,13.3,16.0,0.0,0.0,2018-09-25 06:16:42
2018-09-25 07:00:00,21.2,65.0,15.9,86.0,1010.2,824.9,2.5,3.6,13.6,15.9,0.0,1039.5,2018-09-25 06:46:42
2018-09-25 07:30:00,21.2,64.0,17.1,80.0,1010.5,825.2,1.1,3.6,13.6,17.1,0.0,7004.0,2018-09-25 07:16:42
2018-09-25 08:00:00,21.3,64.0,19.8,74.0,1010.7,825.4,2.5,3.6,15.1,19.8,0.0,12542.7,2018-09-25 07:46:42
2018-09-25 08:30:00,21.6,64.0,19.9,72.0,1010.9,825.6,2.5,3.6,14.7,19.9,0.0,11762.5,2018-09-25 08:16:42
2018-09-25 09:00:00,21.8,67.0,21.1,71.0,1011.2,825.9,1.1,3.6,15.7,21.1,0.0,30759.9,2018-09-25 08:46:42
2018-09-25 09:30:00,22.5,67.0,22.7,63.0,1011.2,825.9,5.0,6.1,15.3,22.7,0.0,24236.3,2018-09-25 09:16:42
2018-09-25 10:00:00,23.3,67.0,23.7,64.0,1011.5,826.2,2.5,3.6,16.5,23.7,0.0,53813.4,2018-09-25 09:46:42
2018-09-25 10:30:00,24.4,64.0,24.5,60.0,1011.8,826.5,7.2,12.2,16.3,24.1,0.0,24062.4,2018-09-25 10:16:42
2018-09-25 11:00:00,24.8,62.0,23.7,63.0,1012.2,826.9,6.1,11.2,16.3,23.7,0.0,25322.0,2018-09-25 10:46:42
2018-09-25 11:30:00,25.2,60.0,24.0,58.0,1012.0,826.7,3.6,5.0,15.3,24.0,0.0,30299.3,2018-09-25 11:16:42
2018-09-25 12:00:00,25.5,60.0,24.5,59.0,1011.8,826.5,11.2,15.8,16.0,23.3,0.0,72016.5,2018-09-25 11:46:42
2018-09-25 12:30:00,25.3,60.0,22.9,65.0,1011.5,826.2,11.2,15.8,16.0,21.5,0.0,17886.6,2018-09-25 12:16:42
2018-09-25 13:00:00,25.7,60.0,24.8,56.0,1011.5,826.2,7.2,11.2,15.5,24.4,0.0,70211.7,2018-09-25 12:46:42
2018-09-25 13:30:00,26.3,55.0,25.2,54.0,1011.2,825.9,7.2,11.2,15.3,24.8,0.0,24123.5,2018-09-25 13:16:42
2018-09-25 14:00:00,26.3,54.0,24.5,54.0,1010.9,825.6,3.6,7.2,14.6,24.5,0.0,29998.5,2018-09-25 13:46:42
2018-09-25 14:30:00,26.1,53.0,24.4,55.0,1010.4,825.1,9.7,13.3,14.8,23.4,0.0,33814.9,2018-09-25 14:16:42
2018-09-25 15:00:00,26.2,52.0,24.6,51.0,1010.3,825.0,3.6,6.1,13.8,24.6,0.0,26868.3,2018-09-25 14:46:42
2018-09-25 15:30:00,26.0,51.0,24.6,54.0,1009.8,824.5,8.6,11.2,14.7,23.9,0.0,46547.2,2018-09-25 15:16:42
2018-09-25 16:00:00,26.1,52.0,26.4,49.0,1009.5,824.2,8.6,11.2,14.9,25.8,0.0,28264.2,2018-09-25 15:46:42
2018-09-25 16:30:00,26.5,51.0,24.8,52.0,1009.3,824.0,6.1,9.7,14.3,24.8,0.0,13149.0,2018-09-25 16:16:42
2018-09-25 17:00:00,26.2,51.0,23.6,60.0,1009.1,823.8,1.1,3.6,15.4,23.6,0.0,7934.0,2018-09-25 16:46:42
2018-09-25 17:30:00,25.7,54.0,22.6,61.0,1009.2,823.9,3.6,6.1,14.7,22.6,0.0,5732.0,2018-09-25 17:16:42
2018-09-25 18:00:00,25.5,55.0,22.3,63.0,1009.2,823.9,1.1,2.5,14.9,22.3,0.0,4430.0,2018-09-25 17:46:42
2018-09-25 18:30:00,25.2,58.0,21.1,69.0,1009.2,823.9,0.0,1.1,15.2,21.1,0.0,1572.7,2018-09-25 18:16:42
2018-09-25 19:00:00,24.9,59.0,20.0,72.0,1009.8,824.5,0.0,1.1,14.8,20.0,0.0,15.0,2018-09-25 18:46:42
2018-09-25 19:30:00,24.6,59.0,19.1,74.0,1009.9,824.6,1.1,2.5,14.4,19.1,0.0,0.0,2018-09-25 19:16:42
2018-09-25 20:00:00,24.3,59.0,18.4,78.0,1009.8,824.5,2.5,3.6,14.5,18.4,0.0,0.0,2018-09-25 19:46:42
2018-09-25 20:30:00,24.1,59.0,18.1,78.0,1010.2,824.9,0.0,0.0,14.2,18.1,0.0,0.0,2018-09-25 20:16:42
2018-09-25 21:00:00,23.8,59.0,18.3,76.0,1010.6,825.3,2.5,3.6,14.0,18.3,0.0,0.0,2018-09-25 20:46:42
2018-09-25 21:30:00,23.6,59.0,17.9,76.0,1010.9,825.6,1.1,2.5,13.6,17.9,0.0,0.0,2018-09-25 21:16:42
2018-09-25 22:00:00,23.3,58.0,17.8,74.0,1011.1,825.8,1.1,2.5,13.1,17.8,0.0,0.0,2018-09-25 21:46:42
2018-09-25 22:30:00,23.0,58.0,17.5,75.0,1011.3,826.0,2.5,3.6,13.0,17.5,0.0,0.0,2018-09-25 22:16:42
2018-09-25 23:00:00,22.9,58.0,17.3,75.0,1011.1,825.8,2.5,3.6,12.8,17.3,0.0,0.0,2018-09-25 22:46:42
2018-09-25 23:30:00,22.9,58.0,17.4,74.0,1011.5,826.2,1.1,3.6,12.7,17.4,0.0,0.0,2018-09-25 23:16:42
2018-09-26 00:00:00,22.6,58.0,17.2,76.0,1011.4,826.1,5.0,6.1,13.0,17.2,0.0,0.0,2018-09-25 23:46:42
2018-09-26 00:30:00,22.6,58.0,17.0,79.0,1011.4,826.1,2.5,5.0,13.4,17.0,0.0,0.0,2018-09-26 00:16:42
2018-09-26 01:00:00,22.5,58.0,16.8,81.0,1011.0,825.7,3.6,5.0,13.5,16.8,0.0,0.0,2018-09-26 00:46:42
2018-09-26 01:30:00,22.4,59.0,16.7,81.0,1010.8,825.5,2.5,3.6,13.4,16.7,0.0,0.0,2018-09-26 01:16:42
2018-09-26 02:00:00,22.4,59.0,16.6,81.0,1010.2,824.9,5.0,6.1,13.3,16.6,0.0,0.0,2018-09-26 01:46:42
2018-09-26 02:30:00,22.3,59.0,16.6,82.0,1010.1,824.8,0.0,1.1,13.5,16.6,0.0,0.0,2018-09-26 02:16:42
2018-09-26 03:00:00,22.1,59.0,16.7,77.0,1009.6,824.3,0.0,2.5,12.7,16.7,0.0,0.0,2018-09-26 02:46:42
2018-09-26 03:30:00,22.0,59.0,16.3,79.0,1009.5,824.2,0.0,1.1,12.7,16.3,0.0,0.0,2018-09-26 03:16:42
2018-09-26 04:00:00,22.0,58.0,16.5,80.0,1009.6,824.3,2.5,3.6,13.1,16.5,0.0,0.0,2018-09-26 03:46:42
2018-09-26 04:30:00,21.9,60.0,16.3,81.0,1009.3,824.0,1.1,5.0,13.1,16.3,0.0,0.0,2018-09-26 04:16:42
2018-09-26 05:00:00,21.8,60.0,16.2,83.0,1009.0,823.7,3.6,5.0,13.3,16.2,0.0,0.0,2018-09-26 04:46:42
2018-09-26 05:30:00,21.8,60.0,16.1,85.0,1009.3,824.0,2.5,3.6,13.6,16.1,0.0,0.0,2018-09-26 05:16:42
2018-09-26 06:00:00,21.7,61.0,16.0,86.0,1009.4,824.1,1.1,3.6,13.7,16.0,0.0,0.0,2018-09-26 05:46:42
2018-09-26 06:30:00,21.6,62.0,15.8,89.0,1009.4,824.1,1.1,2.5,14.0,15.8,0.0,0.0,2018-09-26 06:16:42
2018-09-26 07:00:00,21.6,62.0,15.5,90.0,1009.8,824.5,0.0,0.0,13.9,15.5,0.0,547.5,2018-09-26 06:46:42
2018-09-26 07:30:00,21.5,63.0,16.0,89.0,1010.0,824.7,2.5,3.6,14.2,16.0,0.0,3290.0,2018-09-26 07:16:42
2018-09-26 08:00:00,21.5,63.0,20.3,72.0,1010.3,825.0,0.0,1.1,15.1,20.3,0.0,8582.0,2018-09-26 07:46:42
2018-09-26 08:30:00,21.6,64.0,21.8,65.0,1010.8,825.5,1.1,2.5,15.0,21.8,0.0,15832.7,2018-09-26 08:16:42
2018-09-26 09:00:00,22.0,63.0,20.5,68.0,1011.2,825.9,5.0,8.6,14.4,20.5,0.0,16481.3,2018-09-26 08:46:42
2018-09-26 09:30:00,22.5,63.0,21.8,66.0,1011.7,826.4,2.5,6.1,15.2,21.8,0.0,28644.9,2018-09-26 09:16:42
2018-09-26 10:00:00,23.0,64.0,24.7,57.0,1012.3,827.0,2.5,5.0,15.6,24.7,0.0,43966.9,2018-09-26 09:46:42
2018-09-26 10:30:00,23.5,62.0,22.3,64.0,1012.2,826.9,5.0,8.6,15.2,22.3,0.0,33537.6,2018-09-26 10:16:42
2018-09-26 11:00:00,23.9,61.0,23.8,58.0,1012.1,826.8,2.5,5.0,15.1,23.8,0.0,71142.3,2018-09-26 10:46:42
2018-09-26 11:30:00,24.4,61.0,21.0,70.0,1012.5,827.2,5.0,7.2,15.3,21.0,0.0,66526.9,2018-09-26 11:16:42
2018-09-26 12:00:00,24.6,62.0,23.0,63.0,1012.2,826.9,11.2,13.3,15.6,21.6,0.0,20927.5,2018-09-26 11:46:42
2018-09-26 12:30:00,24.7,62.0,23.3,65.0,1011.7,826.4,5.0,7.2,16.4,23.3,0.0,16457.8,2018-09-26 12:16:42
2018-09-26 13:00:00,24.6,62.0,22.8,66.0,1011.3,826.0,2.5,5.0,16.1,22.8,0.0,17350.8,2018-09-26 12:46:42
2018-09-26 13:30:00,24.9,62.0,23.4,64.0,1010.9,825.6,5.0,9.7,16.2,23.4,0.0,27183.2,2018-09-26 13:16:42
2018-09-26 14:00:00,25.3,60.0,25.4,56.0,1010.3,825.0,6.1,12.2,16.0,25.4,0.0,53644.2,2018-09-26 13:46:42
2018-09-26 14:30:00,26.0,56.0,25.8,52.0,1009.9,824.6,6.1,7.2,15.2,25.8,0.0,38608.9,2018-09-26 14:16:42
2018-09-26 15:00:00,26.3,52.0,25.3,49.0,1009.7,824.4,3.6,9.7,13.9,25.3,0.0,20227.2,2018-09-26 14:46:42
2018-09-26 15:30:00,26.2,51.0,25.1,51.0,1009.2,823.9,5.0,6.1,14.3,25.1,0.0,15085.4,2018-09-26 15:16:42
2018-09-26 16:00:00,25.9,57.0,24.7,60.0,1008.9,823.6,1.1,2.5,16.4,24.7,0.0,15419.1,2018-09-26 15:46:42
2018-09-26 16:30:00,25.8,59.0,26.0,55.0,1008.6,823.3,8.6,9.7,16.3,25.4,0.0,34740.8,2018-09-26 16:16:42
2018-09-26 17:00:00,25.9,56.0,23.9,58.0,1008.4,823.1,7.2,11.2,15.2,23.5,0.0,10507.6,2018-09-26 16:46:42
2018-09-26 17:30:00,25.8,57.0,22.6,65.0,1008.6,823.3,5.0,11.2,15.7,22.6,0.0,6896.0,2018-09-26 17:16:42
2018-09-26 18:00:00,25.2,60.0,21.6,72.0,1008.8,823.5,1.1,3.6,16.4,21.6,0.0,2858.0,2018-09-26 17:46:42
2018-09-26 18:30:00,24.8,61.0,19.1,77.0,1009.1,823.8,9.7,18.4,15.0,17.5,0.0,367.5,2018-09-26 18:16:42
2018-09-26 19:00:00,24.5,59.0,18.9,78.0,1009.9,824.6,5.0,9.7,15.0,18.9,0.0,0.0,2018-09-26 18:46:42
2018-09-26 19:30:00,24.5,59.0,18.5,80.0,1009.8,824.5,1.1,2.5,15.0,18.5,0.0,0.0,2018-09-26 19:16:42
2018-09-26 20:00:00,24.3,60.0,18.3,83.0,1010.0,824.7,0.0,1.1,15.4,18.3,0.0,0.0,2018-09-26 19:46:42
2018-09-26 20:30:00,24.0,61.0,18.2,83.0,1010.1,824.8,1.1,2.5,15.3,18.2,0.0,0.0,2018-09-26 20:16:42
2018-09-26 21:00:00,23.8,62.0,18.1,84.0,1010.6,825.3,1.1,2.5,15.4,18.1,0.0,0.0,2018-09-26 20:46:42
2018-09-26 21:30:00,23.5,62.0,18.0,84.0,1011.3,826.0,3.6,6.1,15.3,18.0,0.0,0.0,2018-09-26 21:16:42
2018-09-26 22:00:00,23.5,63.0,17.7,88.0,1011.3,826.0,0.0,1.1,15.7,17.7,0.0,0.0,2018-09-26 21:46:42
2018-09-26 22:30:00,23.2,64.0,17.3,89.0,1011.4,826.1,0.0,0.0,15.5,17.3,0.0,0.0,2018-09-26 22:16:42
2018-09-26 23:00:00,23.0,64.0,17.2,88.0,1011.7,826.4,2.5,5.0,15.2,17.2,0.0,0.0,2018-09-26 22:46:42
2018-09-26 23:30:00,22.9,64.0,17.3,88.0,1011.8,826.5,3.6,5.0,15.3,17.3,0.0,0.0,2018-09-26 23:16:42
2018-09-27 00:00:00,22.9,64.0,17.0,90.0,1011.5,826.2,2.5,3.6,15.4,17.0,0.3,0.0,2018-09-26 23:46:42
2018-09-27 00:30:00,22.9,65.0,16.7,92.0,1011.3,826.0,0.0,1.1,15.4,16.7,0.0,0.0,2018-09-27 00:16:42
2018-09-27 01:00:00,22.6,66.0,16.8,92.0,1011.2,825.9,0.0,1.1,15.5,16.8,0.3,0.0,2018-09-27 00:46:42
2018-09-27 01:30:00,22.6,66.0,16.8,92.0,1011.0,825.7,5.0,6.1,15.5,16.8,0.0,0.0,2018-09-27 01:16:42
2018-09-27 02:00:00,22.6,66.0,16.5,91.0,1010.5,825.2,0.0,1.1,15.0,16.5,0.0,0.0,2018-09-27 01:46:42
2018-09-27 02:30:00,22.5,66.0,16.0,92.0,1010.5,825.2,0.0,1.1,14.7,16.0,0.0,0.0,2018-09-27 02:16:42
2018-09-27 03:00:00,22.4,66.0,16.1,92.0,1010.5,825.2,1.1,3.6,14.8,16.1,0.0,0.0,2018-09-27 02:46:42
2018-09-27 03:30:00,22.3,65.0,16.2,93.0,1010.4,825.1,0.0,0.0,15.1,16.2,0.0,0.0,2018-09-27 03:16:42
2018-09-27 04:00:00,22.2,65.0,16.3,92.0,1009.9,824.6,2.5,3.6,15.0,16.3,0.0,0.0,2018-09-27 03:46:42
2018-09-27 04:30:00,22.2,66.0,16.4,92.0,1009.9,824.6,0.0,2.5,15.1,16.4,0.0,0.0,2018-09-27 04:16:42
2018-09-27 05:00:00,22.1,66.0,16.3,91.0,1009.8,824.5,2.5,5.0,14.8,16.3,0.0,0.0,2018-09-27 04:46:42
2018-09-27 05:30:00,22.1,66.0,16.4,90.0,1010.0,824.7,1.1,2.5,14.8,16.4,0.0,0.0,2018-09-27 05:16:42
2018-09-27 06:00:00,22.0,65.0,16.3,90.0,1010.4,825.1,2.5,5.0,14.7,16.3,0.0,0.0,2018-09-27 05:46:42
2018-09-27 06:30:00,21.9,66.0,16.4,91.0,1010.7,825.4,1.1,3.6,14.9,16.4,0.0,0.0,2018-09-27 06:16:42
2018-09-27 07:00:00,21.9,67.0,16.4,91.0,1010.7,825.4,0.0,1.1,14.9,16.4,0.0,52.5,2018-09-27 06:46:42
2018-09-27 07:30:00,21.9,67.0,16.4,92.0,1011.2,825.9,1.1,2.5,15.1,16.4,0.0,1687.5,2018-09-27 07:16:42
2018-09-27 08:00:00,21.9,67.0,17.0,89.0,1011.5,826.2,0.0,1.1,15.2,17.0,0.0,3146.0,2018-09-27 07:46:42
2018-09-27 08:30:00,21.9,69.0,17.2,88.0,1011.5,826.2,1.1,3.6,15.2,17.2,0.0,7484.0,2018-09-27 08:16:42
2018-09-27 09:00:00,21.9,69.0,18.3,87.0,1012.0,826.7,1.1,2.5,16.1,18.3,0.0,15000.8,2018-09-27 08:46:42
2018-09-27 09:30:00,22.1,69.0,18.3,85.0,1012.3,827.0,5.0,6.1,15.8,18.3,0.0,13360.5,2018-09-27 09:16:42
2018-09-27 10:00:00,22.5,69.0,19.1,83.0,1012.4,827.1,3.6,5.0,16.2,19.1,0.0,22666.5,2018-09-27 09:46:42
2018-09-27 10:30:00,22.9,69.0,19.2,83.0,1012.6,827.3,7.2,9.7,16.3,18.5,0.0,14150.1,2018-09-27 10:16:42
2018-09-27 11:00:00,22.9,69.0,19.6,82.0,1012.6,827.3,2.5,5.0,16.5,19.6,0.0,19005.2,2018-09-27 10:46:42
2018-09-27 11:30:00,23.2,68.0,22.2,68.0,1012.4,827.1,5.0,7.2,16.0,22.2,0.0,89947.0,2018-09-27 11:16:42
2018-09-27 12:00:00,24.1,64.0,22.8,65.0,1012.3,827.0,3.6,6.1,15.9,22.8,0.0,23272.8,2018-09-27 11:46:42
2018-09-27 12:30:00,24.3,63.0,21.6,71.0,1012.2,826.9,8.6,11.2,16.1,20.6,0.0,24038.9,2018-09-27 12:16:42
2018-09-27 13:00:00,24.3,64.0,22.2,70.0,1011.7,826.4,8.6,12.2,16.5,21.3,0.0,98355.3,2018-09-27 12:46:42
2018-09-27 13:30:00,25.6,62.0,24.2,61.0,1011.4,826.1,8.6,12.2,16.2,23.4,0.0,29166.6,2018-09-27 13:16:42
2018-09-27 14:00:00,25.3,60.0,20.9,72.0,1010.9,825.6,3.6,6.1,15.7,20.9,0.0,12857.6,2018-09-27 13:46:42
2018-09-27 14:30:00,25.0,60.0,21.0,72.0,1010.6,825.3,6.1,11.2,15.8,21.0,0.0,12021.0,2018-09-27 14:16:42
2018-09-27 15:00:00,24.7,62.0,20.3,81.0,1009.9,824.6,1.1,2.5,17.0,20.3,0.0,12857.6,2018-09-27 14:46:42
2018-09-27 15:30:00,24.3,65.0,19.6,86.0,1009.6,824.3,3.6,6.1,17.2,19.6,0.9,11649.7,2018-09-27 15:16:42
2018-09-27 16:00:00,23.8,68.0,19.0,89.0,1009.2,823.9,3.6,6.1,17.2,19.0,1.8,14794.0,2018-09-27 15:46:42
2018-09-27 16:30:00,23.8,70.0,20.1,83.0,1009.3,824.0,2.5,3.6,17.1,20.1,0.0,8390.0,2018-09-27 16:16:42
2018-09-27 17:00:00,23.7,70.0,19.6,85.0,1009.3,824.0,0.0,2.5,17.0,19.6,0.0,11729.6,2018-09-27 16:46:42
2018-09-27 17:30:00,23.6,71.0,19.5,85.0,1009.3,824.0,3.6,5.0,16.9,19.5,0.3,6122.0,2018-09-27 17:16:42
2018-09-27 18:00:00,23.4,71.0,18.3,86.0,1009.6,824.3,3.6,5.0,15.9,18.3,1.5,4322.0,2018-09-27 17:46:42
2018-09-27 18:30:00,23.2,70.0,17.9,90.0,1009.5,824.2,1.1,2.5,16.3,17.9,0.3,1794.0,2018-09-27 18:16:42
2018-09-27 19:00:00,22.9,69.0,17.3,90.0,1010.1,824.8,1.1,2.5,15.7,17.3,0.3,0.0,2018-09-27 18:46:42
2018-09-27 19:30:00,22.9,69.0,17.0,91.0,1010.1,824.8,1.1,3.6,15.5,17.0,0.0,0.0,2018-09-27 19:16:42
2018-09-27 20:00:00,22.6,68.0,16.9,91.0,1010.5,825.2,1.1,3.6,15.4,16.9,0.0,0.0,2018-09-27 19:46:42
2018-09-27 20:30:00,22.5,68.0,16.8,90.0,1010.9,825.6,3.6,5.0,15.2,16.8,0.0,0.0,2018-09-27 20:16:42
2018-09-27 21:00:00,22.4,68.0,16.7,91.0,1011.1,825.8,0.0,1.1,15.2,16.7,0.3,0.0,2018-09-27 20:46:42
2018-09-27 21:30:00,22.3,68.0,16.6,93.0,1011.8,826.5,0.0,1.1,15.5,16.6,0.3,0.0,2018-09-27 21:16:42
2018-09-27 22:00:00,22.1,69.0,16.4,92.0,1011.8,826.5,2.5,3.6,15.1,16.4,0.3,0.0,2018-09-27 21:46:42
2018-09-27 22:30:00,22.1,69.0,16.6,91.0,1012.1,826.8,1.1,3.6,15.1,16.6,0.0,0.0,2018-09-27 22:16:42
2018-09-27 23:00:00,22.0,69.0,16.5,90.0,1011.9,826.6,2.5,3.6,14.9,16.5,0.0,0.0,2018-09-27 22:46:42
2018-09-27 23:30:00,22.0,68.0,16.1,91.0,1011.9,826.6,2.5,3.6,14.6,16.1,0.0,0.0,2018-09-27 23:16:42
2018-09-28 00:00:00,21.8,69.0,16.1,90.0,1011.9,826.6,3.6,6.1,14.5,16.1,0.0,0.0,2018-09-27 23:46:42
2018-09-28 00:30:00,21.8,69.0,15.9,93.0,1011.0,825.7,2.5,3.6,14.8,15.9,0.0,0.0,2018-09-28 00:16:42
2018-09-28 01:00:00,21.7,69.0,16.3,90.0,1011.1,825.8,3.6,5.0,14.7,16.3,0.0,0.0,2018-09-28 00:46:42
2018-09-28 01:30:00,21.6,68.0,16.4,91.0,1010.7,825.4,8.6,11.2,14.9,15.0,0.0,0.0,2018-09-28 01:16:42
2018-09-28 02:00:00,21.5,68.0,16.4,90.0,1010.6,825.3,2.5,3.6,14.8,16.4,0.0,0.0,2018-09-28 01:46:42
2018-09-28 02:30:00,21.5,69.0,16.0,92.0,1010.3,825.0,1.1,2.5,14.7,16.0,0.3,0.0,2018-09-28 02:16:42
2018-09-28 03:00:00,21.5,69.0,16.1,91.0,1009.8,824.5,1.1,3.6,14.6,16.1,0.3,0.0,2018-09-28 02:46:42
2018-09-28 03:30:00,21.4,69.0,15.8,93.0,1009.7,824.4,3.6,6.1,14.7,15.8,0.0,0.0,2018-09-28 03:16:42
2018-09-28 04:00:00,21.3,69.0,15.9,95.0,1010.2,824.9,5.0,8.6,15.1,15.9,0.0,0.0,2018-09-28 03:46:42
2018-09-28 04:30:00,21.3,69.0,15.7,93.0,1010.0,824.7,1.1,2.5,14.6,15.7,0.0,0.0,2018-09-28 04:16:42
2018-09-28 05:00:00,21.2,69.0,15.2,93.0,1010.0,824.7,1.1,2.5,14.1,15.2,0.0,0.0,2018-09-28 04:46:42
2018-09-28 05:30:00,21.1,69.0,15.1,94.0,1010.1,824.8,2.5,3.6,14.2,15.1,0.0,0.0,2018-09-28 05:16:42
2018-09-28 06:00:00,21.0,68.0,14.9,94.0,1010.2,824.9,3.6,6.1,14.0,14.9,0.0,0.0,2018-09-28 05:46:42
2018-09-28 06:30:00,20.9,68.0,14.9,94.0,1010.5,825.2,0.0,0.0,14.0,14.9,0.0,0.0,2018-09-28 06:16:42
2018-09-28 07:00:00,20.9,68.0,14.9,96.0,1010.8,825.5,0.0,0.0,14.3,14.9,0.0,742.5,2018-09-28 06:46:42
2018-09-28 07:30:00,20.9,68.0,14.9,95.0,1011.6,826.3,1.1,2.5,14.1,14.9,0.0,3542.0,2018-09-28 07:16:42
2018-09-28 08:00:00,20.9,68.0,20.4,77.0,1011.5,826.2,0.0,0.0,16.3,20.4,0.0,10277.3,2018-09-28 07:46:42
2018-09-28 08:30:00,21.0,67.0,20.2,69.0,1012.3,827.0,3.6,5.0,14.4,20.2,0.0,16927.8,2018-09-28 08:16:42
2018-09-28 09:00:00,21.3,68.0,20.7,69.0,1012.3,827.0,0.0,1.1,14.8,20.7,0.0,18074.6,2018-09-28 08:46:42
2018-09-28 09:30:00,21.5,69.0,20.9,75.0,1012.3,827.0,3.6,7.2,16.3,20.9,0.0,41931.8,2018-09-28 09:16:42
2018-09-28 10:00:00,22.0,70.0,21.1,69.0,1012.4,827.1,5.0,6.1,15.2,21.1,0.0,49151.0,2018-09-28 09:46:42
2018-09-28 10:30:00,22.6,68.0,21.5,70.0,1012.6,827.3,6.1,9.7,15.8,21.5,0.0,19376.5,2018-09-28 10:16:42
2018-09-28 11:00:00,22.6,66.0,21.2,70.0,1012.4,827.1,5.0,7.2,15.5,21.2,0.0,19334.2,2018-09-28 10:46:42
2018-09-28 11:30:00,22.9,66.0,22.1,68.0,1012.1,826.8,6.1,8.6,15.9,22.1,0.0,38355.1,2018-09-28 11:16:42
2018-09-28 12:00:00,23.8,65.0,24.9,60.0,1011.6,826.3,2.5,6.1,16.6,24.9,0.0,79668.1,2018-09-28 11:46:42
2018-09-28 12:30:00,24.8,62.0,25.7,56.0,1011.6,826.3,7.2,11.2,16.3,25.3,0.0,57169.2,2018-09-28 12:16:42
2018-09-28 13:00:00,25.3,61.0,22.3,69.0,1011.2,825.9,8.6,12.2,16.4,21.4,0.0,13844.6,2018-09-28 12:46:42
2018-09-28 13:30:00,25.0,62.0,22.4,70.0,1011.0,825.7,6.1,8.6,16.7,22.4,0.0,13741.2,2018-09-28 13:16:42
2018-09-28 14:00:00,24.6,64.0,21.7,75.0,1011.0,825.7,3.6,6.1,17.1,21.7,0.0,5342.0,2018-09-28 13:46:42
2018-09-28 14:30:00,23.8,69.0,19.1,86.0,1010.7,825.4,2.5,3.6,16.7,19.1,0.9,2462.0,2018-09-28 14:16:42
2018-09-28 15:00:00,23.3,69.0,17.9,82.0,1010.3,825.0,1.1,5.0,14.8,17.9,2.1,2918.0,2018-09-28 14:46:42
2018-09-28 15:30:00,23.0,67.0,17.3,86.0,1010.1,824.8,3.6,7.2,15.0,17.3,0.6,7322.0,2018-09-28 15:16:42
2018-09-28 16:00:00,23.2,67.0,18.2,87.0,1009.8,824.5,1.1,2.5,16.0,18.2,0.6,11475.8,2018-09-28 15:46:42
2018-09-28 16:30:00,23.3,67.0,19.0,81.0,1009.4,824.1,1.1,5.0,15.7,19.0,0.3,9176.0,2018-09-28 16:16:42
2018-09-28 17:00:00,23.2,69.0,19.1,82.0,1009.3,824.0,0.0,1.1,16.0,19.1,0.3,7166.0,2018-09-28 16:46:42
2018-09-28 17:30:00,23.3,70.0,20.5,80.0,1009.3,824.0,3.6,5.0,17.0,20.5,0.0,11099.8,2018-09-28 17:16:42
2018-09-28 18:00:00,23.4,70.0,21.4,78.0,1009.2,823.9,2.5,3.6,17.4,21.4,0.0,12387.6,2018-09-28 17:46:42
2018-09-28 18:30:00,23.3,69.0,19.8,75.0,1009.1,823.8,6.1,8.6,15.3,19.8,0.0,2990.0,2018-09-28 18:16:42
2018-09-28 19:00:00,22.9,65.0,18.2,81.0,1008.9,823.6,1.1,3.6,14.9,18.2,0.0,7.5,2018-09-28 18:46:42
2018-09-28 19:30:00,22.5,66.0,17.5,82.0,1009.5,824.2,2.5,5.0,14.4,17.5,0.0,0.0,2018-09-28 19:16:42
2018-09-28 20:00:00,22.4,65.0,17.4,81.0,1009.9,824.6,2.5,3.6,14.1,17.4,0.0,0.0,2018-09-28 19:46:42
2018-09-28 20:30:00,22.2,65.0,17.0,83.0,1010.5,825.2,2.5,3.6,14.1,17.0,0.0,0.0,2018-09-28 20:16:42
2018-09-28 21:00:00,22.0,65.0,17.2,82.0,1010.8,825.5,2.5,3.6,14.1,17.2,0.0,0.0,2018-09-28 20:46:42
2018-09-28 21:30:00,21.9,67.0,17.2,84.0,1011.2,825.9,2.5,5.0,14.5,17.2,0.0,0.0,2018-09-28 21:16:42
2018-09-28 22:00:00,21.8,67.0,17.1,86.0,1011.4,826.1,2.5,5.0,14.8,17.1,0.0,0.0,2018-09-28 21:46:42
2018-09-28 22:30:00,21.7,68.0,17.1,83.0,1011.5,826.2,3.6,5.0,14.2,17.1,0.0,0.0,2018-09-28 22:16:42
2018-09-28 23:00:00,21.6,67.0,17.0,82.0,1011.7,826.4,2.5,5.0,13.9,17.0,0.0,0.0,2018-09-28 22:46:42
2018-09-28 23:30:00,21.6,67.0,17.4,79.0,1011.7,826.4,0.0,1.1,13.7,17.4,0.0,0.0,2018-09-28 23:16:42
2018-09-29 00:00:00,21.5,66.0,17.6,78.0,1011.6,826.3,0.0,0.0,13.7,17.6,0.0,0.0,2018-09-28 23:46:42
2018-09-29 00:30:00,21.4,66.0,17.2,80.0,1011.6,826.3,1.1,2.5,13.7,17.2,0.0,0.0,2018-09-29 00:16:42
2018-09-29 01:00:00,21.4,66.0,16.8,83.0,1011.4,826.1,1.1,2.5,13.9,16.8,0.0,0.0,2018-09-29 00:46:42
2018-09-29 01:30:00,21.3,66.0,17.0,84.0,1010.9,825.6,3.6,5.0,14.3,17.0,0.0,0.0,2018-09-29 01:16:42
2018-09-29 02:00:00,21.3,67.0,17.1,82.0,1010.7,825.4,5.0,6.1,14.0,17.1,0.0,0.0,2018-09-29 01:46:42
2018-09-29 02:30:00,21.2,67.0,17.0,82.0,1010.6,825.3,3.6,3.6,13.9,17.0,0.0,0.0,2018-09-29 02:16:42
2018-09-29 03:00:00,21.1,67.0,17.1,81.0,1010.7,825.4,6.1,8.6,13.8,17.1,0.0,0.0,2018-09-29 02:46:42
2018-09-29 03:30:00,21.1,67.0,16.8,84.0,1010.2,824.9,0.0,1.1,14.1,16.8,0.0,0.0,2018-09-29 03:16:42
2018-09-29 04:00:00,21.1,67.0,16.7,87.0,1009.7,824.4,1.1,2.5,14.5,16.7,0.0,0.0,2018-09-29 03:46:42
2018-09-29 04:30:00,21.0,68.0,16.6,89.0,1009.8,824.5,5.0,11.2,14.8,16.6,0.0,0.0,2018-09-29 04:16:42
2018-09-29 05:00:00,21.0,69.0,16.4,91.0,1009.7,824.4,5.0,11.2,14.9,16.4,0.0,0.0,2018-09-29 04:46:42
2018-09-29 05:30:00,20.9,70.0,16.0,93.0,1009.9,824.6,5.0,7.2,14.9,16.0,0.0,0.0,2018-09-29 05:16:42
2018-09-29 06:00:00,20.9,71.0,16.0,94.0,1010.2,824.9,5.0,7.2,15.1,16.0,0.0,0.0,2018-09-29 05:46:42
2018-09-29 06:30:00,20.8,71.0,16.2,93.0,1010.7,825.4,0.0,1.1,15.1,16.2,0.0,0.0,2018-09-29 06:16:42
2018-09-29 07:00:00,20.8,71.0,16.1,92.0,1010.9,825.6,2.5,5.0,14.8,16.1,0.0,315.0,2018-09-29 06:46:42
2018-09-29 07:30:00,20.8,71.0,16.1,92.0,1011.1,825.8,0.0,2.5,14.8,16.1,0.0,3002.0,2018-09-29 07:16:42
2018-09-29 08:00:00,20.8,71.0,16.7,90.0,1011.5,826.2,3.6,6.1,15.1,16.7,0.0,6194.0,2018-09-29 07:46:42
2018-09-29 08:30:00,20.9,71.0,17.3,85.0,1011.5,826.2,2.5,5.0,14.8,17.3,0.0,11320.7,2018-09-29 08:16:42
2018-09-29 09:00:00,21.0,70.0,19.3,80.0,1011.7,826.4,0.0,2.5,15.8,19.3,0.0,16721.0,2018-09-29 08:46:42
2018-09-29 09:30:00,21.4,71.0,20.2,74.0,1012.1,826.8,6.1,8.6,15.4,20.2,0.0,27733.1,2018-09-29 09:16:42
2018-09-29 10:00:00,22.0,70.0,21.3,72.0,1012.1,826.8,2.5,5.0,16.1,21.3,0.0,29255.9,2018-09-29 09:46:42
2018-09-29 10:30:00,22.5,69.0,22.8,65.0,1012.0,826.7,5.0,7.2,15.9,22.8,0.0,54438.5,2018-09-29 10:16:42
2018-09-29 11:00:00,23.6,68.0,23.7,65.0,1012.2,826.9,12.2,14.8,16.8,22.2,0.0,78826.8,2018-09-29 10:46:42
2018-09-29 11:30:00,24.6,65.0,24.3,62.0,1012.1,826.8,5.0,9.7,16.6,24.3,0.0,75419.3,2018-09-29 11:16:42
2018-09-29 12:00:00,25.1,62.0,23.4,65.0,1011.7,826.4,6.1,9.7,16.5,23.4,0.0,20692.5,2018-09-29 11:46:42
2018-09-29 12:30:00,25.2,62.0,24.0,63.0,1011.4,826.1,7.2,9.7,16.6,23.6,0.0,32310.9,2018-09-29 12:16:42
2018-09-29 13:00:00,25.6,62.0,24.0,63.0,1011.0,825.7,5.0,9.7,16.6,24.0,0.0,53916.8,2018-09-29 12:46:42
2018-09-29 13:30:00,25.7,61.0,22.7,66.0,1010.8,825.5,6.1,7.2,16.0,22.7,0.0,19428.2,2018-09-29 13:16:42
2018-09-29 14:00:00,25.4,61.0,22.9,66.0,1010.4,825.1,0.0,1.1,16.2,22.9,0.0,8594.0,2018-09-29 13:46:42
2018-09-29 14:30:00,25.0,63.0,20.7,81.0,1010.6,825.3,6.1,8.6,17.3,20.7,0.3,1818.0,2018-09-29 14:16:42
2018-09-29 15:00:00,24.3,67.0,17.6,90.0,1010.3,825.0,1.1,2.5,16.0,17.6,5.7,3734.0,2018-09-29 14:46:42
2018-09-29 15:30:00,23.9,66.0,17.5,89.0,1009.5,824.2,1.1,5.0,15.7,17.5,0.3,6068.0,2018-09-29 15:16:42
2018-09-29 16:00:00,23.6,67.0,17.5,90.0,1009.2,823.9,1.1,2.5,15.9,17.5,0.3,9482.0,2018-09-29 15:46:42
2018-09-29 16:30:00,23.3,68.0,19.8,87.0,1008.8,823.5,6.1,8.6,17.6,19.8,0.0,10874.2,2018-09-29 16:16:42
2018-09-29 17:00:00,23.3,70.0,20.3,84.0,1008.8,823.5,0.0,1.1,17.5,20.3,0.0,13299.4,2018-09-29 16:46:42
2018-09-29 17:30:00,23.2,72.0,20.5,82.0,1008.7,823.4,0.0,1.1,17.3,20.5,0.0,11109.2,2018-09-29 17:16:42
2018-09-29 18:00:00,23.2,72.0,24.2,67.0,1008.8,823.5,1.1,2.5,17.7,24.2,0.0,16373.2,2018-09-29 17:46:42
2018-09-29 18:30:00,23.3,72.0,21.0,76.0,1008.8,823.5,2.5,5.0,16.6,21.0,0.0,1794.0,2018-09-29 18:16:42
2018-09-29 19:00:00,22.9,71.0,18.9,84.0,1008.9,823.6,3.6,6.1,16.2,18.9,0.0,7.5,2018-09-29 18:46:42
2018-09-29 19:30:00,22.6,70.0,18.0,87.0,1009.1,823.8,2.5,3.6,15.8,18.0,0.0,0.0,2018-09-29 19:16:42
2018-09-29 20:00:00,22.4,70.0,17.8,87.0,1009.3,824.0,1.1,2.5,15.6,17.8,0.0,0.0,2018-09-29 19:46:42
2018-09-29 20:30:00,22.2,70.0,17.2,87.0,1009.5,824.2,2.5,5.0,15.0,17.2,0.0,0.0,2018-09-29 20:16:42
2018-09-29 21:00:00,22.0,69.0,17.1,84.0,1010.0,824.7,2.5,5.0,14.4,17.1,0.0,0.0,2018-09-29 20:46:42
2018-09-29 21:30:00,21.9,69.0,17.1,84.0,1010.5,825.2,2.5,5.0,14.4,17.1,0.0,0.0,2018-09-29 21:16:42
2018-09-29 22:00:00,21.8,69.0,16.9,85.0,1010.7,825.4,5.0,6.1,14.4,16.9,0.0,0.0,2018-09-29 21:46:42
2018-09-29 22:30:00,21.7,69.0,17.0,82.0,1010.6,825.3,0.0,0.0,13.9,17.0,0.0,0.0,2018-09-29 22:16:42
2018-09-29 23:00:00,21.6,68.0,16.8,85.0,1010.9,825.6,5.0,6.1,14.3,16.8,0.0,0.0,2018-09-29 22:46:42
2018-09-29 23:30:00,21.5,68.0,17.2,83.0,1011.0,825.7,2.5,3.6,14.3,17.2,0.0,0.0,2018-09-29 23:16:42
2018-09-30 00:00:00,21.5,68.0,17.0,85.0,1010.7,825.4,2.5,5.0,14.5,17.0,0.0,0.0,2018-09-29 23:46:42
2018-09-30 00:30:00,21.4,68.0,16.8,85.0,1010.6,825.3,2.5,3.6,14.3,16.8,0.0,0.0,2018-09-30 00:16:42
2018-09-30 01:00:00,21.3,68.0,16.6,87.0,1010.4,825.1,1.1,3.6,14.4,16.6,0.0,0.0,2018-09-30 00:46:42
2018-09-30 01:30:00,21.2,68.0,16.3,88.0,1010.2,824.9,3.6,5.0,14.3,16.3,0.0,0.0,2018-09-30 01:16:42
2018-09-30 02:00:00,21.2,68.0,16.3,86.0,1009.7,824.4,2.5,3.6,14.0,16.3,0.0,0.0,2018-09-30 01:46:42
2018-09-30 02:30:00,21.1,68.0,16.3,87.0,1009.6,824.3,0.0,2.5,14.2,16.3,0.0,0.0,2018-09-30 02:16:42
2018-09-30 03:00:00,21.1,68.0,16.8,85.0,1009.4,824.1,2.5,3.6,14.3,16.8,0.0,0.0,2018-09-30 02:46:42
2018-09-30 03:30:00,21.1,68.0,16.4,88.0,1009.6,824.3,0.0,0.0,14.4,16.4,0.0,0.0,2018-09-30 03:16:42
2018-09-30 04:00:00,21.0,68.0,16.0,89.0,1009.4,824.1,0.0,0.0,14.2,16.0,0.0,0.0,2018-09-30 03:46:42
2018-09-30 04:30:00,20.9,70.0,16.2,90.0,1009.6,824.3,6.1,8.6,14.6,16.2,0.0,0.0,2018-09-30 04:16:42
2018-09-30 05:00:00,20.9,70.0,16.6,89.0,1009.5,824.2,1.1,2.5,14.8,16.6,0.0,0.0,2018-09-30 04:46:42
2018-09-30 05:30:00,20.9,70.0,16.4,89.0,1010.1,824.8,1.1,2.5,14.6,16.4,0.0,0.0,2018-09-30 05:16:42
2018-09-30 06:00:00,20.9,70.0,16.4,90.0,1010.0,824.7,0.0,2.5,14.8,16.4,0.0,0.0,2018-09-30 05:46:42
2018-09-30 06:30:00,20.8,70.0,15.8,93.0,1010.0,824.7,2.5,3.6,14.7,15.8,0.0,0.0,2018-09-30 06:16:42
2018-09-30 07:00:00,20.8,71.0,15.8,94.0,1010.5,825.2,0.0,2.5,14.9,15.8,0.0,142.5,2018-09-30 06:46:42
2018-09-30 07:30:00,20.7,71.0,16.0,90.0,1011.0,825.7,0.0,1.1,14.4,16.0,0.0,1667.2,2018-09-30 07:16:42
2018-09-30 08:00:00,20.7,70.0,16.3,89.0,1011.2,825.9,0.0,1.1,14.5,16.3,0.0,2264.0,2018-09-30 07:46:42
2018-09-30 08:30:00,20.7,70.0,16.8,88.0,1011.5,826.2,2.5,3.6,14.8,16.8,0.0,2744.0,2018-09-30 08:16:42
2018-09-30 09:00:00,20.8,70.0,17.5,86.0,1011.7,826.4,2.5,3.6,15.2,17.5,0.0,7688.0,2018-09-30 08:46:42
2018-09-30 09:30:00,20.8,71.0,18.2,85.0,1011.9,826.6,0.0,1.1,15.7,18.2,0.0,12382.9,2018-09-30 09:16:42
2018-09-30 10:00:00,21.0,70.0,19.3,80.0,1012.3,827.0,0.0,1.1,15.8,19.3,0.0,13736.5,2018-09-30 09:46:42
2018-09-30 10:30:00,21.2,70.0,20.7,77.0,1012.3,827.0,3.6,5.0,16.5,20.7,0.0,23385.6,2018-09-30 10:16:42
2018-09-30 11:00:00,21.4,70.0,20.5,79.0,1012.2,826.9,5.0,9.7,16.8,20.5,0.0,18878.3,2018-09-30 10:46:42
2018-09-30 11:30:00,21.7,71.0,21.4,73.0,1012.4,827.1,5.0,6.1,16.4,21.4,0.0,30087.8,2018-09-30 11:16:42
2018-09-30 12:00:00,22.1,70.0,22.9,68.0,1012.2,826.9,2.5,5.0,16.7,22.9,0.0,41809.6,2018-09-30 11:46:42
