Time_dt,Indoor Temperature(°C),Indoor Humidity(%),Outdoor Temperature(°C),Outdoor Humidity(%),Relative Pressure(hpa),Absolute Pressure(hpa),Wind Speed(km/h),Gust(km/h),DewPoint(°C),WindChill(°C),Hour Rainfall(mm),Light(lux),Time_original
2019-05-01 01:30:00,23.0,67.0,17.5,89.0,1013.5,826.1,0.0,0.0,15.7,17.5,0.0,0.0,2019-05-01 01:16:58
2019-05-01 02:00:00,22.8,67.0,17.1,91.0,1013.1,825.7,1.1,2.5,15.6,17.1,0.0,0.0,2019-05-01 01:46:58
2019-05-01 02:30:00,22.8,68.0,16.8,91.0,1013.2,825.8,1.1,3.6,15.3,16.8,0.0,0.0,2019-05-01 02:16:58
2019-05-01 03:00:00,22.6,67.0,16.8,91.0,1013.2,825.8,1.1,2.5,15.3,16.8,0.0,0.0,2019-05-01 02:46:58
2019-05-01 03:30:00,22.5,67.0,16.6,92.0,1012.9,825.5,1.1,2.5,15.3,16.6,0.0,0.0,2019-05-01 03:16:58
2019-05-01 04:00:00,22.5,67.0,16.7,90.0,1013.1,825.7,1.1,2.5,15.1,16.7,0.0,0.0,2019-05-01 03:46:58
2019-05-01 04:30:00,22.4,67.0,16.4,89.0,1012.5,825.1,1.1,2.5,14.6,16.4,0.0,0.0,2019-05-01 04:16:58
2019-05-01 05:00:00,22.3,66.0,16.3,88.0,1012.6,825.2,2.5,3.6,14.3,16.3,0.0,0.0,2019-05-01 04:46:58
2019-05-01 05:30:00,22.2,65.0,16.7,85.0,1012.7,825.3,2.5,3.6,14.2,16.7,0.0,0.0,2019-05-01 05:16:58
2019-05-01 06:00:00,22.0,65.0,16.1,88.0,1012.9,825.5,3.6,5.0,14.1,16.1,0.0,0.0,2019-05-01 05:46:58
2019-05-01 06:30:00,21.9,65.0,15.8,90.0,1013.2,825.8,2.5,3.6,14.2,15.8,0.0,0.0,2019-05-01 06:16:58
2019-05-01 07:00:00,21.9,65.0,15.7,87.0,1013.3,825.9,3.6,5.0,13.6,15.7,0.0,0.0,2019-05-01 06:46:58
2019-05-01 07:30:00,21.8,65.0,15.6,89.0,1013.4,826.0,1.1,2.5,13.8,15.6,0.0,120.0,2019-05-01 07:16:58
2019-05-01 08:00:00,21.6,64.0,15.6,85.0,1013.5,826.1,1.1,2.5,13.1,15.6,0.0,2864.0,2019-05-01 07:46:58
2019-05-01 08:30:00,21.7,63.0,18.2,75.0,1014.1,826.7,1.1,2.5,13.7,18.2,0.0,11762.5,2019-05-01 08:16:58
2019-05-01 09:00:00,21.8,63.0,20.8,66.0,1014.6,827.2,1.1,3.6,14.2,20.8,0.0,13661.3,2019-05-01 08:46:58
2019-05-01 09:30:00,22.0,62.0,21.5,62.0,1014.8,827.4,6.1,8.6,13.9,21.5,0.0,22220.0,2019-05-01 09:16:58
2019-05-01 10:00:00,22.4,63.0,23.2,60.0,1015.0,827.6,2.5,6.1,15.0,23.2,0.0,31093.6,2019-05-01 09:46:58
2019-05-01 10:30:00,22.8,62.0,24.7,55.0,1015.1,827.7,2.5,3.6,15.1,24.7,0.0,36851.1,2019-05-01 10:16:58
2019-05-01 11:00:00,23.5,63.0,24.5,54.0,1015.1,827.7,6.1,8.6,14.6,24.5,0.0,52859.3,2019-05-01 10:46:58
2019-05-01 11:30:00,24.2,61.0,23.7,55.0,1015.0,827.6,7.2,11.2,14.2,23.2,0.0,48521.2,2019-05-01 11:16:58
2019-05-01 12:00:00,24.9,59.0,26.1,50.0,1015.0,827.6,6.1,9.7,14.9,26.1,0.0,66968.7,2019-05-01 11:46:58
2019-05-01 12:30:00,25.3,57.0,26.1,51.0,1014.5,827.1,5.0,6.1,15.2,26.1,0.0,73243.2,2019-05-01 12:16:58
2019-05-01 13:00:00,25.9,58.0,24.8,61.0,1014.5,827.1,3.6,6.1,16.8,24.8,0.0,50514.0,2019-05-01 12:46:58
2019-05-01 13:30:00,26.0,58.0,25.3,60.0,1014.0,826.6,5.0,8.6,17.0,25.3,0.0,29443.9,2019-05-01 13:16:58
2019-05-01 14:00:00,26.3,59.0,26.0,58.0,1013.7,826.3,6.1,9.7,17.1,26.0,0.0,60689.5,2019-05-01 13:46:58
2019-05-01 14:30:00,26.7,59.0,28.1,49.0,1013.1,825.7,8.6,11.2,16.4,27.7,0.0,61262.9,2019-05-01 14:16:58
2019-05-01 15:00:00,27.1,57.0,25.9,56.0,1012.7,825.3,7.2,9.7,16.5,25.6,0.0,45066.7,2019-05-01 14:46:58
2019-05-01 15:30:00,27.1,56.0,26.5,51.0,1012.5,825.1,3.6,8.6,15.6,26.5,0.0,21919.2,2019-05-01 15:16:58
2019-05-01 16:00:00,27.1,54.0,27.5,49.0,1012.1,824.7,7.2,8.6,15.9,27.2,0.0,65469.4,2019-05-01 15:46:58
2019-05-01 16:30:00,27.4,54.0,28.6,49.0,1012.0,824.6,6.1,9.7,16.9,28.6,0.0,21510.3,2019-05-01 16:16:58
2019-05-01 17:00:00,27.4,54.0,26.8,51.0,1011.7,824.3,5.0,7.2,15.8,26.8,0.0,33876.0,2019-05-01 16:46:58
2019-05-01 17:30:00,27.5,53.0,28.4,45.0,1011.4,824.0,8.6,13.3,15.4,28.0,0.0,32155.8,2019-05-01 17:16:58
2019-05-01 18:00:00,27.9,52.0,28.9,45.0,1011.5,824.1,5.0,6.1,15.8,28.9,0.0,21566.7,2019-05-01 17:46:58
2019-05-01 18:30:00,28.0,52.0,27.7,50.0,1011.6,824.2,7.2,9.7,16.4,27.4,0.0,13327.6,2019-05-01 18:16:58
2019-05-01 19:00:00,27.9,54.0,26.4,57.0,1011.8,824.4,3.6,5.0,17.2,26.4,0.0,6890.0,2019-05-01 18:46:58
2019-05-01 19:30:00,27.5,57.0,22.9,70.0,1011.9,824.5,0.0,1.1,17.2,22.9,0.0,1309.5,2019-05-01 19:16:58
2019-05-01 20:00:00,26.8,59.0,21.5,77.0,1012.3,824.9,2.5,3.6,17.3,21.5,0.0,0.0,2019-05-01 19:46:58
2019-05-01 20:30:00,26.3,60.0,20.9,79.0,1012.7,825.3,2.5,3.6,17.1,20.9,0.0,0.0,2019-05-01 20:16:58
2019-05-01 21:00:00,25.7,61.0,20.7,81.0,1012.9,825.5,0.0,1.1,17.3,20.7,0.0,0.0,2019-05-01 20:46:58
2019-05-01 21:30:00,25.6,62.0,20.1,82.0,1013.2,825.8,2.5,3.6,17.0,20.1,0.0,0.0,2019-05-01 21:16:58
2019-05-01 22:00:00,25.3,62.0,20.0,83.0,1013.9,826.5,1.1,2.5,17.0,20.0,0.0,0.0,2019-05-01 21:46:58
2019-05-01 22:30:00,25.1,63.0,19.8,84.0,1013.8,826.4,2.5,5.0,17.0,19.8,0.0,0.0,2019-05-01 22:16:58
2019-05-01 23:00:00,24.9,64.0,19.5,84.0,1013.9,826.5,0.0,1.1,16.7,19.5,0.0,0.0,2019-05-01 22:46:58
2019-05-01 23:30:00,24.7,64.0,19.7,84.0,1014.3,826.9,0.0,1.1,16.9,19.7,0.0,0.0,2019-05-01 23:16:58
2019-05-02 00:00:00,24.6,64.0,19.8,83.0,1014.3,826.9,3.6,5.0,16.9,19.8,0.0,0.0,2019-05-01 23:46:58
2019-05-02 00:30:00,24.5,64.0,19.4,84.0,1014.2,826.8,2.5,3.6,16.6,19.4,0.0,0.0,2019-05-02 00:16:58
2019-05-02 01:00:00,24.3,64.0,18.9,86.0,1014.0,826.6,2.5,3.6,16.5,18.9,0.0,0.0,2019-05-02 00:46:58
2019-05-02 01:30:00,24.1,64.0,18.6,87.0,1013.9,826.5,1.1,2.5,16.4,18.6,0.0,0.0,2019-05-02 01:16:58
2019-05-02 02:00:00,24.0,64.0,18.7,86.0,1013.6,826.2,2.5,3.6,16.3,18.7,0.0,0.0,2019-05-02 01:46:58
2019-05-02 02:30:00,23.9,65.0,18.8,86.0,1013.2,825.8,0.0,1.1,16.4,18.8,0.0,0.0,2019-05-02 02:16:58
2019-05-02 03:00:00,23.8,66.0,18.3,87.0,1013.0,825.6,1.1,2.5,16.1,18.3,0.0,0.0,2019-05-02 02:46:58
2019-05-02 03:30:00,23.8,65.0,18.6,86.0,1012.8,825.4,1.1,2.5,16.2,18.6,0.0,0.0,2019-05-02 03:16:58
2019-05-02 04:00:00,23.8,65.0,19.1,82.0,1012.4,825.0,2.5,5.0,16.0,19.1,0.0,0.0,2019-05-02 03:46:58
2019-05-02 04:30:00,23.6,65.0,18.2,86.0,1012.4,825.0,0.0,2.5,15.8,18.2,0.0,0.0,2019-05-02 04:16:58
2019-05-02 05:00:00,23.5,65.0,17.7,85.0,1012.2,824.8,1.1,2.5,15.2,17.7,0.0,0.0,2019-05-02 04:46:58
2019-05-02 05:30:00,23.3,65.0,17.0,86.0,1012.2,824.8,2.5,3.6,14.7,17.0,0.0,0.0,2019-05-02 05:16:58
2019-05-02 06:00:00,23.0,64.0,17.0,87.0,1012.4,825.0,2.5,3.6,14.8,17.0,0.0,0.0,2019-05-02 05:46:58
2019-05-02 06:30:00,22.9,64.0,16.8,89.0,1012.5,825.1,3.6,5.0,15.0,16.8,0.0,0.0,2019-05-02 06:16:58
2019-05-02 07:00:00,22.8,64.0,16.6,89.0,1012.8,825.4,5.0,6.1,14.8,16.6,0.0,0.0,2019-05-02 06:46:58
2019-05-02 07:30:00,22.9,63.0,16.6,89.0,1012.9,825.5,2.5,5.0,14.8,16.6,0.0,277.5,2019-05-02 07:16:58
2019-05-02 08:00:00,22.6,63.0,16.7,89.0,1013.0,825.6,0.0,2.5,14.9,16.7,0.0,2618.0,2019-05-02 07:46:58
2019-05-02 08:30:00,22.6,63.0,20.9,74.0,1013.3,825.9,2.5,3.6,16.1,20.9,0.0,10963.5,2019-05-02 08:16:58
2019-05-02 09:00:00,22.6,64.0,21.3,68.0,1013.7,826.3,3.6,5.0,15.2,21.3,0.0,13459.2,2019-05-02 08:46:58
2019-05-02 09:30:00,22.9,64.0,23.5,64.0,1013.9,826.5,1.1,2.5,16.3,23.5,0.0,23836.8,2019-05-02 09:16:58
2019-05-02 10:00:00,23.6,62.0,23.4,60.0,1013.9,826.5,2.5,3.6,15.2,23.4,0.0,30426.2,2019-05-02 09:46:58
2019-05-02 10:30:00,24.3,62.0,24.5,58.0,1014.4,827.0,2.5,5.0,15.7,24.5,0.0,42984.6,2019-05-02 10:16:58
2019-05-02 11:00:00,24.8,60.0,24.7,55.0,1014.8,827.4,6.1,8.6,15.1,24.7,0.0,57742.6,2019-05-02 10:46:58
2019-05-02 11:30:00,25.6,57.0,25.2,55.0,1014.8,827.4,5.0,7.2,15.5,25.2,0.0,51740.7,2019-05-02 11:16:58
2019-05-02 12:00:00,26.1,58.0,24.3,61.0,1014.8,827.4,6.1,8.6,16.3,24.3,0.0,21660.7,2019-05-02 11:46:58
2019-05-02 12:30:00,26.2,58.0,25.6,59.0,1014.6,827.2,3.6,7.2,17.0,25.6,0.0,53207.1,2019-05-02 12:16:58
2019-05-02 13:00:00,26.6,58.0,25.0,59.0,1014.6,827.2,5.0,8.6,16.5,25.0,0.0,28550.9,2019-05-02 12:46:58
2019-05-02 13:30:00,27.0,56.0,25.2,57.0,1014.5,827.1,5.0,7.2,16.1,25.2,0.0,32484.8,2019-05-02 13:16:58
2019-05-02 14:00:00,27.1,57.0,24.1,64.0,1014.2,826.8,5.0,8.6,16.9,24.1,0.0,14356.9,2019-05-02 13:46:58
2019-05-02 14:30:00,26.9,59.0,24.6,66.0,1013.4,826.0,7.2,11.2,17.9,24.2,0.0,29660.1,2019-05-02 14:16:58
2019-05-02 15:00:00,27.0,58.0,25.2,63.0,1012.9,825.5,5.0,7.2,17.7,25.2,0.0,40319.7,2019-05-02 14:46:58
2019-05-02 15:30:00,27.2,58.0,24.3,63.0,1012.7,825.3,3.6,6.1,16.8,24.3,0.0,20650.2,2019-05-02 15:16:58
2019-05-02 16:00:00,27.2,57.0,26.2,58.0,1012.6,825.2,2.5,5.0,17.3,26.2,0.0,44479.2,2019-05-02 15:46:58
2019-05-02 16:30:00,27.4,52.0,26.1,46.0,1012.2,824.8,3.6,6.1,13.6,26.1,0.0,42039.9,2019-05-02 16:16:58
2019-05-02 17:00:00,27.9,52.0,27.7,47.0,1012.0,824.6,6.1,8.6,15.4,27.7,0.0,36545.6,2019-05-02 16:46:58
2019-05-02 17:30:00,28.3,51.0,28.5,46.0,1012.2,824.8,6.1,8.6,15.8,28.5,0.0,28080.9,2019-05-02 17:16:58
2019-05-02 18:00:00,28.5,47.0,26.9,49.0,1012.2,824.8,2.5,7.2,15.3,26.9,0.0,20636.1,2019-05-02 17:46:58
2019-05-02 18:30:00,28.5,47.0,26.4,50.0,1012.3,824.9,2.5,5.0,15.2,26.4,0.0,11038.7,2019-05-02 18:16:58
2019-05-02 19:00:00,28.2,50.0,24.6,61.0,1012.5,825.1,2.5,5.0,16.6,24.6,0.0,3488.0,2019-05-02 18:46:58
2019-05-02 19:30:00,27.9,52.0,22.6,66.0,1012.6,825.2,0.0,2.5,16.0,22.6,0.0,641.2,2019-05-02 19:16:58
2019-05-02 20:00:00,27.3,52.0,20.9,74.0,1012.7,825.3,2.5,3.6,16.1,20.9,0.0,0.0,2019-05-02 19:46:58
2019-05-02 20:30:00,26.8,54.0,20.4,74.0,1012.9,825.5,1.1,3.6,15.6,20.4,0.0,0.0,2019-05-02 20:16:58
2019-05-02 21:00:00,26.4,55.0,19.9,79.0,1013.1,825.7,1.1,3.6,16.2,19.9,0.0,0.0,2019-05-02 20:46:58
2019-05-02 21:30:00,26.0,56.0,19.6,82.0,1013.3,825.9,0.0,1.1,16.5,19.6,0.0,0.0,2019-05-02 21:16:58
2019-05-02 22:00:00,25.6,58.0,19.2,82.0,1013.6,826.2,0.0,1.1,16.1,19.2,0.0,0.0,2019-05-02 21:46:58
2019-05-02 22:30:00,25.4,59.0,19.3,83.0,1013.9,826.5,2.5,3.6,16.4,19.3,0.0,0.0,2019-05-02 22:16:58
2019-05-02 23:00:00,25.1,60.0,18.9,85.0,1014.2,826.8,2.5,5.0,16.3,18.9,0.0,0.0,2019-05-02 22:46:58
2019-05-02 23:30:00,25.0,60.0,19.0,82.0,1014.2,826.8,0.0,1.1,15.9,19.0,0.0,0.0,2019-05-02 23:16:58
2019-05-03 00:00:00,24.8,61.0,18.3,84.0,1014.0,826.6,3.6,5.0,15.6,18.3,0.0,0.0,2019-05-02 23:46:58
2019-05-03 00:30:00,24.7,61.0,18.4,84.0,1014.1,826.7,1.1,5.0,15.7,18.4,0.0,0.0,2019-05-03 00:16:58
2019-05-03 01:00:00,24.5,61.0,18.1,85.0,1013.7,826.3,5.0,7.2,15.6,18.1,0.0,0.0,2019-05-03 00:46:58
2019-05-03 01:30:00,24.3,61.0,18.2,86.0,1013.4,826.0,0.0,1.1,15.8,18.2,0.0,0.0,2019-05-03 01:16:58
2019-05-03 02:00:00,24.2,61.0,17.7,86.0,1013.5,826.1,1.1,2.5,15.3,17.7,0.0,0.0,2019-05-03 01:46:58
2019-05-03 02:30:00,24.1,61.0,17.4,87.0,1013.0,825.6,3.6,5.0,15.2,17.4,0.0,0.0,2019-05-03 02:16:58
2019-05-03 03:00:00,24.0,61.0,17.5,85.0,1012.5,825.1,3.6,5.0,15.0,17.5,0.0,0.0,2019-05-03 02:46:58
2019-05-03 03:30:00,23.8,62.0,17.5,86.0,1012.5,825.1,1.1,3.6,15.2,17.5,0.0,0.0,2019-05-03 03:16:58
2019-05-03 04:00:00,23.8,62.0,17.8,86.0,1012.3,824.9,3.6,5.0,15.4,17.8,0.0,0.0,2019-05-03 03:46:58
2019-05-03 04:30:00,23.7,62.0,17.4,83.0,1012.3,824.9,3.6,7.2,14.5,17.4,0.0,0.0,2019-05-03 04:16:58
2019-05-03 05:00:00,23.6,62.0,17.3,86.0,1012.3,824.9,0.0,1.1,15.0,17.3,0.0,0.0,2019-05-03 04:46:58
2019-05-03 05:30:00,23.6,62.0,16.8,89.0,1012.4,825.0,3.6,5.0,15.0,16.8,0.0,0.0,2019-05-03 05:16:58
2019-05-03 06:00:00,23.3,62.0,17.0,87.0,1012.1,824.7,1.1,2.5,14.8,17.0,0.0,0.0,2019-05-03 05:46:58
2019-05-03 06:30:00,23.4,62.0,17.1,87.0,1012.1,824.7,1.1,2.5,14.9,17.1,0.0,0.0,2019-05-03 06:16:58
2019-05-03 07:00:00,23.3,63.0,17.1,87.0,1012.8,825.4,2.5,6.1,14.9,17.1,0.0,0.0,2019-05-03 06:46:58
2019-05-03 07:30:00,23.0,63.0,16.9,89.0,1012.9,825.5,0.0,2.5,15.1,16.9,0.0,37.5,2019-05-03 07:16:58
2019-05-03 08:00:00,23.0,63.0,17.0,88.0,1012.8,825.4,0.0,1.1,15.0,17.0,0.0,3938.0,2019-05-03 07:46:58
2019-05-03 08:30:00,23.2,63.0,18.7,86.0,1013.4,826.0,1.1,2.5,16.3,18.7,0.0,10009.4,2019-05-03 08:16:58
2019-05-03 09:00:00,23.2,64.0,19.9,77.0,1013.5,826.1,3.6,6.1,15.8,19.9,0.0,12843.5,2019-05-03 08:46:58
2019-05-03 09:30:00,23.4,64.0,21.2,73.0,1013.5,826.1,2.5,5.0,16.2,21.2,0.0,19287.2,2019-05-03 09:16:58
2019-05-03 10:00:00,23.9,65.0,22.0,71.0,1013.7,826.3,3.6,6.1,16.5,22.0,0.0,27723.7,2019-05-03 09:46:58
2019-05-03 10:30:00,24.4,64.0,20.9,76.0,1014.4,827.0,2.5,5.0,16.5,20.9,0.0,20998.0,2019-05-03 10:16:58
2019-05-03 11:00:00,24.7,64.0,22.4,70.0,1014.7,827.3,6.1,8.6,16.7,22.4,0.0,28189.0,2019-05-03 10:46:58
2019-05-03 11:30:00,25.1,62.0,22.9,68.0,1014.7,827.3,5.0,7.2,16.7,22.9,0.0,29608.4,2019-05-03 11:16:58
2019-05-03 12:00:00,25.6,62.0,24.0,64.0,1014.6,827.2,6.1,8.6,16.8,24.0,0.0,26031.7,2019-05-03 11:46:58
2019-05-03 12:30:00,25.8,61.0,24.8,64.0,1014.4,827.0,7.2,11.2,17.6,24.4,0.0,54490.2,2019-05-03 12:16:58
2019-05-03 13:00:00,26.2,60.0,25.8,61.0,1014.4,827.0,5.0,12.2,17.7,25.8,0.0,77214.7,2019-05-03 12:46:58
2019-05-03 13:30:00,26.6,60.0,25.3,63.0,1013.9,826.5,6.1,8.6,17.8,25.3,0.0,33467.1,2019-05-03 13:16:58
2019-05-03 14:00:00,26.5,60.0,25.1,63.0,1013.6,826.2,8.6,11.2,17.6,24.4,0.0,45438.0,2019-05-03 13:46:58
2019-05-03 14:30:00,26.7,60.0,23.8,70.0,1013.2,825.8,3.6,6.1,18.0,23.8,0.0,35206.1,2019-05-03 14:16:58
2019-05-03 15:00:00,26.7,60.0,24.9,66.0,1013.0,825.6,6.1,8.6,18.1,24.9,0.0,21275.3,2019-05-03 14:46:58
2019-05-03 15:30:00,26.8,60.0,23.9,70.0,1012.7,825.3,6.1,9.7,18.1,23.9,0.0,16702.2,2019-05-03 15:16:58
2019-05-03 16:00:00,26.4,61.0,23.3,74.0,1012.5,825.1,5.0,7.2,18.4,23.3,0.0,32005.4,2019-05-03 15:46:58
2019-05-03 16:30:00,26.5,61.0,24.5,67.0,1012.2,824.8,6.1,7.2,18.0,24.5,0.0,26341.9,2019-05-03 16:16:58
2019-05-03 17:00:00,26.8,61.0,24.8,66.0,1012.2,824.8,2.5,5.0,18.0,24.8,0.0,19682.0,2019-05-03 16:46:58
2019-05-03 17:30:00,26.8,61.0,24.1,68.0,1011.9,824.5,5.0,8.6,17.9,24.1,0.0,14046.7,2019-05-03 17:16:58
2019-05-03 18:00:00,26.5,62.0,23.3,74.0,1012.3,824.9,5.0,8.6,18.4,23.3,0.0,10921.2,2019-05-03 17:46:58
2019-05-03 18:30:00,26.5,63.0,23.0,76.0,1012.2,824.8,6.1,7.2,18.6,23.0,0.0,8312.0,2019-05-03 18:16:58
2019-05-03 19:00:00,26.5,63.0,22.8,77.0,1012.4,825.0,3.6,5.0,18.6,22.8,0.0,4340.0,2019-05-03 18:46:58
2019-05-03 19:30:00,26.3,63.0,21.7,80.0,1012.5,825.1,2.5,3.6,18.1,21.7,0.0,1161.0,2019-05-03 19:16:58
2019-05-03 20:00:00,26.0,63.0,20.8,83.0,1012.9,825.5,0.0,1.1,17.8,20.8,0.0,0.0,2019-05-03 19:46:58
2019-05-03 20:30:00,25.7,65.0,20.3,84.0,1012.9,825.5,0.0,1.1,17.5,20.3,0.0,0.0,2019-05-03 20:16:58
2019-05-03 21:00:00,25.3,65.0,19.7,87.0,1013.1,825.7,1.1,2.5,17.5,19.7,0.0,0.0,2019-05-03 20:46:58
2019-05-03 21:30:00,25.2,65.0,19.6,88.0,1013.4,826.0,0.0,0.0,17.6,19.6,0.0,0.0,2019-05-03 21:16:58
2019-05-03 22:00:00,24.9,66.0,19.5,89.0,1013.8,826.4,1.1,2.5,17.7,19.5,0.0,0.0,2019-05-03 21:46:58
2019-05-03 22:30:00,24.7,67.0,19.5,89.0,1014.0,826.6,0.0,1.1,17.7,19.5,0.0,0.0,2019-05-03 22:16:58
2019-05-03 23:00:00,24.6,67.0,19.3,90.0,1014.0,826.6,0.0,1.1,17.6,19.3,0.0,0.0,2019-05-03 22:46:58
2019-05-03 23:30:00,24.5,68.0,19.1,90.0,1013.8,826.4,0.0,1.1,17.4,19.1,0.0,0.0,2019-05-03 23:16:58
2019-05-04 00:00:00,24.4,68.0,19.3,91.0,1014.6,827.2,2.5,5.0,17.8,19.3,0.0,0.0,2019-05-03 23:46:58
2019-05-04 00:30:00,24.3,68.0,19.1,91.0,1014.0,826.6,0.0,2.5,17.6,19.1,0.0,0.0,2019-05-04 00:16:58
2019-05-04 01:00:00,24.2,69.0,18.7,93.0,1013.5,826.1,0.0,0.0,17.6,18.7,0.0,0.0,2019-05-04 00:46:58
2019-05-04 01:30:00,24.1,69.0,19.2,91.0,1013.3,825.9,0.0,0.0,17.7,19.2,0.0,0.0,2019-05-04 01:16:58
2019-05-04 02:00:00,24.0,69.0,19.0,91.0,1013.5,826.1,0.0,2.5,17.5,19.0,0.0,0.0,2019-05-04 01:46:58
2019-05-04 02:30:00,23.9,70.0,18.3,93.0,1013.4,826.0,0.0,1.1,17.2,18.3,0.0,0.0,2019-05-04 02:16:58
2019-05-04 03:00:00,23.7,70.0,18.2,94.0,1013.4,826.0,0.0,0.0,17.2,18.2,0.0,0.0,2019-05-04 02:46:58
2019-05-04 03:30:00,23.6,70.0,18.1,93.0,1012.9,825.5,2.5,3.6,17.0,18.1,0.0,0.0,2019-05-04 03:16:58
2019-05-04 04:00:00,23.4,70.0,17.8,93.0,1012.6,825.2,1.1,2.5,16.7,17.8,0.0,0.0,2019-05-04 03:46:58
2019-05-04 04:30:00,23.4,70.0,18.0,94.0,1012.3,824.9,1.1,2.5,17.0,18.0,0.0,0.0,2019-05-04 04:16:58
2019-05-04 05:00:00,23.3,70.0,17.9,94.0,1012.3,824.9,3.6,6.1,16.9,17.9,0.0,0.0,2019-05-04 04:46:58
2019-05-04 05:30:00,23.3,70.0,17.7,94.0,1012.1,824.7,0.0,1.1,16.7,17.7,0.0,0.0,2019-05-04 05:16:58
2019-05-04 06:00:00,23.3,70.0,18.1,95.0,1012.0,824.6,0.0,1.1,17.3,18.1,0.0,0.0,2019-05-04 05:46:58
2019-05-04 06:30:00,23.3,70.0,18.0,95.0,1012.3,824.9,1.1,3.6,17.2,18.0,0.0,0.0,2019-05-04 06:16:58
2019-05-04 07:00:00,23.3,70.0,17.9,94.0,1012.7,825.3,0.0,1.1,16.9,17.9,0.0,0.0,2019-05-04 06:46:58
2019-05-04 07:30:00,23.2,71.0,17.7,94.0,1012.8,825.4,1.1,2.5,16.7,17.7,0.0,7.5,2019-05-04 07:16:58
2019-05-04 08:00:00,23.0,71.0,18.0,94.0,1012.9,825.5,1.1,3.6,17.0,18.0,0.0,3176.0,2019-05-04 07:46:58
2019-05-04 08:30:00,23.1,70.0,18.9,93.0,1013.3,825.9,0.0,1.1,17.8,18.9,0.0,7130.0,2019-05-04 08:16:58
2019-05-04 09:00:00,23.2,70.0,19.3,88.0,1013.3,825.9,1.1,3.6,17.3,19.3,0.0,6926.0,2019-05-04 08:46:58
2019-05-04 09:30:00,23.3,71.0,19.5,86.0,1014.1,826.7,1.1,2.5,17.1,19.5,0.0,7832.0,2019-05-04 09:16:58
2019-05-04 10:00:00,23.3,72.0,20.3,85.0,1014.2,826.8,5.0,6.1,17.7,20.3,0.0,23912.0,2019-05-04 09:46:58
2019-05-04 10:30:00,23.6,72.0,22.3,75.0,1014.1,826.7,3.6,6.1,17.7,22.3,0.0,29020.9,2019-05-04 10:16:58
2019-05-04 11:00:00,24.1,69.0,22.7,70.0,1014.5,827.1,5.0,7.2,17.0,22.7,0.0,17980.6,2019-05-04 10:46:58
2019-05-04 11:30:00,24.4,68.0,22.4,75.0,1014.2,826.8,3.6,5.0,17.8,22.4,0.0,12213.7,2019-05-04 11:16:58
2019-05-04 12:00:00,24.5,68.0,22.2,74.0,1014.3,826.9,3.6,6.1,17.4,22.2,0.0,30473.2,2019-05-04 11:46:58
2019-05-04 12:30:00,24.7,69.0,21.8,79.0,1014.0,826.6,5.0,7.2,18.0,21.8,0.0,13130.2,2019-05-04 12:16:58
2019-05-04 13:00:00,24.7,69.0,21.3,80.0,1014.1,826.7,2.5,5.0,17.7,21.3,0.0,17458.9,2019-05-04 12:46:58
2019-05-04 13:30:00,24.9,69.0,22.3,76.0,1013.9,826.5,3.6,5.0,17.9,22.3,0.0,9980.0,2019-05-04 13:16:58
2019-05-04 14:00:00,24.8,70.0,22.0,78.0,1013.8,826.4,2.5,6.1,18.0,22.0,0.0,7898.0,2019-05-04 13:46:58
2019-05-04 14:30:00,24.9,69.0,23.4,73.0,1013.1,825.7,2.5,3.6,18.3,23.4,0.0,56257.4,2019-05-04 14:16:58
2019-05-04 15:00:00,25.2,65.0,25.3,61.0,1012.5,825.1,5.0,7.2,17.3,25.3,0.0,23131.8,2019-05-04 14:46:58
2019-05-04 15:30:00,25.7,64.0,25.1,65.0,1012.4,825.0,2.5,6.1,18.1,25.1,0.0,29251.2,2019-05-04 15:16:58
2019-05-04 16:00:00,26.1,62.0,26.2,59.0,1011.8,824.4,7.2,9.7,17.6,25.9,0.0,28212.5,2019-05-04 15:46:58
2019-05-04 16:30:00,26.5,62.0,27.1,58.0,1011.5,824.1,5.0,9.7,18.2,27.1,0.0,52718.3,2019-05-04 16:16:58
2019-05-04 17:00:00,27.0,60.0,25.2,65.0,1011.3,823.9,6.1,9.7,18.2,25.2,0.0,10606.3,2019-05-04 16:46:58
2019-05-04 17:30:00,26.8,62.0,22.8,76.0,1011.4,824.0,3.6,5.0,18.4,22.8,0.0,5330.0,2019-05-04 17:16:58
2019-05-04 18:00:00,26.4,64.0,22.9,79.0,1011.6,824.2,3.6,6.1,19.1,22.9,0.0,9152.0,2019-05-04 17:46:58
2019-05-04 18:30:00,26.1,65.0,22.4,80.0,1011.4,824.0,2.5,5.0,18.8,22.4,0.0,6152.0,2019-05-04 18:16:58
2019-05-04 19:00:00,25.9,67.0,22.1,81.0,1011.6,824.2,3.6,6.1,18.7,22.1,0.0,3608.0,2019-05-04 18:46:58
2019-05-04 19:30:00,25.7,68.0,21.4,85.0,1012.0,824.6,2.5,5.0,18.8,21.4,0.0,517.5,2019-05-04 19:16:58
2019-05-04 20:00:00,25.4,70.0,20.7,89.0,1012.3,824.9,0.0,0.0,18.8,20.7,0.0,0.0,2019-05-04 19:46:58
2019-05-04 20:30:00,25.1,70.0,20.3,90.0,1012.4,825.0,0.0,1.1,18.6,20.3,0.0,0.0,2019-05-04 20:16:58
2019-05-04 21:00:00,24.9,71.0,20.0,89.0,1012.5,825.1,1.1,2.5,18.2,20.0,0.0,0.0,2019-05-04 20:46:58
2019-05-04 21:30:00,24.7,71.0,19.7,90.0,1012.7,825.3,1.1,2.5,18.0,19.7,0.0,0.0,2019-05-04 21:16:58
2019-05-04 22:00:00,24.6,70.0,19.7,86.0,1013.2,825.8,1.1,3.6,17.3,19.7,0.0,0.0,2019-05-04 21:46:58
2019-05-04 22:30:00,24.4,69.0,19.9,85.0,1013.7,826.3,1.1,2.5,17.3,19.9,0.0,0.0,2019-05-04 22:16:58
2019-05-04 23:00:00,24.4,69.0,20.0,86.0,1013.9,826.5,1.1,2.5,17.6,20.0,0.0,0.0,2019-05-04 22:46:58
2019-05-04 23:30:00,24.3,69.0,19.7,89.0,1014.1,826.7,0.0,0.0,17.9,19.7,0.0,0.0,2019-05-04 23:16:58
2019-05-05 00:00:00,24.2,71.0,19.8,91.0,1014.4,827.0,0.0,0.0,18.3,19.8,0.0,0.0,2019-05-04 23:46:58
2019-05-05 00:30:00,24.1,71.0,19.2,91.0,1014.4,827.0,0.0,1.1,17.7,19.2,0.0,0.0,2019-05-05 00:16:58
2019-05-05 01:00:00,24.0,71.0,18.8,90.0,1014.1,826.7,1.1,2.5,17.1,18.8,0.0,0.0,2019-05-05 00:46:58
2019-05-05 01:30:00,23.8,70.0,18.2,90.0,1013.9,826.5,2.5,3.6,16.6,18.2,0.0,0.0,2019-05-05 01:16:58
2019-05-05 02:00:00,23.7,70.0,18.2,91.0,1014.1,826.7,2.5,3.6,16.7,18.2,0.0,0.0,2019-05-05 01:46:58
2019-05-05 02:30:00,23.6,70.0,18.8,90.0,1013.5,826.1,1.1,2.5,17.1,18.8,0.0,0.0,2019-05-05 02:16:58
2019-05-05 03:00:00,23.4,69.0,18.9,86.0,1013.2,825.8,5.0,7.2,16.5,18.9,0.0,0.0,2019-05-05 02:46:58
2019-05-05 03:30:00,23.4,69.0,18.8,87.0,1012.6,825.2,3.6,5.0,16.6,18.8,0.0,0.0,2019-05-05 03:16:58
2019-05-05 04:00:00,23.4,69.0,18.2,87.0,1012.7,825.3,2.5,3.6,16.0,18.2,0.0,0.0,2019-05-05 03:46:58
2019-05-05 04:30:00,23.3,68.0,18.2,89.0,1012.4,825.0,2.5,5.0,16.4,18.2,0.0,0.0,2019-05-05 04:16:58
2019-05-05 05:00:00,23.2,68.0,18.2,89.0,1012.2,824.8,1.1,3.6,16.4,18.2,0.0,0.0,2019-05-05 04:46:58
2019-05-05 05:30:00,23.0,68.0,18.0,90.0,1012.1,824.7,2.5,3.6,16.4,18.0,0.0,0.0,2019-05-05 05:16:58
2019-05-05 06:00:00,23.0,69.0,17.8,91.0,1012.0,824.6,1.1,2.5,16.3,17.8,0.0,0.0,2019-05-05 05:46:58
2019-05-05 06:30:00,23.0,69.0,17.6,92.0,1012.1,824.7,5.0,7.2,16.3,17.6,0.0,0.0,2019-05-05 06:16:58
2019-05-05 07:00:00,22.8,69.0,17.9,88.0,1012.1,824.7,1.1,2.5,15.9,17.9,0.0,0.0,2019-05-05 06:46:58
2019-05-05 07:30:00,22.8,68.0,17.4,89.0,1012.0,824.6,2.5,3.6,15.6,17.4,0.0,30.0,2019-05-05 07:16:58
2019-05-05 08:00:00,22.6,68.0,17.4,87.0,1012.4,825.0,2.5,3.6,15.2,17.4,0.0,1788.0,2019-05-05 07:46:58
2019-05-05 08:30:00,22.6,68.0,17.9,87.0,1012.9,825.5,0.0,1.1,15.7,17.9,0.0,5774.0,2019-05-05 08:16:58
2019-05-05 09:00:00,22.8,67.0,19.3,82.0,1012.9,825.5,1.1,2.5,16.2,19.3,0.0,11428.8,2019-05-05 08:46:58
2019-05-05 09:30:00,22.9,68.0,22.0,71.0,1013.3,825.9,2.5,3.6,16.5,22.0,0.0,30839.8,2019-05-05 09:16:58
2019-05-05 10:00:00,23.5,66.0,21.9,70.0,1013.4,826.0,1.1,2.5,16.2,21.9,0.0,16641.1,2019-05-05 09:46:58
2019-05-05 10:30:00,23.9,66.0,23.7,67.0,1013.3,825.9,1.1,3.6,17.2,23.7,0.0,20335.3,2019-05-05 10:16:58
2019-05-05 11:00:00,24.2,65.0,24.2,65.0,1013.7,826.3,1.1,3.6,17.2,24.2,0.0,29124.3,2019-05-05 10:46:58
2019-05-05 11:30:00,24.6,65.0,23.5,69.0,1013.6,826.2,6.1,8.6,17.5,23.5,0.0,23178.8,2019-05-05 11:16:58
2019-05-05 12:00:00,24.9,65.0,24.9,68.0,1013.6,826.2,1.1,2.5,18.6,24.9,0.0,22708.8,2019-05-05 11:46:58
2019-05-05 12:30:00,25.2,65.0,23.8,72.0,1013.4,826.0,5.0,7.2,18.5,23.8,0.0,28706.0,2019-05-05 12:16:58
2019-05-05 13:00:00,25.4,65.0,24.5,71.0,1013.3,825.9,5.0,6.1,18.9,24.5,0.0,35384.7,2019-05-05 12:46:58
2019-05-05 13:30:00,25.8,65.0,26.1,62.0,1013.2,825.8,9.7,12.2,18.3,25.3,0.0,46533.1,2019-05-05 13:16:58
2019-05-05 14:00:00,26.6,63.0,26.6,59.0,1012.5,825.1,9.7,17.3,18.0,25.9,0.0,83174.3,2019-05-05 13:46:58
2019-05-05 14:30:00,27.4,60.0,27.1,56.0,1012.2,824.8,11.2,15.8,17.6,26.3,0.0,79466.0,2019-05-05 14:16:58
2019-05-05 15:00:00,27.9,59.0,27.7,49.0,1012.1,824.7,7.2,14.8,16.0,27.4,0.0,73826.0,2019-05-05 14:46:58
2019-05-05 15:30:00,28.3,54.0,27.7,50.0,1011.6,824.2,8.6,11.2,16.4,27.2,0.0,67189.6,2019-05-05 15:16:58
2019-05-05 16:00:00,28.5,53.0,26.5,54.0,1011.1,823.7,11.2,14.8,16.5,25.6,0.0,53818.1,2019-05-05 15:46:58
2019-05-05 16:30:00,28.6,52.0,27.1,49.0,1010.9,823.5,7.2,12.2,15.5,26.8,0.0,33401.3,2019-05-05 16:16:58
2019-05-05 17:00:00,28.4,51.0,26.7,52.0,1010.8,823.4,3.6,7.2,16.1,26.7,0.0,43257.2,2019-05-05 16:46:58
2019-05-05 17:30:00,28.3,52.0,27.6,50.0,1010.9,823.5,5.0,8.6,16.3,27.6,0.0,33250.9,2019-05-05 17:16:58
2019-05-05 18:00:00,28.6,52.0,28.8,45.0,1010.9,823.5,6.1,8.6,15.7,28.8,0.0,20861.7,2019-05-05 17:46:58
2019-05-05 18:30:00,28.7,52.0,28.0,48.0,1010.7,823.3,3.6,6.1,16.0,28.0,0.0,17219.2,2019-05-05 18:16:58
2019-05-05 19:00:00,28.6,52.0,24.7,63.0,1011.0,823.6,7.2,9.7,17.2,24.3,0.0,3770.0,2019-05-05 18:46:58
2019-05-05 19:30:00,27.9,54.0,23.0,72.0,1010.9,823.5,1.1,2.5,17.7,23.0,0.0,585.0,2019-05-05 19:16:58
2019-05-05 20:00:00,27.3,58.0,22.0,75.0,1011.1,823.7,1.1,2.5,17.4,22.0,0.0,0.0,2019-05-05 19:46:58
2019-05-05 20:30:00,26.8,60.0,21.1,82.0,1011.4,824.0,1.1,3.6,17.9,21.1,0.0,0.0,2019-05-05 20:16:58
2019-05-05 21:00:00,26.4,62.0,20.7,85.0,1011.9,824.5,5.0,7.2,18.1,20.7,0.0,0.0,2019-05-05 20:46:58
2019-05-05 21:30:00,26.0,63.0,20.7,85.0,1012.1,824.7,2.5,3.6,18.1,20.7,0.0,0.0,2019-05-05 21:16:58
2019-05-05 22:00:00,25.8,65.0,20.5,86.0,1012.3,824.9,1.1,2.5,18.1,20.5,0.0,0.0,2019-05-05 21:46:58
2019-05-05 22:30:00,25.6,65.0,20.2,87.0,1012.5,825.1,2.5,3.6,18.0,20.2,0.0,0.0,2019-05-05 22:16:58
2019-05-05 23:00:00,25.4,66.0,20.2,87.0,1012.9,825.5,1.1,3.6,18.0,20.2,0.0,0.0,2019-05-05 22:46:58
2019-05-05 23:30:00,25.3,65.0,19.9,87.0,1012.8,825.4,1.1,2.5,17.7,19.9,0.0,0.0,2019-05-05 23:16:58
2019-05-06 00:00:00,25.2,65.0,20.2,87.0,1013.1,825.7,0.0,2.5,18.0,20.2,0.0,0.0,2019-05-05 23:46:58
2019-05-06 00:30:00,25.1,66.0,20.1,87.0,1013.3,825.9,2.5,3.6,17.9,20.1,0.0,0.0,2019-05-06 00:16:58
2019-05-06 01:00:00,25.0,66.0,20.2,87.0,1013.5,826.1,0.0,1.1,18.0,20.2,0.0,0.0,2019-05-06 00:46:58
2019-05-06 01:30:00,25.0,66.0,20.3,86.0,1013.3,825.9,0.0,1.1,17.9,20.3,0.0,0.0,2019-05-06 01:16:58
2019-05-06 02:00:00,24.9,67.0,20.4,86.0,1013.4,826.0,1.1,2.5,18.0,20.4,0.0,0.0,2019-05-06 01:46:58
2019-05-06 02:30:00,24.9,68.0,20.2,87.0,1012.9,825.5,1.1,1.1,18.0,20.2,0.0,0.0,2019-05-06 02:16:58
2019-05-06 03:00:00,24.8,68.0,19.5,90.0,1012.4,825.0,1.1,2.5,17.8,19.5,0.0,0.0,2019-05-06 02:46:58
2019-05-06 03:30:00,24.6,68.0,19.3,91.0,1012.7,825.3,0.0,2.5,17.8,19.3,0.0,0.0,2019-05-06 03:16:58
2019-05-06 04:00:00,24.6,68.0,19.5,91.0,1012.4,825.0,0.0,0.0,18.0,19.5,0.0,0.0,2019-05-06 03:46:58
2019-05-06 04:30:00,24.5,69.0,19.2,92.0,1012.5,825.1,0.0,0.0,17.9,19.2,0.0,0.0,2019-05-06 04:16:58
2019-05-06 05:00:00,24.3,69.0,18.6,93.0,1012.5,825.1,0.0,1.1,17.5,18.6,0.0,0.0,2019-05-06 04:46:58
2019-05-06 05:30:00,24.2,69.0,18.3,95.0,1012.6,825.2,0.0,2.5,17.5,18.3,0.0,0.0,2019-05-06 05:16:58
2019-05-06 06:00:00,24.1,69.0,18.6,95.0,1013.2,825.8,0.0,0.0,17.8,18.6,0.0,0.0,2019-05-06 05:46:58
2019-05-06 06:30:00,24.0,69.0,18.2,95.0,1013.2,825.8,0.0,1.1,17.4,18.2,0.0,0.0,2019-05-06 06:16:58
2019-05-06 07:00:00,24.1,69.0,18.5,95.0,1013.5,826.1,0.0,1.1,17.7,18.5,0.0,0.0,2019-05-06 06:46:58
2019-05-06 07:30:00,24.0,69.0,18.2,94.0,1013.1,825.7,1.1,3.6,17.2,18.2,0.0,105.0,2019-05-06 07:16:58
2019-05-06 08:00:00,23.9,70.0,18.3,93.0,1013.4,826.0,1.1,2.5,17.2,18.3,0.0,3428.0,2019-05-06 07:46:58
2019-05-06 08:30:00,23.8,70.0,21.7,79.0,1013.9,826.5,1.1,5.0,17.9,21.7,0.0,15339.2,2019-05-06 08:16:58
2019-05-06 09:00:00,24.1,68.0,27.4,54.0,1014.2,826.8,1.1,2.5,17.3,27.4,0.0,20645.5,2019-05-06 08:46:58
2019-05-06 09:30:00,24.6,66.0,27.0,52.0,1014.7,827.3,3.6,6.1,16.3,27.0,0.0,24729.8,2019-05-06 09:16:58
2019-05-06 10:00:00,25.1,64.0,26.2,58.0,1014.9,827.5,6.1,8.6,17.3,26.2,0.0,39478.4,2019-05-06 09:46:58
2019-05-06 10:30:00,25.7,64.0,26.1,59.0,1014.9,827.5,5.0,8.6,17.5,26.1,0.0,43915.2,2019-05-06 10:16:58
2019-05-06 11:00:00,26.0,63.0,24.8,68.0,1015.6,828.2,7.2,11.2,18.5,24.4,0.0,49884.2,2019-05-06 10:46:58
2019-05-06 11:30:00,26.4,63.0,23.9,71.0,1015.6,828.2,3.6,6.1,18.3,23.9,0.0,23427.9,2019-05-06 11:16:58
2019-05-06 12:00:00,26.8,62.0,25.4,63.0,1015.2,827.8,6.1,9.7,17.9,25.4,0.0,18873.6,2019-05-06 11:46:58
2019-05-06 12:30:00,26.8,62.0,24.1,68.0,1015.0,827.6,7.2,8.6,17.9,23.7,0.0,27296.0,2019-05-06 12:16:58
2019-05-06 13:00:00,26.7,61.0,26.2,60.0,1014.8,827.4,0.0,2.5,17.9,26.2,0.0,22765.2,2019-05-06 12:46:58
2019-05-06 13:30:00,27.0,60.0,26.6,58.0,1014.5,827.1,8.6,12.2,17.7,26.0,0.0,34707.9,2019-05-06 13:16:58
2019-05-06 14:00:00,27.4,59.0,26.5,59.0,1014.5,827.1,8.6,12.2,17.9,25.9,0.0,36804.1,2019-05-06 13:46:58
2019-05-06 14:30:00,27.5,58.0,27.1,54.0,1014.1,826.7,6.1,7.2,17.0,27.1,0.0,43214.9,2019-05-06 14:16:58
2019-05-06 15:00:00,27.8,57.0,25.3,60.0,1013.8,826.4,9.7,17.3,17.0,24.4,0.0,18286.1,2019-05-06 14:46:58
2019-05-06 15:30:00,27.5,56.0,25.4,60.0,1013.3,825.9,3.6,7.2,17.1,25.4,0.0,18539.9,2019-05-06 15:16:58
2019-05-06 16:00:00,27.5,56.0,25.5,60.0,1013.2,825.8,7.2,9.7,17.2,25.1,0.0,22351.6,2019-05-06 15:46:58
2019-05-06 16:30:00,27.5,56.0,27.1,52.0,1013.2,825.8,0.0,1.1,16.4,27.1,0.0,40855.5,2019-05-06 16:16:58
2019-05-06 17:00:00,27.5,52.0,26.7,52.0,1013.0,825.6,5.0,7.2,16.1,26.7,0.0,22943.8,2019-05-06 16:46:58
2019-05-06 17:30:00,27.5,55.0,26.3,57.0,1012.6,825.2,7.2,9.7,17.1,26.0,0.0,21392.8,2019-05-06 17:16:58
2019-05-06 18:00:00,27.4,56.0,25.1,62.0,1012.5,825.1,7.2,17.3,17.3,24.7,0.0,15546.0,2019-05-06 17:46:58
2019-05-06 18:30:00,27.0,54.0,23.7,65.0,1012.5,825.1,9.7,13.3,16.8,22.7,0.0,8378.0,2019-05-06 18:16:58
2019-05-06 19:00:00,26.7,56.0,23.2,67.0,1012.6,825.2,5.0,7.2,16.8,23.2,0.0,4970.0,2019-05-06 18:46:58
2019-05-06 19:30:00,26.5,58.0,22.2,71.0,1012.8,825.4,1.1,2.5,16.7,22.2,0.0,789.7,2019-05-06 19:16:58
2019-05-06 20:00:00,26.3,59.0,21.3,76.0,1013.1,825.7,0.0,2.5,16.9,21.3,0.0,0.0,2019-05-06 19:46:58
2019-05-06 20:30:00,26.0,60.0,21.2,78.0,1013.1,825.7,1.1,2.5,17.2,21.2,0.0,0.0,2019-05-06 20:16:58
2019-05-06 21:00:00,25.9,62.0,21.1,80.0,1013.3,825.9,1.1,2.5,17.5,21.1,0.0,0.0,2019-05-06 20:46:58
2019-05-06 21:30:00,25.8,62.0,20.6,84.0,1013.4,826.0,2.5,5.0,17.8,20.6,0.0,0.0,2019-05-06 21:16:58
2019-05-06 22:00:00,25.5,63.0,20.3,84.0,1013.6,826.2,0.0,1.1,17.5,20.3,0.0,0.0,2019-05-06 21:46:58
2019-05-06 22:30:00,25.4,63.0,20.1,84.0,1014.0,826.6,0.0,2.5,17.3,20.1,0.0,0.0,2019-05-06 22:16:58
2019-05-06 23:00:00,25.3,63.0,19.8,87.0,1013.9,826.5,0.0,2.5,17.6,19.8,0.0,0.0,2019-05-06 22:46:58
2019-05-06 23:30:00,25.1,64.0,19.4,88.0,1014.2,826.8,0.0,0.0,17.4,19.4,0.0,0.0,2019-05-06 23:16:58
2019-05-07 00:00:00,25.0,64.0,19.4,91.0,1014.5,827.1,2.5,3.6,17.9,19.4,0.0,0.0,2019-05-06 23:46:58
2019-05-07 00:30:00,25.0,65.0,19.6,89.0,1014.7,827.3,0.0,1.1,17.8,19.6,0.0,0.0,2019-05-07 00:16:58
2019-05-07 01:00:00,24.9,66.0,19.2,91.0,1014.5,827.1,0.0,0.0,17.7,19.2,0.0,0.0,2019-05-07 00:46:58
2019-05-07 01:30:00,24.8,67.0,19.0,92.0,1014.1,826.7,0.0,0.0,17.7,19.0,0.0,0.0,2019-05-07 01:16:58
2019-05-07 02:00:00,24.7,67.0,19.0,92.0,1013.6,826.2,2.5,3.6,17.7,19.0,0.0,0.0,2019-05-07 01:46:58
2019-05-07 02:30:00,24.6,67.0,18.8,93.0,1013.4,826.0,0.0,0.0,17.7,18.8,0.0,0.0,2019-05-07 02:16:58
2019-05-07 03:00:00,24.5,67.0,19.2,92.0,1013.6,826.2,1.1,2.5,17.9,19.2,0.0,0.0,2019-05-07 02:46:58
2019-05-07 03:30:00,24.5,67.0,18.9,93.0,1013.5,826.1,0.0,0.0,17.8,18.9,0.0,0.0,2019-05-07 03:16:58
2019-05-07 04:00:00,24.4,68.0,18.3,94.0,1012.9,825.5,0.0,1.1,17.3,18.3,0.0,0.0,2019-05-07 03:46:58
2019-05-07 04:30:00,24.2,68.0,18.0,95.0,1012.9,825.5,0.0,1.1,17.2,18.0,0.0,0.0,2019-05-07 04:16:58
2019-05-07 05:00:00,24.1,68.0,18.0,96.0,1013.2,825.8,0.0,1.1,17.4,18.0,0.0,0.0,2019-05-07 04:46:58
2019-05-07 05:30:00,24.1,67.0,18.2,94.0,1013.1,825.7,0.0,1.1,17.2,18.2,0.0,0.0,2019-05-07 05:16:58
2019-05-07 06:00:00,24.0,67.0,17.9,93.0,1013.1,825.7,0.0,1.1,16.8,17.9,0.0,0.0,2019-05-07 05:46:58
2019-05-07 06:30:00,23.8,68.0,17.4,94.0,1013.2,825.8,1.1,2.5,16.4,17.4,0.0,0.0,2019-05-07 06:16:58
2019-05-07 07:00:00,23.7,68.0,17.4,93.0,1013.6,826.2,2.5,5.0,16.3,17.4,0.0,0.0,2019-05-07 06:46:58
2019-05-07 07:30:00,23.6,67.0,18.1,84.0,1013.6,826.2,2.5,3.6,15.4,18.1,0.0,0.0,2019-05-07 07:16:58
2019-05-07 08:00:00,23.5,66.0,17.7,88.0,1013.6,826.2,0.0,2.5,15.7,17.7,0.0,2924.0,2019-05-07 07:46:58
2019-05-07 08:30:00,23.4,66.0,18.5,85.0,1014.1,826.7,0.0,2.5,16.0,18.5,0.0,7202.0,2019-05-07 08:16:58
2019-05-07 09:00:00,23.6,66.0,20.5,79.0,1014.6,827.2,2.5,3.6,16.8,20.5,0.0,13120.8,2019-05-07 08:46:58
2019-05-07 09:30:00,23.8,66.0,21.1,76.0,1014.9,827.5,1.1,2.5,16.7,21.1,0.0,16594.1,2019-05-07 09:16:58
2019-05-07 10:00:00,24.1,65.0,24.1,64.0,1014.9,827.5,2.5,3.6,16.9,24.1,0.0,22158.9,2019-05-07 09:46:58
2019-05-07 10:30:00,24.6,65.0,24.3,62.0,1015.3,827.9,2.5,5.0,16.6,24.3,0.0,31939.6,2019-05-07 10:16:58
2019-05-07 11:00:00,25.1,62.0,24.4,63.0,1015.4,828.0,2.5,5.0,16.9,24.4,0.0,29928.0,2019-05-07 10:46:58
2019-05-07 11:30:00,25.4,64.0,24.8,65.0,1015.2,827.8,8.6,11.2,17.8,24.1,0.0,21303.5,2019-05-07 11:16:58
2019-05-07 12:00:00,25.8,63.0,25.3,61.0,1015.2,827.8,6.1,8.6,17.3,25.3,0.0,63387.3,2019-05-07 11:46:58
2019-05-07 12:30:00,26.5,59.0,26.1,58.0,1015.0,827.6,2.5,3.6,17.2,26.1,0.0,39483.1,2019-05-07 12:16:58
2019-05-07 13:00:00,27.1,57.0,25.5,60.0,1015.0,827.6,7.2,12.2,17.2,25.1,0.0,64134.6,2019-05-07 12:46:58
2019-05-07 13:30:00,27.3,54.0,26.3,52.0,1014.9,827.5,7.2,13.3,15.7,26.0,0.0,63706.9,2019-05-07 13:16:58
2019-05-07 14:00:00,27.5,53.0,27.1,52.0,1014.5,827.1,11.2,15.8,16.4,26.3,0.0,72279.7,2019-05-07 13:46:58
2019-05-07 14:30:00,27.8,51.0,26.6,51.0,1014.1,826.7,5.0,7.2,15.7,26.6,0.0,54927.3,2019-05-07 14:16:58
2019-05-07 15:00:00,28.0,51.0,27.1,50.0,1014.0,826.6,6.1,9.7,15.8,27.1,0.0,62569.5,2019-05-07 14:46:58
2019-05-07 15:30:00,28.3,47.0,27.2,47.0,1013.5,826.1,8.6,12.2,14.9,26.7,0.0,40404.3,2019-05-07 15:16:58
2019-05-07 16:00:00,28.5,48.0,26.9,49.0,1013.6,826.2,8.6,11.2,15.3,26.4,0.0,55040.1,2019-05-07 15:46:58
2019-05-07 16:30:00,28.2,47.0,25.8,51.0,1013.4,826.0,5.0,9.7,14.9,25.8,0.0,12791.8,2019-05-07 16:16:58
2019-05-07 17:00:00,27.5,51.0,23.6,67.0,1013.1,825.7,2.5,3.6,17.1,23.6,0.0,11682.6,2019-05-07 16:46:58
2019-05-07 17:30:00,27.0,58.0,24.0,71.0,1012.8,825.4,6.1,9.7,18.4,24.0,0.0,18944.1,2019-05-07 17:16:58
2019-05-07 18:00:00,26.6,61.0,23.1,75.0,1012.5,825.1,12.2,14.8,18.5,21.5,0.0,11433.5,2019-05-07 17:46:58
2019-05-07 18:30:00,26.5,62.0,22.6,75.0,1012.4,825.0,9.7,12.2,18.0,21.4,0.0,8306.0,2019-05-07 18:16:58
2019-05-07 19:00:00,26.1,62.0,21.7,79.0,1012.6,825.2,8.6,13.3,17.9,20.7,0.0,5030.0,2019-05-07 18:46:58
2019-05-07 19:30:00,26.1,62.0,21.8,80.0,1012.7,825.3,1.1,2.5,18.2,21.8,0.0,1282.5,2019-05-07 19:16:58
2019-05-07 20:00:00,26.2,62.0,20.7,82.0,1012.9,825.5,0.0,1.1,17.5,20.7,0.0,0.0,2019-05-07 19:46:58
2019-05-07 20:30:00,25.9,63.0,20.1,84.0,1013.5,826.1,1.1,2.5,17.3,20.1,0.0,0.0,2019-05-07 20:16:58
2019-05-07 21:00:00,25.6,63.0,19.7,85.0,1013.6,826.2,1.1,2.5,17.1,19.7,0.0,0.0,2019-05-07 20:46:58
2019-05-07 21:30:00,25.4,62.0,19.3,86.0,1013.6,826.2,1.1,2.5,16.9,19.3,0.0,0.0,2019-05-07 21:16:58
2019-05-07 22:00:00,25.3,62.0,19.2,87.0,1014.3,826.9,1.1,2.5,17.0,19.2,0.0,0.0,2019-05-07 21:46:58
2019-05-07 22:30:00,25.2,62.0,19.0,87.0,1014.3,826.9,2.5,3.6,16.8,19.0,0.0,0.0,2019-05-07 22:16:58
2019-05-07 23:00:00,25.0,62.0,18.7,88.0,1015.0,827.6,0.0,0.0,16.7,18.7,0.0,0.0,2019-05-07 22:46:58
2019-05-07 23:30:00,24.9,63.0,18.7,89.0,1014.8,827.4,1.1,2.5,16.9,18.7,0.0,0.0,2019-05-07 23:16:58
2019-05-08 00:00:00,24.8,64.0,18.4,91.0,1014.8,827.4,0.0,1.1,16.9,18.4,0.0,0.0,2019-05-07 23:46:58
2019-05-08 00:30:00,24.7,64.0,18.1,91.0,1014.8,827.4,0.0,0.0,16.6,18.1,0.0,0.0,2019-05-08 00:16:58
2019-05-08 01:00:00,24.6,64.0,18.0,92.0,1014.8,827.4,0.0,1.1,16.7,18.0,0.0,0.0,2019-05-08 00:46:58
2019-05-08 01:30:00,24.5,64.0,18.3,89.0,1014.6,827.2,1.1,2.5,16.5,18.3,0.0,0.0,2019-05-08 01:16:58
2019-05-08 02:00:00,24.4,64.0,18.3,89.0,1014.0,826.6,1.1,3.6,16.5,18.3,0.0,0.0,2019-05-08 01:46:58
2019-05-08 02:30:00,24.3,64.0,18.2,91.0,1013.8,826.4,0.0,1.1,16.7,18.2,0.0,0.0,2019-05-08 02:16:58
2019-05-08 03:00:00,24.3,64.0,18.1,92.0,1013.0,825.6,0.0,0.0,16.8,18.1,0.0,0.0,2019-05-08 02:46:58
2019-05-08 03:30:00,24.2,65.0,18.0,91.0,1013.5,826.1,0.0,1.1,16.5,18.0,0.0,0.0,2019-05-08 03:16:58
2019-05-08 04:00:00,24.1,64.0,17.8,90.0,1013.6,826.2,0.0,0.0,16.2,17.8,0.0,0.0,2019-05-08 03:46:58
2019-05-08 04:30:00,24.0,64.0,17.7,91.0,1013.0,825.6,0.0,0.0,16.2,17.7,0.0,0.0,2019-05-08 04:16:58
2019-05-08 05:00:00,24.0,64.0,17.8,91.0,1012.8,825.4,3.6,5.0,16.3,17.8,0.0,0.0,2019-05-08 04:46:58
2019-05-08 05:30:00,23.9,66.0,17.5,92.0,1012.5,825.1,0.0,0.0,16.2,17.5,0.0,0.0,2019-05-08 05:16:58
2019-05-08 06:00:00,23.8,66.0,17.2,93.0,1013.0,825.6,0.0,0.0,16.1,17.2,0.0,0.0,2019-05-08 05:46:58
2019-05-08 06:30:00,23.7,66.0,17.1,93.0,1013.3,825.9,1.1,2.5,16.0,17.1,0.0,0.0,2019-05-08 06:16:58
2019-05-08 07:00:00,23.7,66.0,17.2,92.0,1013.5,826.1,0.0,0.0,15.9,17.2,0.0,0.0,2019-05-08 06:46:58
2019-05-08 07:30:00,23.6,66.0,17.0,92.0,1013.6,826.2,0.0,1.1,15.7,17.0,0.0,0.0,2019-05-08 07:16:58
2019-05-08 08:00:00,23.7,66.0,17.0,93.0,1013.9,826.5,0.0,1.1,15.9,17.0,0.0,90.0,2019-05-08 07:46:58
2019-05-08 08:30:00,23.6,66.0,17.4,94.0,1014.1,826.7,0.0,0.0,16.4,17.4,1.2,1694.2,2019-05-08 08:16:58
2019-05-08 09:00:00,23.6,68.0,17.2,95.0,1014.5,827.1,1.1,2.5,16.4,17.2,2.7,1309.5,2019-05-08 08:46:58
2019-05-08 09:30:00,23.5,69.0,17.3,96.0,1014.9,827.5,0.0,2.5,16.7,17.3,1.2,3458.0,2019-05-08 09:16:58
2019-05-08 10:00:00,23.7,70.0,17.9,97.0,1015.0,827.6,1.1,2.5,17.4,17.9,2.1,5732.0,2019-05-08 09:46:58
2019-05-08 10:30:00,23.8,71.0,18.1,96.0,1015.1,827.7,0.0,2.5,17.5,18.1,0.6,8528.0,2019-05-08 10:16:58
2019-05-08 11:00:00,23.8,71.0,18.2,95.0,1014.9,827.5,0.0,1.1,17.4,18.2,0.6,6902.0,2019-05-08 10:46:58
2019-05-08 11:30:00,23.7,71.0,18.3,92.0,1015.1,827.7,6.1,8.6,17.0,18.3,0.3,12284.2,2019-05-08 11:16:58
2019-05-08 12:00:00,23.8,70.0,19.6,87.0,1015.0,827.6,5.0,6.1,17.4,19.6,0.3,22713.5,2019-05-08 11:46:58
2019-05-08 12:30:00,23.9,68.0,21.9,78.0,1014.8,827.4,0.0,2.5,17.9,21.9,0.0,42744.9,2019-05-08 12:16:58
2019-05-08 13:00:00,24.3,69.0,21.5,78.0,1014.8,827.4,3.6,7.2,17.5,21.5,0.0,16533.0,2019-05-08 12:46:58
2019-05-08 13:30:00,24.2,70.0,19.2,88.0,1014.9,827.5,7.2,8.6,17.2,18.5,0.0,5174.0,2019-05-08 13:16:58
2019-05-08 14:00:00,24.1,70.0,18.9,93.0,1014.7,827.3,1.1,2.5,17.8,18.9,0.9,12871.7,2019-05-08 13:46:58
2019-05-08 14:30:00,24.1,69.0,19.0,91.0,1014.6,827.2,0.0,1.1,17.5,19.0,0.3,10625.1,2019-05-08 14:16:58
2019-05-08 15:00:00,24.3,69.0,20.1,83.0,1013.8,826.4,7.2,12.2,17.1,19.5,0.3,22220.0,2019-05-08 14:46:58
2019-05-08 15:30:00,24.1,69.0,21.4,80.0,1013.3,825.9,3.6,5.0,17.8,21.4,0.0,30759.9,2019-05-08 15:16:58
2019-05-08 16:00:00,24.2,68.0,21.7,75.0,1013.2,825.8,7.2,15.8,17.1,21.1,0.0,15470.8,2019-05-08 15:46:58
2019-05-08 16:30:00,24.2,66.0,21.0,78.0,1012.9,825.5,5.0,8.6,17.0,21.0,0.0,16222.8,2019-05-08 16:16:58
2019-05-08 17:00:00,24.4,66.0,21.8,77.0,1012.4,825.0,1.1,3.6,17.6,21.8,0.0,25458.3,2019-05-08 16:46:58
2019-05-08 17:30:00,24.7,64.0,23.4,67.0,1012.6,825.2,7.2,11.2,17.0,22.9,0.0,25307.9,2019-05-08 17:16:58
2019-05-08 18:00:00,25.1,63.0,24.6,65.0,1012.4,825.0,3.6,6.1,17.6,24.6,0.0,22633.6,2019-05-08 17:46:58
2019-05-08 18:30:00,25.1,63.0,21.6,72.0,1012.3,824.9,1.1,3.6,16.4,21.6,0.0,3632.0,2019-05-08 18:16:58
2019-05-08 19:00:00,25.0,63.0,20.5,80.0,1012.6,825.2,2.5,3.6,17.0,20.5,0.0,3560.0,2019-05-08 18:46:58
2019-05-08 19:30:00,24.7,64.0,19.6,80.0,1012.7,825.3,2.5,3.6,16.1,19.6,0.0,600.7,2019-05-08 19:16:58
2019-05-08 20:00:00,24.3,63.0,18.9,82.0,1012.9,825.5,3.6,6.1,15.8,18.9,0.0,0.0,2019-05-08 19:46:58
2019-05-08 20:30:00,24.3,63.0,18.3,83.0,1013.1,825.7,1.1,2.5,15.4,18.3,0.0,0.0,2019-05-08 20:16:58
2019-05-08 21:00:00,24.1,63.0,17.8,86.0,1013.5,826.1,0.0,1.1,15.4,17.8,0.0,0.0,2019-05-08 20:46:58
2019-05-08 21:30:00,23.8,64.0,17.6,88.0,1013.8,826.4,0.0,2.5,15.6,17.6,0.0,0.0,2019-05-08 21:16:58
2019-05-08 22:00:00,23.7,64.0,17.7,89.0,1013.7,826.3,0.0,1.1,15.9,17.7,0.0,0.0,2019-05-08 21:46:58
2019-05-08 22:30:00,23.7,65.0,18.0,90.0,1014.0,826.6,0.0,1.1,16.4,18.0,0.0,0.0,2019-05-08 22:16:58
2019-05-08 23:00:00,23.7,65.0,17.9,89.0,1014.3,826.9,0.0,2.5,16.1,17.9,0.0,0.0,2019-05-08 22:46:58
2019-05-08 23:30:00,23.7,66.0,17.3,89.0,1014.5,827.1,0.0,1.1,15.5,17.3,0.0,0.0,2019-05-08 23:16:58
2019-05-09 00:00:00,23.4,65.0,17.5,89.0,1014.8,827.4,0.0,1.1,15.7,17.5,0.0,0.0,2019-05-08 23:46:58
2019-05-09 00:30:00,23.3,65.0,17.2,91.0,1014.9,827.5,1.1,3.6,15.7,17.2,0.0,0.0,2019-05-09 00:16:58
2019-05-09 01:00:00,23.2,66.0,16.9,94.0,1014.7,827.3,2.5,3.6,15.9,16.9,0.0,0.0,2019-05-09 00:46:58
2019-05-09 01:30:00,23.0,66.0,16.9,94.0,1014.6,827.2,0.0,0.0,15.9,16.9,0.0,0.0,2019-05-09 01:16:58
2019-05-09 02:00:00,23.0,66.0,17.3,94.0,1014.3,826.9,2.5,3.6,16.3,17.3,0.0,0.0,2019-05-09 01:46:58
2019-05-09 02:30:00,23.0,67.0,17.3,94.0,1014.2,826.8,1.1,2.5,16.3,17.3,0.0,0.0,2019-05-09 02:16:58
2019-05-09 03:00:00,23.0,67.0,17.3,94.0,1013.7,826.3,0.0,2.5,16.3,17.3,0.0,0.0,2019-05-09 02:46:58
2019-05-09 03:30:00,23.0,67.0,17.2,94.0,1013.7,826.3,2.5,3.6,16.2,17.2,0.0,0.0,2019-05-09 03:16:58
2019-05-09 04:00:00,23.0,68.0,17.2,93.0,1013.5,826.1,2.5,3.6,16.1,17.2,0.0,0.0,2019-05-09 03:46:58
2019-05-09 04:30:00,22.9,68.0,17.4,93.0,1013.4,826.0,0.0,1.1,16.3,17.4,0.0,0.0,2019-05-09 04:16:58
2019-05-09 05:00:00,22.9,68.0,16.9,94.0,1013.3,825.9,1.1,2.5,15.9,16.9,0.0,0.0,2019-05-09 04:46:58
2019-05-09 05:30:00,22.9,68.0,17.0,94.0,1013.5,826.1,0.0,0.0,16.0,17.0,0.0,0.0,2019-05-09 05:16:58
2019-05-09 06:00:00,22.8,68.0,17.0,95.0,1013.7,826.3,0.0,0.0,16.2,17.0,0.0,0.0,2019-05-09 05:46:58
2019-05-09 06:30:00,22.9,68.0,17.0,96.0,1013.3,825.9,1.1,2.5,16.4,17.0,0.0,0.0,2019-05-09 06:16:58
2019-05-09 07:00:00,22.8,68.0,17.0,96.0,1013.5,826.1,0.0,1.1,16.4,17.0,0.0,0.0,2019-05-09 06:46:58
2019-05-09 07:30:00,22.9,69.0,17.0,96.0,1013.7,826.3,0.0,0.0,16.4,17.0,0.0,60.0,2019-05-09 07:16:58
2019-05-09 08:00:00,22.8,69.0,16.9,97.0,1014.0,826.6,0.0,0.0,16.4,16.9,0.0,3434.0,2019-05-09 07:46:58
2019-05-09 08:30:00,22.6,68.0,17.6,94.0,1014.1,826.7,0.0,0.0,16.6,17.6,0.0,7208.0,2019-05-09 08:16:58
2019-05-09 09:00:00,22.9,68.0,18.2,90.0,1014.8,827.4,1.1,2.5,16.6,18.2,0.0,11156.2,2019-05-09 08:46:58
2019-05-09 09:30:00,22.9,68.0,19.0,86.0,1014.8,827.4,2.5,5.0,16.6,19.0,0.0,12946.9,2019-05-09 09:16:58
2019-05-09 10:00:00,23.0,71.0,20.5,82.0,1015.3,827.9,2.5,3.6,17.3,20.5,0.0,16025.4,2019-05-09 09:46:58
2019-05-09 10:30:00,23.6,69.0,21.9,74.0,1015.2,827.8,5.0,6.1,17.1,21.9,0.0,21063.8,2019-05-09 10:16:58
2019-05-09 11:00:00,24.1,67.0,21.6,75.0,1015.2,827.8,6.1,9.7,17.0,21.6,0.0,16293.3,2019-05-09 10:46:58
2019-05-09 11:30:00,24.1,67.0,20.8,80.0,1015.2,827.8,5.0,8.6,17.2,20.8,0.0,17435.4,2019-05-09 11:16:58
2019-05-09 12:00:00,24.2,68.0,20.8,82.0,1014.9,827.5,5.0,7.2,17.6,20.8,0.0,33485.9,2019-05-09 11:46:58
2019-05-09 12:30:00,24.4,68.0,21.0,79.0,1014.7,827.3,7.2,9.7,17.2,20.4,0.0,16800.9,2019-05-09 12:16:58
2019-05-09 13:00:00,24.6,68.0,21.1,80.0,1014.6,827.2,3.6,7.2,17.5,21.1,0.0,13703.6,2019-05-09 12:46:58
2019-05-09 13:30:00,24.5,68.0,20.3,84.0,1014.7,827.3,1.1,2.5,17.5,20.3,0.0,6236.0,2019-05-09 13:16:58
2019-05-09 14:00:00,24.2,69.0,19.5,87.0,1014.4,827.0,1.1,3.6,17.3,19.5,0.3,4562.0,2019-05-09 13:46:58
2019-05-09 14:30:00,24.1,69.0,17.8,92.0,1014.0,826.6,3.6,7.2,16.5,17.8,5.1,4346.0,2019-05-09 14:16:58
2019-05-09 15:00:00,23.9,70.0,16.8,96.0,1013.7,826.3,3.6,6.1,16.2,16.8,13.5,2942.0,2019-05-09 14:46:58
2019-05-09 15:30:00,23.7,69.0,16.9,97.0,1012.9,825.5,0.0,1.1,16.4,16.9,1.8,4484.0,2019-05-09 15:16:58
2019-05-09 16:00:00,23.7,69.0,17.2,97.0,1012.4,825.0,1.1,2.5,16.7,17.2,2.4,9122.0,2019-05-09 15:46:58
2019-05-09 16:30:00,23.7,69.0,18.2,97.0,1012.2,824.8,0.0,1.1,17.7,18.2,0.3,13651.9,2019-05-09 16:16:58
2019-05-09 17:00:00,23.8,69.0,18.5,93.0,1012.0,824.6,2.5,5.0,17.4,18.5,0.3,12946.9,2019-05-09 16:46:58
2019-05-09 17:30:00,23.8,70.0,19.6,89.0,1012.0,824.6,0.0,1.1,17.8,19.6,0.0,14126.6,2019-05-09 17:16:58
2019-05-09 18:00:00,23.9,70.0,22.7,71.0,1011.8,824.4,3.6,5.0,17.2,22.7,0.0,19277.8,2019-05-09 17:46:58
2019-05-09 18:30:00,24.1,68.0,20.5,80.0,1011.9,824.5,2.5,3.6,17.0,20.5,0.0,6896.0,2019-05-09 18:16:58
2019-05-09 19:00:00,24.2,68.0,21.9,78.0,1012.2,824.8,1.1,2.5,17.9,21.9,0.0,8426.0,2019-05-09 18:46:58
2019-05-09 19:30:00,24.2,68.0,19.4,84.0,1012.2,824.8,1.1,2.5,16.6,19.4,0.0,1107.0,2019-05-09 19:16:58
2019-05-09 20:00:00,23.9,69.0,18.0,91.0,1012.5,825.1,0.0,1.1,16.5,18.0,0.0,0.0,2019-05-09 19:46:58
2019-05-09 20:30:00,23.7,69.0,17.6,92.0,1012.9,825.5,0.0,1.1,16.3,17.6,0.0,0.0,2019-05-09 20:16:58
2019-05-09 21:00:00,23.0,70.0,17.6,92.0,1013.0,825.6,0.0,0.0,16.3,17.6,0.0,0.0,2019-05-09 20:46:58
2019-05-09 21:30:00,22.8,70.0,17.5,93.0,1013.4,826.0,0.0,2.5,16.4,17.5,0.0,0.0,2019-05-09 21:16:58
2019-05-09 22:00:00,22.6,70.0,17.6,92.0,1013.4,826.0,0.0,0.0,16.3,17.6,0.0,0.0,2019-05-09 21:46:58
2019-05-09 22:30:00,22.9,69.0,17.6,91.0,1014.1,826.7,0.0,0.0,16.1,17.6,0.0,0.0,2019-05-09 22:16:58
2019-05-09 23:00:00,22.9,69.0,17.2,94.0,1014.5,827.1,12.2,14.8,16.2,14.6,0.0,0.0,2019-05-09 22:46:58
2019-05-09 23:30:00,22.8,69.0,16.8,96.0,1014.5,827.1,3.6,6.1,16.2,16.8,0.0,0.0,2019-05-09 23:16:58
2019-05-10 00:00:00,22.6,69.0,16.8,97.0,1014.5,827.1,0.0,0.0,16.3,16.8,0.0,0.0,2019-05-09 23:46:58
2019-05-10 00:30:00,22.6,69.0,16.9,97.0,1014.5,827.1,0.0,0.0,16.4,16.9,0.0,0.0,2019-05-10 00:16:58
2019-05-10 01:00:00,22.6,69.0,16.9,97.0,1014.3,826.9,0.0,0.0,16.4,16.9,0.3,0.0,2019-05-10 00:46:58
2019-05-10 01:30:00,22.6,69.0,16.8,98.0,1014.0,826.6,0.0,1.1,16.5,16.8,1.2,0.0,2019-05-10 01:16:58
2019-05-10 02:00:00,22.6,70.0,16.7,98.0,1014.0,826.6,2.5,5.0,16.4,16.7,3.0,0.0,2019-05-10 01:46:58
2019-05-10 02:30:00,22.6,70.0,16.2,98.0,1013.7,826.3,0.0,1.1,15.9,16.2,0.9,0.0,2019-05-10 02:16:58
2019-05-10 03:00:00,22.5,70.0,15.9,99.0,1013.5,826.1,3.6,6.1,15.8,15.9,2.7,0.0,2019-05-10 02:46:58
2019-05-10 03:30:00,22.4,69.0,15.9,99.0,1013.4,826.0,0.0,0.0,15.8,15.9,0.3,0.0,2019-05-10 03:16:58
2019-05-10 04:00:00,22.4,69.0,15.9,99.0,1013.3,825.9,0.0,0.0,15.8,15.9,0.3,0.0,2019-05-10 03:46:58
2019-05-10 04:30:00,22.3,69.0,16.1,98.0,1013.0,825.6,0.0,0.0,15.8,16.1,0.6,15.0,2019-05-10 04:16:58
2019-05-10 05:00:00,22.3,69.0,16.0,98.0,1013.2,825.8,0.0,1.1,15.7,16.0,1.5,0.0,2019-05-10 04:46:58
2019-05-10 05:30:00,22.2,69.0,16.0,98.0,1013.5,826.1,0.0,0.0,15.7,16.0,0.9,7.5,2019-05-10 05:16:58
2019-05-10 06:00:00,22.1,69.0,15.9,99.0,1013.5,826.1,0.0,1.1,15.8,15.9,2.1,0.0,2019-05-10 05:46:58
2019-05-10 06:30:00,22.1,69.0,15.9,99.0,1013.7,826.3,0.0,1.1,15.8,15.9,0.3,7.5,2019-05-10 06:16:58
2019-05-10 07:00:00,22.1,69.0,15.9,99.0,1013.8,826.4,0.0,0.0,15.8,15.9,0.3,15.0,2019-05-10 06:46:58
2019-05-10 07:30:00,22.1,69.0,15.9,99.0,1014.0,826.6,0.0,0.0,15.8,15.9,0.0,82.5,2019-05-10 07:16:58
2019-05-10 08:00:00,22.1,70.0,16.1,98.0,1014.2,826.8,0.0,0.0,15.8,16.1,0.0,2276.0,2019-05-10 07:46:58
2019-05-10 08:30:00,22.1,70.0,16.4,98.0,1014.6,827.2,1.1,2.5,16.1,16.4,0.0,4304.0,2019-05-10 08:16:58
2019-05-10 09:00:00,22.1,70.0,16.9,98.0,1014.6,827.2,0.0,0.0,16.6,16.9,0.0,7910.0,2019-05-10 08:46:58
2019-05-10 09:30:00,22.2,70.0,17.0,97.0,1015.1,827.7,1.1,3.6,16.5,17.0,0.0,10756.7,2019-05-10 09:16:58
2019-05-10 10:00:00,22.4,71.0,17.9,97.0,1015.3,827.9,0.0,1.1,17.4,17.9,0.0,10977.6,2019-05-10 09:46:58
2019-05-10 10:30:00,22.6,70.0,19.7,88.0,1015.4,828.0,2.5,5.0,17.7,19.7,0.0,25806.1,2019-05-10 10:16:58
2019-05-10 11:00:00,22.8,71.0,20.1,82.0,1015.5,828.1,3.6,7.2,17.0,20.1,0.0,22506.7,2019-05-10 10:46:58
2019-05-10 11:30:00,23.3,71.0,20.6,81.0,1015.6,828.2,2.5,5.0,17.2,20.6,0.0,23432.6,2019-05-10 11:16:58
2019-05-10 12:00:00,23.3,70.0,23.0,72.0,1015.3,827.9,2.5,6.1,17.7,23.0,0.0,48511.8,2019-05-10 11:46:58
2019-05-10 12:30:00,23.8,70.0,21.2,73.0,1015.3,827.9,3.6,6.1,16.2,21.2,0.0,24208.1,2019-05-10 12:16:58
2019-05-10 13:00:00,23.9,67.0,21.4,72.0,1015.0,827.6,3.6,6.1,16.2,21.4,0.0,25970.6,2019-05-10 12:46:58
2019-05-10 13:30:00,23.9,65.0,22.8,65.0,1014.7,827.3,3.6,7.2,15.9,22.8,0.0,37513.8,2019-05-10 13:16:58
2019-05-10 14:00:00,24.2,64.0,22.1,67.0,1014.5,827.1,3.6,6.1,15.7,22.1,0.0,30111.3,2019-05-10 13:46:58
2019-05-10 14:30:00,24.4,63.0,22.0,68.0,1014.2,826.8,5.0,8.6,15.8,22.0,0.0,20739.5,2019-05-10 14:16:58
2019-05-10 15:00:00,24.2,64.0,22.4,68.0,1013.5,826.1,6.1,7.2,16.2,22.4,0.0,33777.3,2019-05-10 14:46:58
2019-05-10 15:30:00,24.3,63.0,23.0,64.0,1013.5,826.1,2.5,5.0,15.9,23.0,0.0,31699.9,2019-05-10 15:16:58
2019-05-10 16:00:00,24.7,62.0,24.0,62.0,1013.0,825.6,6.1,9.7,16.3,24.0,0.0,28057.4,2019-05-10 15:46:58
2019-05-10 16:30:00,24.9,62.0,22.0,67.0,1012.9,825.5,6.1,9.7,15.6,22.0,0.0,10366.6,2019-05-10 16:16:58
2019-05-10 17:00:00,24.9,63.0,21.0,75.0,1012.8,825.4,3.6,6.1,16.4,21.0,0.0,9572.0,2019-05-10 16:46:58
2019-05-10 17:30:00,24.7,63.0,21.3,71.0,1012.9,825.5,2.5,3.6,15.9,21.3,0.0,12956.3,2019-05-10 17:16:58
2019-05-10 18:00:00,24.6,62.0,21.5,69.0,1012.6,825.2,2.5,3.6,15.6,21.5,0.0,9524.0,2019-05-10 17:46:58
2019-05-10 18:30:00,24.4,63.0,20.7,73.0,1012.6,825.2,1.1,3.6,15.7,20.7,0.0,3482.0,2019-05-10 18:16:58
2019-05-10 19:00:00,24.2,65.0,20.1,80.0,1012.8,825.4,1.1,2.5,16.6,20.1,0.0,1545.7,2019-05-10 18:46:58
2019-05-10 19:30:00,24.1,65.0,19.2,83.0,1012.6,825.2,0.0,0.0,16.3,19.2,0.0,614.2,2019-05-10 19:16:58
2019-05-10 20:00:00,23.7,67.0,18.6,86.0,1013.1,825.7,0.0,0.0,16.2,18.6,0.0,0.0,2019-05-10 19:46:58
2019-05-10 20:30:00,23.4,66.0,18.2,86.0,1013.3,825.9,0.0,2.5,15.8,18.2,0.0,0.0,2019-05-10 20:16:58
2019-05-10 21:00:00,23.0,67.0,17.8,88.0,1013.4,826.0,0.0,0.0,15.8,17.8,0.0,0.0,2019-05-10 20:46:58
2019-05-10 21:30:00,23.0,67.0,17.6,88.0,1013.3,825.9,0.0,1.1,15.6,17.6,0.0,0.0,2019-05-10 21:16:58
2019-05-10 22:00:00,23.0,67.0,17.6,88.0,1013.8,826.4,1.1,2.5,15.6,17.6,0.0,0.0,2019-05-10 21:46:58
2019-05-10 22:30:00,22.8,67.0,17.6,88.0,1014.2,826.8,0.0,2.5,15.6,17.6,0.0,0.0,2019-05-10 22:16:58
2019-05-10 23:00:00,22.8,67.0,17.6,88.0,1014.3,826.9,0.0,1.1,15.6,17.6,0.0,0.0,2019-05-10 22:46:58
2019-05-10 23:30:00,22.6,67.0,17.5,88.0,1014.4,827.0,1.1,2.5,15.5,17.5,0.0,0.0,2019-05-10 23:16:58
2019-05-11 00:00:00,22.6,67.0,17.3,89.0,1014.6,827.2,2.5,5.0,15.5,17.3,0.0,0.0,2019-05-10 23:46:58
2019-05-11 00:30:00,22.6,68.0,16.9,91.0,1014.2,826.8,0.0,1.1,15.4,16.9,0.0,0.0,2019-05-11 00:16:58
2019-05-11 01:00:00,22.5,67.0,16.6,91.0,1014.4,827.0,1.1,2.5,15.1,16.6,0.0,0.0,2019-05-11 00:46:58
2019-05-11 01:30:00,22.4,67.0,16.7,90.0,1013.9,826.5,0.0,1.1,15.1,16.7,0.0,0.0,2019-05-11 01:16:58
2019-05-11 02:00:00,22.3,67.0,16.9,90.0,1013.9,826.5,3.6,5.0,15.3,16.9,0.0,0.0,2019-05-11 01:46:58
2019-05-11 02:30:00,22.3,67.0,16.9,89.0,1013.3,825.9,0.0,1.1,15.1,16.9,0.0,0.0,2019-05-11 02:16:58
2019-05-11 03:00:00,22.3,67.0,16.8,90.0,1013.1,825.7,2.5,3.6,15.2,16.8,0.0,0.0,2019-05-11 02:46:58
2019-05-11 03:30:00,22.2,67.0,16.8,91.0,1013.0,825.6,2.5,3.6,15.3,16.8,0.3,0.0,2019-05-11 03:16:58
2019-05-11 04:00:00,22.2,68.0,16.8,91.0,1012.9,825.5,1.1,2.5,15.3,16.8,0.3,0.0,2019-05-11 03:46:58
2019-05-11 04:30:00,22.1,68.0,16.7,91.0,1012.9,825.5,2.5,3.6,15.2,16.7,0.0,0.0,2019-05-11 04:16:58
2019-05-11 05:00:00,22.1,68.0,16.5,92.0,1012.9,825.5,0.0,2.5,15.2,16.5,0.0,0.0,2019-05-11 04:46:58
2019-05-11 05:30:00,22.0,68.0,16.3,92.0,1012.8,825.4,3.6,5.0,15.0,16.3,0.0,0.0,2019-05-11 05:16:58
2019-05-11 06:00:00,21.9,69.0,15.9,93.0,1013.0,825.6,0.0,1.1,14.8,15.9,0.0,0.0,2019-05-11 05:46:58
2019-05-11 06:30:00,21.8,69.0,16.0,92.0,1013.4,826.0,2.5,3.6,14.7,16.0,0.0,0.0,2019-05-11 06:16:58
2019-05-11 07:00:00,21.7,69.0,16.0,92.0,1013.6,826.2,2.5,3.6,14.7,16.0,0.0,0.0,2019-05-11 06:46:58
2019-05-11 07:30:00,21.7,69.0,15.9,93.0,1013.6,826.2,1.1,2.5,14.8,15.9,0.0,0.0,2019-05-11 07:16:58
2019-05-11 08:00:00,21.6,68.0,16.3,92.0,1013.8,826.4,2.5,3.6,15.0,16.3,0.0,1633.5,2019-05-11 07:46:58
2019-05-11 08:30:00,21.6,69.0,16.7,91.0,1014.2,826.8,0.0,1.1,15.2,16.7,0.0,3188.0,2019-05-11 08:16:58
2019-05-11 09:00:00,21.6,69.0,17.3,89.0,1014.6,827.2,0.0,2.5,15.5,17.3,0.0,5306.0,2019-05-11 08:46:58
2019-05-11 09:30:00,21.8,69.0,18.4,89.0,1014.8,827.4,1.1,2.5,16.6,18.4,0.0,12049.2,2019-05-11 09:16:58
2019-05-11 10:00:00,22.0,69.0,19.6,82.0,1015.2,827.8,1.1,2.5,16.5,19.6,0.0,14526.1,2019-05-11 09:46:58
2019-05-11 10:30:00,22.2,69.0,20.6,76.0,1015.3,827.9,0.0,1.1,16.2,20.6,0.0,31234.6,2019-05-11 10:16:58
2019-05-11 11:00:00,22.5,70.0,22.3,69.0,1015.3,827.9,3.6,6.1,16.4,22.3,0.0,25044.7,2019-05-11 10:46:58
2019-05-11 11:30:00,22.9,70.0,22.7,69.0,1015.4,828.0,8.6,9.7,16.7,21.8,0.0,24560.6,2019-05-11 11:16:58
2019-05-11 12:00:00,23.6,70.0,22.3,71.0,1015.1,827.7,2.5,5.0,16.8,22.3,0.0,30694.1,2019-05-11 11:46:58
2019-05-11 12:30:00,23.8,69.0,23.3,67.0,1015.1,827.7,3.6,7.2,16.9,23.3,0.0,24809.7,2019-05-11 12:16:58
2019-05-11 13:00:00,24.2,67.0,25.1,65.0,1014.8,827.4,1.1,3.6,18.1,25.1,0.0,29373.4,2019-05-11 12:46:58
2019-05-11 13:30:00,24.5,65.0,22.1,71.0,1014.6,827.2,5.0,8.6,16.6,22.1,0.0,9470.0,2019-05-11 13:16:58
2019-05-11 14:00:00,24.3,67.0,20.1,82.0,1014.1,826.7,5.0,7.2,17.0,20.1,0.9,8696.0,2019-05-11 13:46:58
2019-05-11 14:30:00,24.1,69.0,20.4,86.0,1013.8,826.4,2.5,3.6,18.0,20.4,0.9,14690.6,2019-05-11 14:16:58
2019-05-11 15:00:00,24.1,70.0,22.4,79.0,1013.5,826.1,2.5,5.0,18.6,22.4,0.9,26388.9,2019-05-11 14:46:58
2019-05-11 15:30:00,24.2,67.0,22.7,69.0,1013.0,825.6,3.6,6.1,16.7,22.7,0.0,19691.4,2019-05-11 15:16:58
2019-05-11 16:00:00,24.2,69.0,22.9,70.0,1012.9,825.5,2.5,5.0,17.2,22.9,0.3,23794.5,2019-05-11 15:46:58
2019-05-11 16:30:00,24.4,68.0,25.0,63.0,1012.6,825.2,2.5,6.1,17.5,25.0,0.0,28071.5,2019-05-11 16:16:58
2019-05-11 17:00:00,24.6,66.0,22.2,72.0,1012.3,824.9,2.5,3.6,16.9,22.2,0.0,8510.0,2019-05-11 16:46:58
2019-05-11 17:30:00,24.1,68.0,20.0,82.0,1012.2,824.8,2.5,3.6,16.9,20.0,0.6,8126.0,2019-05-11 17:16:58
2019-05-11 18:00:00,23.8,72.0,20.6,84.0,1012.1,824.7,0.0,2.5,17.8,20.6,0.9,12735.4,2019-05-11 17:46:58
2019-05-11 18:30:00,23.8,71.0,21.2,75.0,1012.1,824.7,1.1,3.6,16.6,21.2,0.0,7076.0,2019-05-11 18:16:58
2019-05-11 19:00:00,23.5,72.0,20.0,84.0,1012.2,824.8,5.0,7.2,17.2,20.0,0.0,3188.0,2019-05-11 18:46:58
2019-05-11 19:30:00,23.3,73.0,18.9,89.0,1012.5,825.1,1.1,2.5,17.1,18.9,0.0,985.5,2019-05-11 19:16:58
2019-05-11 20:00:00,23.0,73.0,18.3,90.0,1012.5,825.1,1.1,2.5,16.7,18.3,0.0,0.0,2019-05-11 19:46:58
2019-05-11 20:30:00,22.9,71.0,18.1,91.0,1012.9,825.5,0.0,0.0,16.6,18.1,0.0,0.0,2019-05-11 20:16:58
2019-05-11 21:00:00,22.8,72.0,18.2,92.0,1013.4,826.0,1.1,2.5,16.9,18.2,0.3,0.0,2019-05-11 20:46:58
2019-05-11 21:30:00,22.5,72.0,17.9,93.0,1013.6,826.2,6.1,7.2,16.8,17.9,0.3,0.0,2019-05-11 21:16:58
2019-05-11 22:00:00,22.6,72.0,17.5,93.0,1013.6,826.2,3.6,6.1,16.4,17.5,0.3,0.0,2019-05-11 21:46:58
2019-05-11 22:30:00,22.6,72.0,17.2,93.0,1014.0,826.6,1.1,2.5,16.1,17.2,0.0,0.0,2019-05-11 22:16:58
2019-05-11 23:00:00,22.4,71.0,17.1,93.0,1014.0,826.6,1.1,2.5,16.0,17.1,0.0,0.0,2019-05-11 22:46:58
2019-05-11 23:30:00,22.3,71.0,16.8,94.0,1014.0,826.6,2.5,3.6,15.8,16.8,0.0,0.0,2019-05-11 23:16:58
2019-05-12 00:00:00,22.3,70.0,16.8,94.0,1014.6,827.2,1.1,2.5,15.8,16.8,0.0,0.0,2019-05-11 23:46:58
2019-05-12 00:30:00,22.2,70.0,17.2,92.0,1014.4,827.0,6.1,8.6,15.9,17.2,0.0,0.0,2019-05-12 00:16:58
2019-05-12 01:00:00,22.1,70.0,17.2,92.0,1014.5,827.1,3.6,5.0,15.9,17.2,0.3,0.0,2019-05-12 00:46:58
2019-05-12 01:30:00,22.1,70.0,17.2,92.0,1014.1,826.7,3.6,5.0,15.9,17.2,0.0,0.0,2019-05-12 01:16:58
2019-05-12 02:00:00,22.1,71.0,17.1,94.0,1014.2,826.8,0.0,1.1,16.1,17.1,0.0,0.0,2019-05-12 01:46:58
2019-05-12 02:30:00,22.0,71.0,16.9,95.0,1014.1,826.7,2.5,3.6,16.1,16.9,0.3,0.0,2019-05-12 02:16:58
2019-05-12 03:00:00,21.9,72.0,16.9,96.0,1013.8,826.4,2.5,3.6,16.3,16.9,0.6,0.0,2019-05-12 02:46:58
2019-05-12 03:30:00,22.0,71.0,16.9,96.0,1013.5,826.1,7.2,11.2,16.3,16.1,0.0,0.0,2019-05-12 03:16:58
2019-05-12 04:00:00,21.9,72.0,16.7,96.0,1013.3,825.9,3.6,5.0,16.1,16.7,0.0,0.0,2019-05-12 03:46:58
2019-05-12 04:30:00,21.9,72.0,16.7,97.0,1013.3,825.9,5.0,7.2,16.2,16.7,0.0,0.0,2019-05-12 04:16:58
2019-05-12 05:00:00,21.9,72.0,16.8,96.0,1013.4,826.0,6.1,9.7,16.2,16.8,0.0,0.0,2019-05-12 04:46:58
2019-05-12 05:30:00,21.8,72.0,16.8,94.0,1013.4,826.0,3.6,8.6,15.8,16.8,0.0,0.0,2019-05-12 05:16:58
2019-05-12 06:00:00,21.7,72.0,16.6,95.0,1013.4,826.0,2.5,5.0,15.8,16.6,0.0,0.0,2019-05-12 05:46:58
2019-05-12 06:30:00,21.6,72.0,16.7,96.0,1013.4,826.0,2.5,3.6,16.1,16.7,0.3,0.0,2019-05-12 06:16:58
2019-05-12 07:00:00,21.6,71.0,16.8,94.0,1013.8,826.4,11.2,14.8,15.8,14.5,0.3,0.0,2019-05-12 06:46:58
2019-05-12 07:30:00,21.6,71.0,16.7,94.0,1014.0,826.6,9.7,12.2,15.7,14.9,0.0,0.0,2019-05-12 07:16:58
2019-05-12 08:00:00,21.5,71.0,16.7,94.0,1014.3,826.9,2.5,5.0,15.7,16.7,0.0,1632.0,2019-05-12 07:46:58
2019-05-12 08:30:00,21.5,72.0,16.9,94.0,1014.3,826.9,5.0,8.6,15.9,16.9,0.0,4952.0,2019-05-12 08:16:58
2019-05-12 09:00:00,21.6,71.0,17.5,89.0,1015.0,827.6,2.5,5.0,15.7,17.5,0.0,5636.0,2019-05-12 08:46:58
2019-05-12 09:30:00,21.6,72.0,17.8,89.0,1015.2,827.8,3.6,6.1,16.0,17.8,0.0,12857.6,2019-05-12 09:16:58
2019-05-12 10:00:00,21.7,72.0,18.8,86.0,1015.3,827.9,3.6,11.2,16.4,18.8,0.0,23437.3,2019-05-12 09:46:58
2019-05-12 10:30:00,21.9,72.0,21.3,74.0,1015.2,827.8,2.5,5.0,16.5,21.3,0.0,29646.0,2019-05-12 10:16:58
2019-05-12 11:00:00,22.3,71.0,23.2,68.0,1015.3,827.9,5.0,7.2,17.0,23.2,0.0,40033.0,2019-05-12 10:46:58
2019-05-12 11:30:00,22.8,69.0,22.4,68.0,1015.2,827.8,2.5,6.1,16.2,22.4,0.0,32607.0,2019-05-12 11:16:58
2019-05-12 12:00:00,23.0,70.0,23.1,66.0,1015.2,827.8,5.0,7.2,16.4,23.1,0.0,40155.2,2019-05-12 11:46:58
2019-05-12 12:30:00,23.4,69.0,23.9,67.0,1015.2,827.8,5.0,7.2,17.4,23.9,0.0,33429.5,2019-05-12 12:16:58
2019-05-12 13:00:00,23.7,69.0,22.8,71.0,1015.0,827.6,5.0,7.2,17.3,22.8,0.0,19437.6,2019-05-12 12:46:58
2019-05-12 13:30:00,23.9,69.0,23.6,69.0,1014.6,827.2,5.0,8.6,17.6,23.6,0.0,22600.7,2019-05-12 13:16:58
2019-05-12 14:00:00,24.0,69.0,23.3,74.0,1014.3,826.9,5.0,6.1,18.4,23.3,0.0,29881.0,2019-05-12 13:46:58
2019-05-12 14:30:00,24.2,69.0,24.6,64.0,1013.9,826.5,2.5,3.6,17.4,24.6,0.0,19103.9,2019-05-12 14:16:58
2019-05-12 15:00:00,24.3,69.0,23.6,74.0,1013.7,826.3,1.1,2.5,18.7,23.6,0.0,17369.6,2019-05-12 14:46:58
2019-05-12 15:30:00,24.5,70.0,24.7,71.0,1013.3,825.9,1.1,5.0,19.1,24.7,0.0,28320.6,2019-05-12 15:16:58
2019-05-12 16:00:00,24.8,70.0,25.1,65.0,1013.0,825.6,6.1,8.6,18.1,25.1,0.0,25594.6,2019-05-12 15:46:58
2019-05-12 16:30:00,25.0,69.0,23.7,72.0,1013.1,825.7,6.1,11.2,18.4,23.7,0.0,12439.3,2019-05-12 16:16:58
2019-05-12 17:00:00,24.9,70.0,22.2,79.0,1012.4,825.0,8.6,12.2,18.4,21.3,0.0,3416.0,2019-05-12 16:46:58
2019-05-12 17:30:00,24.6,70.0,20.7,81.0,1012.6,825.2,2.5,5.0,17.3,20.7,0.0,3200.0,2019-05-12 17:16:58
2019-05-12 18:00:00,24.2,71.0,20.5,87.0,1012.5,825.1,1.1,2.5,18.3,20.5,0.0,3338.0,2019-05-12 17:46:58
2019-05-12 18:30:00,23.8,74.0,20.6,86.0,1012.6,825.2,0.0,1.1,18.2,20.6,0.0,4580.0,2019-05-12 18:16:58
2019-05-12 19:00:00,23.7,74.0,20.3,86.0,1012.3,824.9,1.1,2.5,17.9,20.3,0.0,2228.0,2019-05-12 18:46:58
2019-05-12 19:30:00,23.4,74.0,19.5,89.0,1012.2,824.8,0.0,1.1,17.7,19.5,0.0,641.2,2019-05-12 19:16:58
2019-05-12 20:00:00,23.1,74.0,18.9,92.0,1012.6,825.2,1.1,3.6,17.6,18.9,0.0,0.0,2019-05-12 19:46:58
2019-05-12 20:30:00,22.9,73.0,18.3,91.0,1013.1,825.7,2.5,3.6,16.8,18.3,0.0,0.0,2019-05-12 20:16:58
2019-05-12 21:00:00,22.8,72.0,18.1,93.0,1013.1,825.7,0.0,0.0,17.0,18.1,0.0,0.0,2019-05-12 20:46:58
2019-05-12 21:30:00,22.6,73.0,18.1,93.0,1013.4,826.0,1.1,2.5,17.0,18.1,0.0,0.0,2019-05-12 21:16:58
2019-05-12 22:00:00,22.6,73.0,17.8,92.0,1013.5,826.1,1.1,2.5,16.5,17.8,0.0,0.0,2019-05-12 21:46:58
2019-05-12 22:30:00,22.5,72.0,17.5,92.0,1014.1,826.7,3.6,5.0,16.2,17.5,0.0,0.0,2019-05-12 22:16:58
2019-05-12 23:00:00,22.4,72.0,17.3,92.0,1014.2,826.8,0.0,0.0,16.0,17.3,0.0,0.0,2019-05-12 22:46:58
2019-05-12 23:30:00,22.3,71.0,17.2,93.0,1014.3,826.9,1.1,2.5,16.1,17.2,0.0,0.0,2019-05-12 23:16:58
2019-05-13 00:00:00,22.2,71.0,17.3,93.0,1014.6,827.2,2.5,5.0,16.2,17.3,0.0,0.0,2019-05-12 23:46:58
2019-05-13 00:30:00,22.1,71.0,17.3,94.0,1014.4,827.0,2.5,3.6,16.3,17.3,0.0,0.0,2019-05-13 00:16:58
2019-05-13 01:00:00,22.1,72.0,17.0,94.0,1014.1,826.7,1.1,2.5,16.0,17.0,0.0,0.0,2019-05-13 00:46:58
2019-05-13 01:30:00,22.0,72.0,17.4,95.0,1014.0,826.6,2.5,3.6,16.6,17.4,0.0,0.0,2019-05-13 01:16:58
2019-05-13 02:00:00,22.1,72.0,17.8,93.0,1014.2,826.8,2.5,3.6,16.7,17.8,0.0,0.0,2019-05-13 01:46:58
2019-05-13 02:30:00,22.1,72.0,17.9,93.0,1013.9,826.5,0.0,1.1,16.8,17.9,0.0,0.0,2019-05-13 02:16:58
2019-05-13 03:00:00,22.1,72.0,18.0,93.0,1013.7,826.3,1.1,2.5,16.9,18.0,0.0,0.0,2019-05-13 02:46:58
2019-05-13 03:30:00,22.1,72.0,17.8,92.0,1013.6,826.2,0.0,1.1,16.5,17.8,0.0,0.0,2019-05-13 03:16:58
2019-05-13 04:00:00,22.1,73.0,17.6,92.0,1013.3,825.9,1.1,2.5,16.3,17.6,0.0,0.0,2019-05-13 03:46:58
2019-05-13 04:30:00,22.0,73.0,17.6,93.0,1013.1,825.7,0.0,1.1,16.5,17.6,0.0,0.0,2019-05-13 04:16:58
2019-05-13 05:00:00,22.0,73.0,17.3,93.0,1012.8,825.4,1.1,2.5,16.2,17.3,0.0,0.0,2019-05-13 04:46:58
2019-05-13 05:30:00,21.9,73.0,16.9,95.0,1012.9,825.5,2.5,3.6,16.1,16.9,0.0,0.0,2019-05-13 05:16:58
2019-05-13 06:00:00,21.8,73.0,16.5,93.0,1013.2,825.8,1.1,3.6,15.4,16.5,0.0,0.0,2019-05-13 05:46:58
2019-05-13 06:30:00,21.6,72.0,16.5,94.0,1013.7,826.3,1.1,2.5,15.6,16.5,0.0,0.0,2019-05-13 06:16:58
2019-05-13 07:00:00,21.6,72.0,17.0,91.0,1013.7,826.3,1.1,2.5,15.5,17.0,0.0,0.0,2019-05-13 06:46:58
2019-05-13 07:30:00,21.6,72.0,16.9,92.0,1013.8,826.4,3.6,5.0,15.6,16.9,0.0,82.5,2019-05-13 07:16:58
2019-05-13 08:00:00,21.6,71.0,16.8,93.0,1014.1,826.7,0.0,1.1,15.7,16.8,0.0,3524.0,2019-05-13 07:46:58
2019-05-13 08:30:00,21.5,72.0,18.0,92.0,1014.5,827.1,1.1,2.5,16.7,18.0,0.0,9122.0,2019-05-13 08:16:58
2019-05-13 09:00:00,21.6,72.0,19.0,82.0,1014.8,827.4,2.5,3.6,15.9,19.0,0.0,8816.0,2019-05-13 08:46:58
2019-05-13 09:30:00,21.8,72.0,20.4,80.0,1014.9,827.5,2.5,3.6,16.9,20.4,0.0,14709.4,2019-05-13 09:16:58
2019-05-13 10:00:00,22.0,71.0,21.7,74.0,1015.0,827.6,2.5,3.6,16.9,21.7,0.0,25914.2,2019-05-13 09:46:58
2019-05-13 10:30:00,22.4,71.0,21.3,76.0,1015.3,827.9,6.1,8.6,16.9,21.3,0.0,20828.8,2019-05-13 10:16:58
2019-05-13 11:00:00,22.5,71.0,21.0,80.0,1015.9,828.5,1.1,3.6,17.4,21.0,0.0,22581.9,2019-05-13 10:46:58
2019-05-13 11:30:00,22.8,71.0,21.0,80.0,1016.0,828.6,6.1,8.6,17.4,21.0,0.0,17632.8,2019-05-13 11:16:58
2019-05-13 12:00:00,22.8,71.0,20.6,81.0,1015.9,828.5,6.1,11.2,17.2,20.6,0.0,16119.4,2019-05-13 11:46:58
2019-05-13 12:30:00,22.9,71.0,20.4,81.0,1015.9,828.5,1.1,2.5,17.1,20.4,0.0,17294.4,2019-05-13 12:16:58
2019-05-13 13:00:00,22.9,71.0,22.3,74.0,1015.5,828.1,5.0,7.2,17.5,22.3,0.0,21444.5,2019-05-13 12:46:58
2019-05-13 13:30:00,23.3,72.0,21.7,80.0,1015.0,827.6,5.0,9.7,18.1,21.7,0.0,25787.3,2019-05-13 13:16:58
2019-05-13 14:00:00,23.6,73.0,22.7,74.0,1014.7,827.3,6.1,9.7,17.9,22.7,0.0,48854.9,2019-05-13 13:46:58
2019-05-13 14:30:00,23.9,71.0,23.4,69.0,1014.5,827.1,5.0,9.7,17.4,23.4,0.0,19611.5,2019-05-13 14:16:58
2019-05-13 15:00:00,23.9,72.0,21.4,79.0,1013.9,826.5,5.0,8.6,17.6,21.4,0.0,19212.0,2019-05-13 14:46:58
2019-05-13 15:30:00,24.0,70.0,22.4,76.0,1013.8,826.4,2.5,5.0,18.0,22.4,0.0,21750.0,2019-05-13 15:16:58
2019-05-13 16:00:00,24.1,70.0,22.3,73.0,1013.6,826.2,6.1,9.7,17.3,22.3,0.0,29223.0,2019-05-13 15:46:58
2019-05-13 16:30:00,24.2,69.0,22.1,72.0,1013.5,826.1,5.0,7.2,16.8,22.1,0.0,18337.8,2019-05-13 16:16:58
2019-05-13 17:00:00,24.2,68.0,22.1,70.0,1012.9,825.5,2.5,5.0,16.4,22.1,0.0,16138.2,2019-05-13 16:46:58
2019-05-13 17:30:00,24.1,66.0,22.3,69.0,1012.9,825.5,2.5,3.6,16.4,22.3,0.0,14361.6,2019-05-13 17:16:58
2019-05-13 18:00:00,24.2,66.0,22.2,70.0,1013.0,825.6,2.5,6.1,16.5,22.2,0.0,12895.2,2019-05-13 17:46:58
2019-05-13 18:30:00,24.1,66.0,21.5,72.0,1013.1,825.7,2.5,6.1,16.3,21.5,0.0,6404.0,2019-05-13 18:16:58
2019-05-13 19:00:00,23.9,66.0,21.3,72.0,1013.3,825.9,1.1,2.5,16.1,21.3,0.0,5222.0,2019-05-13 18:46:58
2019-05-13 19:30:00,23.9,68.0,20.5,78.0,1013.3,825.9,3.6,6.1,16.6,20.5,0.0,729.0,2019-05-13 19:16:58
2019-05-13 20:00:00,23.5,69.0,19.7,85.0,1013.7,826.3,8.6,11.2,17.1,18.5,0.0,0.0,2019-05-13 19:46:58
2019-05-13 20:30:00,23.3,72.0,19.2,90.0,1014.1,826.7,3.6,5.0,17.5,19.2,0.0,0.0,2019-05-13 20:16:58
2019-05-13 21:00:00,22.9,72.0,19.1,92.0,1014.2,826.8,2.5,5.0,17.8,19.1,0.0,0.0,2019-05-13 20:46:58
2019-05-13 21:30:00,22.8,74.0,18.0,94.0,1014.6,827.2,11.2,12.2,17.0,15.8,0.3,0.0,2019-05-13 21:16:58
2019-05-13 22:00:00,22.6,73.0,17.7,95.0,1014.6,827.2,2.5,3.6,16.9,17.7,0.3,0.0,2019-05-13 21:46:58
2019-05-13 22:30:00,22.6,72.0,17.7,95.0,1014.7,827.3,0.0,1.1,16.9,17.7,0.0,0.0,2019-05-13 22:16:58
2019-05-13 23:00:00,22.6,73.0,17.8,95.0,1014.9,827.5,2.5,3.6,17.0,17.8,0.0,0.0,2019-05-13 22:46:58
2019-05-13 23:30:00,22.6,73.0,17.5,96.0,1015.1,827.7,0.0,2.5,16.9,17.5,0.3,0.0,2019-05-13 23:16:58
2019-05-14 00:00:00,22.5,73.0,17.3,96.0,1015.4,828.0,0.0,1.1,16.7,17.3,0.3,0.0,2019-05-13 23:46:58
2019-05-14 00:30:00,22.4,72.0,17.3,96.0,1015.5,828.1,2.5,3.6,16.7,17.3,0.0,0.0,2019-05-14 00:16:58
2019-05-14 01:00:00,22.3,72.0,17.2,95.0,1015.5,828.1,1.1,2.5,16.4,17.2,0.0,0.0,2019-05-14 00:46:58
2019-05-14 01:30:00,22.2,71.0,17.4,94.0,1015.2,827.8,1.1,2.5,16.4,17.4,0.0,0.0,2019-05-14 01:16:58
2019-05-14 02:00:00,22.0,71.0,17.4,94.0,1015.3,827.9,6.1,9.7,16.4,17.4,0.0,0.0,2019-05-14 01:46:58
2019-05-14 02:30:00,22.0,72.0,17.4,93.0,1014.7,827.3,2.5,5.0,16.3,17.4,0.0,0.0,2019-05-14 02:16:58
2019-05-14 03:00:00,22.0,72.0,17.5,94.0,1014.6,827.2,3.6,6.1,16.5,17.5,0.0,0.0,2019-05-14 02:46:58
2019-05-14 03:30:00,22.0,72.0,17.5,93.0,1014.4,827.0,8.6,11.2,16.4,16.2,0.0,0.0,2019-05-14 03:16:58
2019-05-14 04:00:00,21.9,73.0,17.4,92.0,1014.0,826.6,5.0,8.6,16.1,17.4,0.0,0.0,2019-05-14 03:46:58
2019-05-14 04:30:00,21.8,73.0,16.9,95.0,1013.7,826.3,1.1,2.5,16.1,16.9,0.0,0.0,2019-05-14 04:16:58
2019-05-14 05:00:00,21.8,73.0,16.8,96.0,1013.8,826.4,2.5,3.6,16.2,16.8,0.0,0.0,2019-05-14 04:46:58
2019-05-14 05:30:00,21.8,73.0,16.7,97.0,1013.9,826.5,0.0,1.1,16.2,16.7,0.0,0.0,2019-05-14 05:16:58
2019-05-14 06:00:00,21.8,73.0,16.8,96.0,1013.8,826.4,1.1,2.5,16.2,16.8,0.0,0.0,2019-05-14 05:46:58
2019-05-14 06:30:00,21.7,73.0,16.8,95.0,1013.9,826.5,1.1,2.5,16.0,16.8,0.0,0.0,2019-05-14 06:16:58
2019-05-14 07:00:00,21.6,73.0,16.8,95.0,1014.3,826.9,1.1,2.5,16.0,16.8,0.0,0.0,2019-05-14 06:46:58
2019-05-14 07:30:00,21.6,73.0,16.6,96.0,1014.4,827.0,1.1,2.5,16.0,16.6,0.0,37.5,2019-05-14 07:16:58
2019-05-14 08:00:00,21.6,73.0,16.5,96.0,1014.6,827.2,0.0,2.5,15.9,16.5,0.0,1593.0,2019-05-14 07:46:58
2019-05-14 08:30:00,21.5,73.0,16.8,96.0,1014.9,827.5,0.0,1.1,16.2,16.8,0.0,5000.0,2019-05-14 08:16:58
2019-05-14 09:00:00,21.6,74.0,18.2,94.0,1015.0,827.6,1.1,2.5,17.2,18.2,0.0,10004.7,2019-05-14 08:46:58
2019-05-14 09:30:00,21.7,74.0,22.0,72.0,1015.3,827.9,1.1,2.5,16.7,22.0,0.0,17820.8,2019-05-14 09:16:58
2019-05-14 10:00:00,22.1,73.0,22.1,69.0,1015.5,828.1,3.6,6.1,16.2,22.1,0.0,21632.5,2019-05-14 09:46:58
2019-05-14 10:30:00,22.4,73.0,19.9,82.0,1015.6,828.2,2.5,5.0,16.8,19.9,0.0,10498.2,2019-05-14 10:16:58
2019-05-14 11:00:00,22.5,72.0,19.8,82.0,1015.8,828.4,2.5,5.0,16.7,19.8,0.0,11424.1,2019-05-14 10:46:58
2019-05-14 11:30:00,22.5,71.0,21.5,73.0,1015.7,828.3,1.1,2.5,16.5,21.5,0.0,21815.8,2019-05-14 11:16:58
2019-05-14 12:00:00,23.0,71.0,21.9,72.0,1015.9,828.5,6.1,8.6,16.6,21.9,0.0,36493.9,2019-05-14 11:46:58
2019-05-14 12:30:00,23.8,71.0,24.5,64.0,1015.1,827.7,3.6,7.2,17.3,24.5,0.0,25618.1,2019-05-14 12:16:58
2019-05-14 13:00:00,24.5,67.0,23.4,68.0,1015.3,827.9,2.5,6.1,17.2,23.4,0.0,14728.2,2019-05-14 12:46:58
2019-05-14 13:30:00,24.2,67.0,21.1,78.0,1015.0,827.6,8.6,11.2,17.1,20.1,0.0,30101.9,2019-05-14 13:16:58
2019-05-14 14:00:00,24.5,69.0,23.2,72.0,1014.9,827.5,6.1,9.7,17.9,23.2,0.0,12899.9,2019-05-14 13:46:58
2019-05-14 14:30:00,24.6,68.0,23.7,71.0,1014.4,827.0,5.0,7.2,18.2,23.7,0.0,19456.4,2019-05-14 14:16:58
2019-05-14 15:00:00,24.8,68.0,24.0,70.0,1014.0,826.6,6.1,9.7,18.2,24.0,0.0,20932.2,2019-05-14 14:46:58
2019-05-14 15:30:00,25.0,67.0,24.1,68.0,1013.7,826.3,2.5,5.0,17.9,24.1,0.0,67170.8,2019-05-14 15:16:58
2019-05-14 16:00:00,25.3,66.0,22.5,72.0,1013.4,826.0,2.5,6.1,17.2,22.5,0.0,10188.0,2019-05-14 15:46:58
2019-05-14 16:30:00,25.3,66.0,22.5,73.0,1012.8,825.4,3.6,5.0,17.4,22.5,0.0,16429.6,2019-05-14 16:16:58
2019-05-14 17:00:00,25.3,66.0,23.2,73.0,1012.8,825.4,5.0,6.1,18.1,23.2,0.0,21350.5,2019-05-14 16:46:58
2019-05-14 17:30:00,25.3,66.0,23.3,73.0,1012.4,825.0,5.0,6.1,18.2,23.3,0.0,22290.5,2019-05-14 17:16:58
2019-05-14 18:00:00,25.4,66.0,24.3,67.0,1012.4,825.0,2.5,5.0,17.8,24.3,0.0,9962.0,2019-05-14 17:46:58
2019-05-14 18:30:00,25.4,65.0,22.4,71.0,1012.6,825.2,2.5,3.6,16.9,22.4,0.0,3314.0,2019-05-14 18:16:58
2019-05-14 19:00:00,25.2,66.0,21.4,79.0,1012.7,825.3,7.2,14.8,17.6,20.8,0.0,1059.7,2019-05-14 18:46:58
2019-05-14 19:30:00,25.0,66.0,20.7,80.0,1013.0,825.6,3.6,6.1,17.2,20.7,0.0,450.0,2019-05-14 19:16:58
2019-05-14 20:00:00,24.8,67.0,20.2,82.0,1013.7,826.3,3.6,6.1,17.1,20.2,0.0,0.0,2019-05-14 19:46:58
2019-05-14 20:30:00,24.6,67.0,19.8,84.0,1013.8,826.4,0.0,1.1,17.0,19.8,0.0,0.0,2019-05-14 20:16:58
2019-05-14 21:00:00,24.2,69.0,19.3,86.0,1013.8,826.4,0.0,2.5,16.9,19.3,0.0,0.0,2019-05-14 20:46:58
2019-05-14 21:30:00,23.9,71.0,19.0,88.0,1014.4,827.0,1.1,2.5,17.0,19.0,0.0,0.0,2019-05-14 21:16:58
2019-05-14 22:00:00,23.7,71.0,18.9,90.0,1014.6,827.2,2.5,3.6,17.2,18.9,0.0,0.0,2019-05-14 21:46:58
2019-05-14 22:30:00,23.5,71.0,18.8,89.0,1014.8,827.4,0.0,1.1,17.0,18.8,0.0,0.0,2019-05-14 22:16:58
2019-05-14 23:00:00,23.4,71.0,18.3,91.0,1014.6,827.2,0.0,1.1,16.8,18.3,0.9,0.0,2019-05-14 22:46:58
2019-05-14 23:30:00,23.3,72.0,17.9,93.0,1015.1,827.7,2.5,3.6,16.8,17.9,0.6,0.0,2019-05-14 23:16:58
2019-05-15 00:00:00,23.0,72.0,17.7,95.0,1015.1,827.7,0.0,1.1,16.9,17.7,0.9,0.0,2019-05-14 23:46:58
2019-05-15 00:30:00,22.9,71.0,17.5,94.0,1015.1,827.7,1.1,2.5,16.5,17.5,0.0,0.0,2019-05-15 00:16:58
2019-05-15 01:00:00,22.8,71.0,17.2,94.0,1014.6,827.2,1.1,2.5,16.2,17.2,0.0,0.0,2019-05-15 00:46:58
2019-05-15 01:30:00,22.6,71.0,17.3,95.0,1014.3,826.9,0.0,0.0,16.5,17.3,0.0,0.0,2019-05-15 01:16:58
2019-05-15 02:00:00,22.6,71.0,17.2,95.0,1014.2,826.8,1.1,2.5,16.4,17.2,0.3,0.0,2019-05-15 01:46:58
2019-05-15 02:30:00,22.6,71.0,17.2,94.0,1014.2,826.8,1.1,3.6,16.2,17.2,0.0,0.0,2019-05-15 02:16:58
2019-05-15 03:00:00,22.6,71.0,17.1,95.0,1013.8,826.4,0.0,1.1,16.3,17.1,0.0,0.0,2019-05-15 02:46:58
2019-05-15 03:30:00,22.5,71.0,17.0,96.0,1013.7,826.3,1.1,1.1,16.4,17.0,0.0,0.0,2019-05-15 03:16:58
2019-05-15 04:00:00,22.5,71.0,17.0,96.0,1013.5,826.1,0.0,1.1,16.4,17.0,0.0,0.0,2019-05-15 03:46:58
2019-05-15 04:30:00,22.4,71.0,16.9,97.0,1013.4,826.0,0.0,0.0,16.4,16.9,0.0,0.0,2019-05-15 04:16:58
2019-05-15 05:00:00,22.4,71.0,17.1,97.0,1013.5,826.1,0.0,0.0,16.6,17.1,0.3,0.0,2019-05-15 04:46:58
2019-05-15 05:30:00,22.3,72.0,17.0,97.0,1013.5,826.1,0.0,0.0,16.5,17.0,0.0,0.0,2019-05-15 05:16:58
2019-05-15 06:00:00,22.3,72.0,17.0,97.0,1013.5,826.1,0.0,0.0,16.5,17.0,0.0,0.0,2019-05-15 05:46:58
2019-05-15 06:30:00,22.2,72.0,17.0,97.0,1013.7,826.3,0.0,0.0,16.5,17.0,0.0,0.0,2019-05-15 06:16:58
2019-05-15 07:00:00,22.2,72.0,17.0,97.0,1014.2,826.8,0.0,0.0,16.5,17.0,0.0,0.0,2019-05-15 06:46:58
2019-05-15 07:30:00,22.2,72.0,17.0,97.0,1014.3,826.9,0.0,0.0,16.5,17.0,0.0,60.0,2019-05-15 07:16:58
2019-05-15 08:00:00,22.1,72.0,17.2,97.0,1014.5,827.1,0.0,0.0,16.7,17.2,0.0,1410.7,2019-05-15 07:46:58
2019-05-15 08:30:00,22.1,72.0,17.6,97.0,1014.9,827.5,0.0,0.0,17.1,17.6,0.0,4580.0,2019-05-15 08:16:58
2019-05-15 09:00:00,22.1,73.0,18.4,96.0,1015.2,827.8,0.0,0.0,17.8,18.4,0.0,9224.0,2019-05-15 08:46:58
2019-05-15 09:30:00,22.2,74.0,19.4,91.0,1015.5,828.1,0.0,0.0,17.9,19.4,0.0,13440.4,2019-05-15 09:16:58
2019-05-15 10:00:00,22.5,72.0,21.8,72.0,1015.8,828.4,3.6,6.1,16.6,21.8,0.0,24161.1,2019-05-15 09:46:58
2019-05-15 10:30:00,22.8,72.0,23.1,72.0,1015.8,828.4,5.0,6.1,17.8,23.1,0.0,24433.7,2019-05-15 10:16:58
2019-05-15 11:00:00,23.2,73.0,22.1,74.0,1016.1,828.7,5.0,8.6,17.3,22.1,0.0,21759.4,2019-05-15 10:46:58
2019-05-15 11:30:00,23.4,73.0,21.1,78.0,1016.1,828.7,5.0,6.1,17.1,21.1,0.0,14277.0,2019-05-15 11:16:58
2019-05-15 12:00:00,23.5,72.0,21.8,78.0,1016.3,828.9,0.0,1.1,17.8,21.8,0.0,19526.9,2019-05-15 11:46:58
2019-05-15 12:30:00,23.9,72.0,22.4,71.0,1016.0,828.6,6.1,7.2,16.9,22.4,0.0,16269.8,2019-05-15 12:16:58
2019-05-15 13:00:00,23.9,71.0,22.3,73.0,1015.6,828.2,2.5,5.0,17.3,22.3,0.0,19639.7,2019-05-15 12:46:58
2019-05-15 13:30:00,23.9,72.0,22.0,74.0,1015.5,828.1,5.0,7.2,17.2,22.0,0.0,18131.0,2019-05-15 13:16:58
2019-05-15 14:00:00,24.2,70.0,23.7,70.0,1015.1,827.7,7.2,9.7,17.9,23.2,0.0,39351.5,2019-05-15 13:46:58
2019-05-15 14:30:00,24.6,68.0,23.0,70.0,1014.6,827.2,5.0,7.2,17.3,23.0,0.0,26985.8,2019-05-15 14:16:58
2019-05-15 15:00:00,24.6,66.0,21.7,70.0,1014.6,827.2,6.1,9.7,16.0,21.7,0.0,21613.7,2019-05-15 14:46:58
2019-05-15 15:30:00,24.6,65.0,24.4,63.0,1014.2,826.8,8.6,12.2,16.9,23.7,0.0,81308.4,2019-05-15 15:16:58
2019-05-15 16:00:00,24.9,63.0,22.4,67.0,1013.9,826.5,3.6,5.0,16.0,22.4,0.0,9830.0,2019-05-15 15:46:58
2019-05-15 16:30:00,24.6,67.0,20.6,82.0,1013.3,825.9,3.6,5.0,17.4,20.6,0.6,11555.7,2019-05-15 16:16:58
2019-05-15 17:00:00,24.2,68.0,21.1,79.0,1013.2,825.8,1.1,2.5,17.3,21.1,0.6,8492.0,2019-05-15 16:46:58
2019-05-15 17:30:00,24.1,71.0,21.0,81.0,1013.0,825.6,0.0,0.0,17.6,21.0,0.0,15057.2,2019-05-15 17:16:58
2019-05-15 18:00:00,24.1,71.0,21.7,79.0,1012.9,825.5,2.5,5.0,17.9,21.7,0.0,13111.4,2019-05-15 17:46:58
2019-05-15 18:30:00,24.2,71.0,21.8,77.0,1013.1,825.7,1.1,3.6,17.6,21.8,0.0,8588.0,2019-05-15 18:16:58
2019-05-15 19:00:00,24.1,71.0,20.7,83.0,1013.3,825.9,3.6,6.1,17.7,20.7,0.0,1854.0,2019-05-15 18:46:58
2019-05-15 19:30:00,24.0,72.0,20.1,85.0,1013.2,825.8,2.5,5.0,17.5,20.1,0.0,67.5,2019-05-15 19:16:58
2019-05-15 20:00:00,23.9,72.0,19.4,88.0,1013.8,826.4,1.1,3.6,17.4,19.4,0.0,0.0,2019-05-15 19:46:58
2019-05-15 20:30:00,23.6,72.0,18.8,89.0,1014.0,826.6,2.5,3.6,17.0,18.8,0.0,0.0,2019-05-15 20:16:58
2019-05-15 21:00:00,23.3,72.0,18.1,88.0,1014.3,826.9,1.1,2.5,16.1,18.1,0.0,0.0,2019-05-15 20:46:58
2019-05-15 21:30:00,23.0,71.0,17.8,87.0,1014.8,827.4,2.5,5.0,15.6,17.8,0.0,0.0,2019-05-15 21:16:58
2019-05-15 22:00:00,22.8,69.0,17.7,86.0,1014.8,827.4,2.5,5.0,15.3,17.7,0.0,0.0,2019-05-15 21:46:58
2019-05-15 22:30:00,22.6,69.0,17.4,87.0,1015.1,827.7,1.1,3.6,15.2,17.4,0.0,0.0,2019-05-15 22:16:58
2019-05-15 23:00:00,22.6,68.0,17.1,88.0,1015.3,827.9,1.1,3.6,15.1,17.1,0.0,0.0,2019-05-15 22:46:58
2019-05-15 23:30:00,22.4,68.0,17.0,88.0,1015.4,828.0,1.1,2.5,15.0,17.0,0.0,0.0,2019-05-15 23:16:58
2019-05-16 00:00:00,22.4,68.0,17.3,87.0,1015.5,828.1,2.5,3.6,15.1,17.3,0.0,0.0,2019-05-15 23:46:58
2019-05-16 00:30:00,22.3,68.0,17.4,85.0,1015.5,828.1,1.1,2.5,14.9,17.4,0.0,0.0,2019-05-16 00:16:58
2019-05-16 01:00:00,22.2,68.0,17.9,82.0,1015.4,828.0,3.6,7.2,14.8,17.9,0.0,0.0,2019-05-16 00:46:58
2019-05-16 01:30:00,22.1,68.0,17.9,83.0,1015.2,827.8,2.5,3.6,15.0,17.9,0.0,0.0,2019-05-16 01:16:58
2019-05-16 02:00:00,22.0,68.0,17.7,83.0,1015.0,827.6,5.0,8.6,14.8,17.7,0.0,0.0,2019-05-16 01:46:58
2019-05-16 02:30:00,22.0,68.0,17.3,83.0,1014.6,827.2,0.0,1.1,14.4,17.3,0.0,0.0,2019-05-16 02:16:58
2019-05-16 03:00:00,21.9,69.0,16.8,89.0,1014.1,826.7,3.6,5.0,15.0,16.8,0.0,0.0,2019-05-16 02:46:58
2019-05-16 03:30:00,21.7,69.0,16.6,89.0,1014.0,826.6,0.0,1.1,14.8,16.6,0.0,0.0,2019-05-16 03:16:58
2019-05-16 04:00:00,21.7,69.0,16.4,89.0,1013.7,826.3,1.1,2.5,14.6,16.4,0.0,0.0,2019-05-16 03:46:58
2019-05-16 04:30:00,21.6,69.0,16.3,91.0,1013.8,826.4,3.6,5.0,14.8,16.3,0.0,0.0,2019-05-16 04:16:58
2019-05-16 05:00:00,21.5,69.0,16.3,91.0,1013.7,826.3,0.0,1.1,14.8,16.3,0.0,0.0,2019-05-16 04:46:58
2019-05-16 05:30:00,21.5,69.0,16.4,92.0,1013.9,826.5,0.0,0.0,15.1,16.4,0.0,0.0,2019-05-16 05:16:58
2019-05-16 06:00:00,21.5,69.0,16.4,92.0,1013.9,826.5,2.5,3.6,15.1,16.4,0.0,0.0,2019-05-16 05:46:58
2019-05-16 06:30:00,21.5,70.0,16.4,92.0,1014.1,826.7,0.0,1.1,15.1,16.4,0.0,0.0,2019-05-16 06:16:58
2019-05-16 07:00:00,21.5,70.0,16.4,92.0,1014.2,826.8,1.1,2.5,15.1,16.4,0.0,0.0,2019-05-16 06:46:58
2019-05-16 07:30:00,21.4,70.0,16.5,93.0,1014.3,826.9,2.5,3.6,15.4,16.5,0.0,67.5,2019-05-16 07:16:58
2019-05-16 08:00:00,21.4,70.0,16.8,93.0,1014.4,827.0,0.0,0.0,15.7,16.8,0.0,2678.0,2019-05-16 07:46:58
2019-05-16 08:30:00,21.4,70.0,17.8,89.0,1014.7,827.3,0.0,1.1,16.0,17.8,0.0,8000.0,2019-05-16 08:16:58
2019-05-16 09:00:00,21.6,71.0,22.0,73.0,1015.1,827.7,1.1,2.5,17.0,22.0,0.0,11363.0,2019-05-16 08:46:58
2019-05-16 09:30:00,21.7,71.0,20.1,78.0,1015.2,827.8,2.5,3.6,16.2,20.1,0.0,15484.9,2019-05-16 09:16:58
2019-05-16 10:00:00,21.9,71.0,23.4,66.0,1015.6,828.2,2.5,3.6,16.7,23.4,0.0,25538.2,2019-05-16 09:46:58
2019-05-16 10:30:00,22.4,70.0,23.6,64.0,1015.6,828.2,5.0,6.1,16.4,23.6,0.0,43769.5,2019-05-16 10:16:58
2019-05-16 11:00:00,22.8,69.0,24.4,62.0,1015.4,828.0,6.1,9.7,16.7,24.4,0.0,56765.0,2019-05-16 10:46:58
2019-05-16 11:30:00,23.7,70.0,23.2,69.0,1015.8,828.4,2.5,6.1,17.2,23.2,0.0,21336.4,2019-05-16 11:16:58
2019-05-16 12:00:00,23.8,71.0,22.4,71.0,1015.6,828.2,5.0,8.6,16.9,22.4,0.0,22600.7,2019-05-16 11:46:58
2019-05-16 12:30:00,23.9,71.0,22.3,73.0,1015.5,828.1,3.6,6.1,17.3,22.3,0.0,14587.2,2019-05-16 12:16:58
2019-05-16 13:00:00,23.9,72.0,22.4,72.0,1015.4,828.0,3.6,5.0,17.1,22.4,0.0,15400.3,2019-05-16 12:46:58
2019-05-16 13:30:00,23.9,73.0,21.8,83.0,1015.1,827.7,5.0,7.2,18.8,21.8,0.6,27968.1,2019-05-16 13:16:58
2019-05-16 14:00:00,23.9,75.0,22.9,73.0,1014.8,827.4,3.6,5.0,17.8,22.9,0.6,27136.2,2019-05-16 13:46:58
2019-05-16 14:30:00,24.1,72.0,22.9,72.0,1014.3,826.9,2.5,5.0,17.6,22.9,0.0,17571.7,2019-05-16 14:16:58
2019-05-16 15:00:00,24.3,72.0,24.5,69.0,1013.8,826.4,5.0,8.6,18.5,24.5,0.0,37278.8,2019-05-16 14:46:58
2019-05-16 15:30:00,24.9,71.0,25.1,64.0,1013.6,826.2,3.6,8.6,17.8,25.1,0.0,17402.5,2019-05-16 15:16:58
2019-05-16 16:00:00,24.9,70.0,22.3,74.0,1013.0,825.6,6.1,8.6,17.5,22.3,0.3,6020.0,2019-05-16 15:46:58
2019-05-16 16:30:00,24.5,68.0,17.1,90.0,1013.0,825.6,7.2,9.7,15.5,16.3,7.8,5006.0,2019-05-16 16:16:58
2019-05-16 17:00:00,24.2,69.0,17.9,94.0,1012.7,825.3,2.5,6.1,16.9,17.9,8.7,5414.0,2019-05-16 16:46:58
2019-05-16 17:30:00,24.0,69.0,17.9,93.0,1012.2,824.8,1.1,3.6,16.8,17.9,0.9,4604.0,2019-05-16 17:16:58
2019-05-16 18:00:00,23.7,70.0,17.5,93.0,1012.2,824.8,0.0,2.5,16.4,17.5,2.1,5222.0,2019-05-16 17:46:58
2019-05-16 18:30:00,23.7,70.0,17.2,92.0,1012.3,824.9,2.5,3.6,15.9,17.2,0.0,4148.0,2019-05-16 18:16:58
2019-05-16 19:00:00,23.5,70.0,17.6,93.0,1012.6,825.2,0.0,2.5,16.5,17.6,0.0,4274.0,2019-05-16 18:46:58
2019-05-16 19:30:00,23.3,71.0,17.7,93.0,1012.7,825.3,1.1,3.6,16.6,17.7,0.0,776.2,2019-05-16 19:16:58
2019-05-16 20:00:00,23.0,71.0,17.2,92.0,1013.2,825.8,3.6,5.0,15.9,17.2,0.0,0.0,2019-05-16 19:46:58
2019-05-16 20:30:00,22.8,69.0,16.9,93.0,1013.4,826.0,2.5,3.6,15.8,16.9,0.0,0.0,2019-05-16 20:16:58
2019-05-16 21:00:00,22.6,69.0,17.0,90.0,1013.7,826.3,5.0,6.1,15.4,17.0,0.3,0.0,2019-05-16 20:46:58
2019-05-16 21:30:00,22.6,69.0,17.2,91.0,1013.8,826.4,3.6,6.1,15.7,17.2,0.0,0.0,2019-05-16 21:16:58
2019-05-16 22:00:00,22.5,69.0,17.2,91.0,1014.1,826.7,0.0,1.1,15.7,17.2,0.0,0.0,2019-05-16 21:46:58
2019-05-16 22:30:00,22.4,69.0,17.6,90.0,1014.3,826.9,1.1,2.5,16.0,17.6,0.0,0.0,2019-05-16 22:16:58
2019-05-16 23:00:00,22.3,70.0,17.7,90.0,1014.6,827.2,0.0,1.1,16.1,17.7,0.0,0.0,2019-05-16 22:46:58
2019-05-16 23:30:00,22.3,71.0,17.6,91.0,1014.4,827.0,0.0,0.0,16.1,17.6,0.0,0.0,2019-05-16 23:16:58
2019-05-17 00:00:00,22.3,71.0,17.4,93.0,1014.5,827.1,0.0,1.1,16.3,17.4,0.0,0.0,2019-05-16 23:46:58
2019-05-17 00:30:00,22.2,72.0,17.3,94.0,1014.7,827.3,0.0,1.1,16.3,17.3,0.3,0.0,2019-05-17 00:16:58
2019-05-17 01:00:00,22.2,73.0,17.2,95.0,1014.7,827.3,0.0,2.5,16.4,17.2,1.5,0.0,2019-05-17 00:46:58
2019-05-17 01:30:00,22.1,73.0,17.1,96.0,1014.7,827.3,0.0,0.0,16.5,17.1,0.3,0.0,2019-05-17 01:16:58
2019-05-17 02:00:00,22.1,73.0,17.1,97.0,1014.7,827.3,2.5,3.6,16.6,17.1,0.3,0.0,2019-05-17 01:46:58
2019-05-17 02:30:00,22.1,74.0,16.9,98.0,1014.4,827.0,0.0,0.0,16.6,16.9,0.3,0.0,2019-05-17 02:16:58
2019-05-17 03:00:00,22.0,74.0,16.9,98.0,1014.1,826.7,0.0,1.1,16.6,16.9,0.6,0.0,2019-05-17 02:46:58
2019-05-17 03:30:00,22.0,74.0,16.9,98.0,1013.9,826.5,2.5,3.6,16.6,16.9,0.6,0.0,2019-05-17 03:16:58
2019-05-17 04:00:00,21.9,75.0,16.4,98.0,1013.7,826.3,5.0,7.2,16.1,16.4,0.9,0.0,2019-05-17 03:46:58
2019-05-17 04:30:00,21.8,74.0,16.2,98.0,1013.5,826.1,1.1,2.5,15.9,16.2,0.0,0.0,2019-05-17 04:16:58
2019-05-17 05:00:00,21.8,73.0,16.3,98.0,1013.3,825.9,0.0,0.0,16.0,16.3,0.0,0.0,2019-05-17 04:46:58
2019-05-17 05:30:00,21.7,73.0,16.3,98.0,1013.3,825.9,0.0,2.5,16.0,16.3,0.0,0.0,2019-05-17 05:16:58
2019-05-17 06:00:00,21.7,73.0,16.3,98.0,1013.3,825.9,0.0,0.0,16.0,16.3,0.0,0.0,2019-05-17 05:46:58
2019-05-17 06:30:00,21.6,73.0,16.3,98.0,1013.5,826.1,1.1,3.6,16.0,16.3,0.0,0.0,2019-05-17 06:16:58
2019-05-17 07:00:00,21.6,73.0,16.2,98.0,1013.4,826.0,0.0,0.0,15.9,16.2,0.0,0.0,2019-05-17 06:46:58
2019-05-17 07:30:00,21.6,73.0,16.3,98.0,1013.8,826.4,0.0,0.0,16.0,16.3,0.3,52.5,2019-05-17 07:16:58
2019-05-17 08:00:00,21.6,73.0,16.3,98.0,1014.0,826.6,0.0,1.1,16.0,16.3,0.3,1525.5,2019-05-17 07:46:58
2019-05-17 08:30:00,21.6,74.0,16.7,98.0,1014.2,826.8,1.1,2.5,16.4,16.7,0.0,7364.0,2019-05-17 08:16:58
2019-05-17 09:00:00,21.6,74.0,17.1,97.0,1014.5,827.1,0.0,0.0,16.6,17.1,0.0,11931.7,2019-05-17 08:46:58
2019-05-17 09:30:00,21.7,74.0,18.5,94.0,1014.8,827.4,0.0,2.5,17.5,18.5,0.0,13435.7,2019-05-17 09:16:58
2019-05-17 10:00:00,21.8,75.0,21.2,81.0,1015.0,827.6,3.6,5.0,17.8,21.2,0.0,34928.8,2019-05-17 09:46:58
2019-05-17 10:30:00,22.1,74.0,20.2,82.0,1015.3,827.9,3.6,6.1,17.1,20.2,0.0,22356.3,2019-05-17 10:16:58
2019-05-17 11:00:00,22.4,74.0,20.0,83.0,1015.3,827.9,1.1,2.5,17.0,20.0,0.0,19578.6,2019-05-17 10:46:58
2019-05-17 11:30:00,22.5,72.0,21.3,72.0,1015.1,827.7,3.6,6.1,16.1,21.3,0.0,22220.0,2019-05-17 11:16:58
2019-05-17 12:00:00,22.8,72.0,21.3,76.0,1015.3,827.9,3.6,6.1,16.9,21.3,0.0,36047.4,2019-05-17 11:46:58
2019-05-17 12:30:00,23.4,72.0,21.6,75.0,1015.0,827.6,5.0,6.1,17.0,21.6,0.0,18370.7,2019-05-17 12:16:58
2019-05-17 13:00:00,23.5,73.0,20.3,82.0,1015.0,827.6,3.6,6.1,17.2,20.3,0.0,12180.8,2019-05-17 12:46:58
2019-05-17 13:30:00,23.0,73.0,19.5,85.0,1014.7,827.3,1.1,2.5,16.9,19.5,1.2,16100.6,2019-05-17 13:16:58
2019-05-17 14:00:00,23.2,73.0,20.4,81.0,1014.4,827.0,0.0,1.1,17.1,20.4,1.8,64256.8,2019-05-17 13:46:58
2019-05-17 14:30:00,23.7,73.0,22.8,76.0,1013.9,826.5,3.6,5.0,18.4,22.8,0.0,29495.6,2019-05-17 14:16:58
2019-05-17 15:00:00,23.7,73.0,20.6,83.0,1013.6,826.2,5.0,6.1,17.6,20.6,0.0,11710.8,2019-05-17 14:46:58
2019-05-17 15:30:00,23.6,73.0,20.8,86.0,1013.2,825.8,3.6,6.1,18.4,20.8,0.3,28715.4,2019-05-17 15:16:58
2019-05-17 16:00:00,23.6,74.0,20.4,86.0,1013.0,825.6,5.0,7.2,18.0,20.4,0.9,17256.8,2019-05-17 15:46:58
2019-05-17 16:30:00,23.7,75.0,20.2,85.0,1012.6,825.2,3.6,6.1,17.6,20.2,0.0,18723.2,2019-05-17 16:16:58
2019-05-17 17:00:00,23.7,74.0,19.8,86.0,1012.7,825.3,8.6,11.2,17.4,18.7,0.0,14465.0,2019-05-17 16:46:58
2019-05-17 17:30:00,23.6,73.0,19.2,87.0,1012.5,825.1,3.6,5.0,17.0,19.2,0.6,11358.3,2019-05-17 17:16:58
2019-05-17 18:00:00,23.6,73.0,19.2,88.0,1012.6,825.2,5.0,6.1,17.2,19.2,0.6,11682.6,2019-05-17 17:46:58
2019-05-17 18:30:00,23.6,73.0,19.4,87.0,1012.5,825.1,5.0,8.6,17.2,19.4,0.0,8114.0,2019-05-17 18:16:58
2019-05-17 19:00:00,23.5,72.0,19.5,84.0,1012.9,825.5,1.1,2.5,16.7,19.5,0.0,7562.0,2019-05-17 18:46:58
2019-05-17 19:30:00,23.4,72.0,18.1,90.0,1013.0,825.6,0.0,1.1,16.5,18.1,0.0,1046.2,2019-05-17 19:16:58
2019-05-17 20:00:00,23.2,72.0,17.8,91.0,1013.1,825.7,1.1,2.5,16.3,17.8,0.0,0.0,2019-05-17 19:46:58
2019-05-17 20:30:00,22.9,71.0,17.5,93.0,1013.2,825.8,0.0,2.5,16.4,17.5,0.0,0.0,2019-05-17 20:16:58
2019-05-17 21:00:00,22.5,71.0,17.2,93.0,1013.1,825.7,0.0,0.0,16.1,17.2,0.0,0.0,2019-05-17 20:46:58
2019-05-17 21:30:00,22.4,71.0,16.7,95.0,1013.0,825.6,2.5,3.6,15.9,16.7,0.0,0.0,2019-05-17 21:16:58
2019-05-17 22:00:00,22.3,70.0,16.4,95.0,1013.7,826.3,1.1,2.5,15.6,16.4,0.0,0.0,2019-05-17 21:46:58
2019-05-17 22:30:00,22.1,70.0,16.5,95.0,1014.1,826.7,2.5,3.6,15.7,16.5,0.0,0.0,2019-05-17 22:16:58
2019-05-17 23:00:00,21.9,72.0,16.7,95.0,1014.3,826.9,1.1,3.6,15.9,16.7,0.0,0.0,2019-05-17 22:46:58
2019-05-17 23:30:00,21.9,72.0,16.7,95.0,1014.3,826.9,1.1,3.6,15.9,16.7,0.0,0.0,2019-05-17 23:16:58
2019-05-18 00:00:00,21.6,72.0,16.5,95.0,1014.0,826.6,0.0,0.0,15.7,16.5,0.0,0.0,2019-05-17 23:46:58
2019-05-18 00:30:00,21.5,72.0,16.4,95.0,1014.0,826.6,2.5,3.6,15.6,16.4,0.0,0.0,2019-05-18 00:16:58
2019-05-18 01:00:00,21.5,72.0,16.3,94.0,1014.0,826.6,2.5,3.6,15.4,16.3,0.0,0.0,2019-05-18 00:46:58
2019-05-18 01:30:00,21.4,72.0,16.4,93.0,1013.7,826.3,0.0,1.1,15.3,16.4,0.0,0.0,2019-05-18 01:16:58
2019-05-18 02:00:00,21.3,72.0,16.5,93.0,1013.4,826.0,1.1,2.5,15.4,16.5,0.0,0.0,2019-05-18 01:46:58
2019-05-18 02:30:00,21.4,72.0,16.4,93.0,1013.1,825.7,0.0,1.1,15.3,16.4,0.0,0.0,2019-05-18 02:16:58
2019-05-18 03:00:00,21.3,72.0,16.3,94.0,1013.0,825.6,0.0,0.0,15.4,16.3,0.0,0.0,2019-05-18 02:46:58
2019-05-18 03:30:00,21.3,72.0,16.4,94.0,1013.0,825.6,2.5,3.6,15.5,16.4,0.0,0.0,2019-05-18 03:16:58
2019-05-18 04:00:00,21.2,72.0,16.4,94.0,1012.9,825.5,0.0,1.1,15.5,16.4,0.0,0.0,2019-05-18 03:46:58
2019-05-18 04:30:00,21.2,72.0,16.3,93.0,1012.8,825.4,0.0,1.1,15.2,16.3,0.0,0.0,2019-05-18 04:16:58
2019-05-18 05:00:00,21.1,72.0,16.0,93.0,1012.6,825.2,1.1,2.5,14.9,16.0,0.0,0.0,2019-05-18 04:46:58
2019-05-18 05:30:00,21.0,72.0,15.7,95.0,1012.3,824.9,0.0,0.0,14.9,15.7,0.0,0.0,2019-05-18 05:16:58
2019-05-18 06:00:00,20.9,73.0,15.5,96.0,1012.7,825.3,0.0,0.0,14.9,15.5,0.0,0.0,2019-05-18 05:46:58
2019-05-18 06:30:00,20.9,73.0,15.9,97.0,1013.0,825.6,0.0,1.1,15.4,15.9,0.0,7.5,2019-05-18 06:16:58
2019-05-18 07:00:00,20.9,73.0,15.8,96.0,1013.4,826.0,0.0,0.0,15.2,15.8,0.0,1505.2,2019-05-18 06:46:58
2019-05-18 07:30:00,20.9,73.0,16.2,96.0,1013.5,826.1,0.0,0.0,15.6,16.2,0.0,3218.0,2019-05-18 07:16:58
2019-05-18 08:00:00,20.9,74.0,17.3,93.0,1013.9,826.5,0.0,0.0,16.2,17.3,0.0,7556.0,2019-05-18 07:46:58
2019-05-18 08:30:00,21.0,73.0,17.9,90.0,1014.2,826.8,1.1,2.5,16.3,17.9,0.0,11494.6,2019-05-18 08:16:58
2019-05-18 09:00:00,21.2,74.0,19.0,86.0,1014.3,826.9,1.1,2.5,16.6,19.0,0.0,13252.4,2019-05-18 08:46:58
2019-05-18 09:30:00,21.4,75.0,19.8,82.0,1014.2,826.8,3.6,6.1,16.7,19.8,0.0,19009.9,2019-05-18 09:16:58
2019-05-18 10:00:00,21.6,75.0,20.9,78.0,1014.3,826.9,3.6,5.0,16.9,20.9,0.0,29453.3,2019-05-18 09:46:58
2019-05-18 10:30:00,22.2,72.0,22.7,66.0,1014.2,826.8,5.0,7.2,16.0,22.7,0.0,18732.6,2019-05-18 10:16:58
2019-05-18 11:00:00,22.6,71.0,21.6,70.0,1014.3,826.9,9.7,17.3,15.9,20.3,0.3,26327.8,2019-05-18 10:46:58
2019-05-18 11:30:00,22.9,70.0,21.0,75.0,1014.5,827.1,8.6,11.2,16.4,20.0,0.0,20645.5,2019-05-18 11:16:58
2019-05-18 12:00:00,22.9,71.0,20.7,81.0,1014.5,827.1,2.5,5.0,17.3,20.7,0.0,20377.6,2019-05-18 11:46:58
2019-05-18 12:30:00,22.5,72.0,19.4,83.0,1014.1,826.7,2.5,3.6,16.5,19.4,1.5,18361.3,2019-05-18 12:16:58
2019-05-18 13:00:00,22.5,72.0,20.4,81.0,1013.9,826.5,1.1,2.5,17.1,20.4,2.4,26144.5,2019-05-18 12:46:58
2019-05-18 13:30:00,22.8,71.0,21.0,71.0,1013.4,826.0,1.1,2.5,15.6,21.0,0.3,22821.6,2019-05-18 13:16:58
2019-05-18 14:00:00,22.8,71.0,22.4,71.0,1013.1,825.7,5.0,6.1,16.9,22.4,0.3,36334.1,2019-05-18 13:46:58
2019-05-18 14:30:00,23.0,68.0,23.4,62.0,1012.8,825.4,5.0,7.2,15.7,23.4,0.0,45931.5,2019-05-18 14:16:58
2019-05-18 15:00:00,23.6,67.0,23.5,60.0,1012.6,825.2,6.1,12.2,15.3,23.5,0.0,34458.8,2019-05-18 14:46:58
2019-05-18 15:30:00,23.8,63.0,23.7,58.0,1012.4,825.0,6.1,8.6,15.0,23.7,0.0,27888.2,2019-05-18 15:16:58
2019-05-18 16:00:00,23.9,63.0,23.3,57.0,1011.6,824.2,1.1,2.5,14.3,23.3,0.0,19423.5,2019-05-18 15:46:58
2019-05-18 16:30:00,24.0,62.0,22.3,62.0,1011.8,824.4,1.1,2.5,14.7,22.3,0.0,12049.2,2019-05-18 16:16:58
2019-05-18 17:00:00,23.9,64.0,22.1,68.0,1011.9,824.5,3.6,8.6,15.9,22.1,0.0,12011.6,2019-05-18 16:46:58
2019-05-18 17:30:00,23.8,66.0,22.3,68.0,1012.0,824.6,9.7,11.2,16.1,21.1,0.0,10987.0,2019-05-18 17:16:58
2019-05-18 18:00:00,23.6,67.0,20.5,80.0,1012.2,824.8,6.1,8.6,17.0,20.5,0.0,3548.0,2019-05-18 17:46:58
2019-05-18 18:30:00,23.3,69.0,19.3,88.0,1012.0,824.6,6.1,8.6,17.3,19.3,0.0,270.0,2019-05-18 18:16:58
2019-05-18 19:00:00,22.9,70.0,17.7,91.0,1012.7,825.3,3.6,5.0,16.2,17.7,1.2,0.0,2019-05-18 18:46:58
2019-05-18 19:30:00,22.6,72.0,17.1,94.0,1013.0,825.6,1.1,2.5,16.1,17.1,0.0,0.0,2019-05-18 19:16:58
2019-05-18 20:00:00,22.5,72.0,17.2,95.0,1013.2,825.8,0.0,0.0,16.4,17.2,0.3,0.0,2019-05-18 19:46:58
2019-05-18 20:30:00,22.3,73.0,17.1,95.0,1013.5,826.1,0.0,2.5,16.3,17.1,0.0,0.0,2019-05-18 20:16:58
2019-05-18 21:00:00,22.2,73.0,17.1,96.0,1013.9,826.5,1.1,2.5,16.5,17.1,0.0,0.0,2019-05-18 20:46:58
2019-05-18 21:30:00,22.1,73.0,17.0,96.0,1014.2,826.8,1.1,2.5,16.4,17.0,0.0,0.0,2019-05-18 21:16:58
2019-05-18 22:00:00,22.0,72.0,17.0,96.0,1014.7,827.3,0.0,0.0,16.4,17.0,0.3,0.0,2019-05-18 21:46:58
2019-05-18 22:30:00,22.0,73.0,17.0,95.0,1014.7,827.3,0.0,0.0,16.2,17.0,0.9,0.0,2019-05-18 22:16:58
2019-05-18 23:00:00,21.8,74.0,16.6,96.0,1014.8,827.4,0.0,0.0,16.0,16.6,2.7,0.0,2019-05-18 22:46:58
2019-05-18 23:30:00,21.8,74.0,16.6,97.0,1014.5,827.1,0.0,0.0,16.1,16.6,1.5,0.0,2019-05-18 23:16:58
2019-05-19 00:00:00,21.7,74.0,16.5,97.0,1014.6,827.2,0.0,1.1,16.0,16.5,3.0,0.0,2019-05-18 23:46:58
2019-05-19 00:30:00,21.6,74.0,16.4,98.0,1014.5,827.1,0.0,0.0,16.1,16.4,0.3,0.0,2019-05-19 00:16:58
2019-05-19 01:00:00,21.6,74.0,16.4,98.0,1014.2,826.8,0.0,0.0,16.1,16.4,0.3,0.0,2019-05-19 00:46:58
2019-05-19 01:30:00,21.5,74.0,16.3,98.0,1014.0,826.6,0.0,0.0,16.0,16.3,0.0,0.0,2019-05-19 01:16:58
2019-05-19 02:00:00,21.5,74.0,16.5,98.0,1013.9,826.5,0.0,0.0,16.2,16.5,0.0,0.0,2019-05-19 01:46:58
2019-05-19 02:30:00,21.5,74.0,16.5,98.0,1013.6,826.2,0.0,0.0,16.2,16.5,0.0,0.0,2019-05-19 02:16:58
2019-05-19 03:00:00,21.4,74.0,16.2,98.0,1013.4,826.0,2.5,3.6,15.9,16.2,0.3,0.0,2019-05-19 02:46:58
2019-05-19 03:30:00,21.4,74.0,16.1,98.0,1013.2,825.8,0.0,0.0,15.8,16.1,0.0,0.0,2019-05-19 03:16:58
2019-05-19 04:00:00,21.3,74.0,16.0,98.0,1013.2,825.8,0.0,0.0,15.7,16.0,0.0,0.0,2019-05-19 03:46:58
2019-05-19 04:30:00,21.3,74.0,16.0,98.0,1013.2,825.8,0.0,0.0,15.7,16.0,0.0,7.5,2019-05-19 04:16:58
2019-05-19 05:00:00,21.2,74.0,16.1,98.0,1013.5,826.1,0.0,0.0,15.8,16.1,0.0,0.0,2019-05-19 04:46:58
2019-05-19 05:30:00,21.2,74.0,15.9,99.0,1013.7,826.3,0.0,0.0,15.8,15.9,0.0,15.0,2019-05-19 05:16:58
2019-05-19 06:00:00,21.1,74.0,15.7,99.0,1013.8,826.4,0.0,0.0,15.6,15.7,0.0,0.0,2019-05-19 05:46:58
2019-05-19 06:30:00,21.1,74.0,15.9,99.0,1014.0,826.6,0.0,0.0,15.8,15.9,0.0,45.0,2019-05-19 06:16:58
2019-05-19 07:00:00,21.0,74.0,15.9,99.0,1013.9,826.5,0.0,0.0,15.8,15.9,0.0,1721.2,2019-05-19 06:46:58
2019-05-19 07:30:00,21.0,74.0,16.5,98.0,1014.3,826.9,0.0,0.0,16.2,16.5,0.0,7892.0,2019-05-19 07:16:58
2019-05-19 08:00:00,21.1,74.0,17.1,97.0,1014.7,827.3,2.5,5.0,16.6,17.1,0.0,11283.1,2019-05-19 07:46:58
2019-05-19 08:30:00,21.2,74.0,17.6,95.0,1015.1,827.7,1.1,2.5,16.8,17.6,0.0,12843.5,2019-05-19 08:16:58
2019-05-19 09:00:00,21.3,75.0,18.2,92.0,1015.3,827.9,1.1,2.5,16.9,18.2,0.0,17176.9,2019-05-19 08:46:58
2019-05-19 09:30:00,21.4,75.0,19.0,86.0,1015.5,828.1,3.6,6.1,16.6,19.0,0.0,15024.3,2019-05-19 09:16:58
2019-05-19 10:00:00,21.5,75.0,18.3,89.0,1015.6,828.2,7.2,11.2,16.5,17.6,0.0,17792.6,2019-05-19 09:46:58
2019-05-19 10:30:00,21.6,75.0,18.9,86.0,1015.7,828.3,5.0,7.2,16.5,18.9,0.0,27977.5,2019-05-19 10:16:58
2019-05-19 11:00:00,21.7,74.0,19.9,80.0,1015.7,828.3,6.1,8.6,16.4,19.9,0.0,33796.1,2019-05-19 10:46:58
2019-05-19 11:30:00,22.0,73.0,19.8,81.0,1015.8,828.4,7.2,9.7,16.5,19.2,0.0,25528.8,2019-05-19 11:16:58
2019-05-19 12:00:00,22.2,72.0,19.4,82.0,1015.7,828.3,5.0,8.6,16.3,19.4,0.0,18356.6,2019-05-19 11:46:58
2019-05-19 12:30:00,22.3,72.0,20.8,78.0,1015.3,827.9,1.1,2.5,16.8,20.8,0.0,35253.1,2019-05-19 12:16:58
2019-05-19 13:00:00,22.6,71.0,20.0,81.0,1015.2,827.8,7.2,11.2,16.7,19.4,0.0,13412.2,2019-05-19 12:46:58
2019-05-19 13:30:00,22.5,71.0,19.5,85.0,1014.8,827.4,7.2,11.2,16.9,18.8,0.0,46053.7,2019-05-19 13:16:58
2019-05-19 14:00:00,22.8,70.0,21.2,74.0,1014.4,827.0,6.1,7.2,16.4,21.2,0.0,32701.0,2019-05-19 13:46:58
2019-05-19 14:30:00,23.0,71.0,20.9,79.0,1013.8,826.4,8.6,12.2,17.1,19.8,0.0,27404.1,2019-05-19 14:16:58
2019-05-19 15:00:00,23.3,70.0,22.1,70.0,1013.4,826.0,8.6,11.2,16.4,21.2,0.0,37589.0,2019-05-19 14:46:58
2019-05-19 15:30:00,23.8,69.0,22.6,70.0,1013.3,825.9,9.7,14.8,16.9,21.4,0.0,36945.1,2019-05-19 15:16:58
2019-05-19 16:00:00,24.0,67.0,21.9,73.0,1013.1,825.7,7.2,13.3,16.9,21.4,0.0,39097.7,2019-05-19 15:46:58
2019-05-19 16:30:00,23.9,67.0,20.8,76.0,1012.8,825.4,6.1,8.6,16.4,20.8,0.0,9320.0,2019-05-19 16:16:58
2019-05-19 17:00:00,23.7,68.0,20.2,80.0,1012.8,825.4,5.0,7.2,16.7,20.2,0.0,10352.5,2019-05-19 16:46:58
2019-05-19 17:30:00,23.3,69.0,20.3,78.0,1012.4,825.0,2.5,5.0,16.4,20.3,0.0,7148.0,2019-05-19 17:16:58
2019-05-19 18:00:00,23.0,69.0,19.3,82.0,1013.0,825.6,6.1,8.6,16.2,19.3,0.0,4016.0,2019-05-19 17:46:58
2019-05-19 18:30:00,22.8,69.0,18.8,87.0,1013.2,825.8,7.2,8.6,16.6,18.1,0.0,661.5,2019-05-19 18:16:58
2019-05-19 19:00:00,22.6,70.0,18.1,91.0,1013.7,826.3,6.1,11.2,16.6,18.1,0.0,0.0,2019-05-19 18:46:58
2019-05-19 19:30:00,22.5,70.0,17.4,91.0,1014.2,826.8,7.2,9.7,15.9,16.6,0.0,0.0,2019-05-19 19:16:58
2019-05-19 20:00:00,22.2,71.0,16.2,93.0,1014.6,827.2,1.1,2.5,15.1,16.2,4.2,0.0,2019-05-19 19:46:58
2019-05-19 20:30:00,22.0,71.0,15.9,95.0,1014.9,827.5,1.1,3.6,15.1,15.9,0.3,0.0,2019-05-19 20:16:58
2019-05-19 21:00:00,21.8,71.0,15.9,96.0,1015.1,827.7,1.1,2.5,15.3,15.9,0.6,0.0,2019-05-19 20:46:58
2019-05-19 21:30:00,21.7,71.0,15.7,96.0,1015.2,827.8,1.1,2.5,15.1,15.7,0.3,0.0,2019-05-19 21:16:58
2019-05-19 22:00:00,21.6,70.0,15.7,97.0,1015.4,828.0,0.0,2.5,15.2,15.7,0.3,0.0,2019-05-19 21:46:58
2019-05-19 22:30:00,21.6,70.0,15.7,96.0,1015.6,828.2,1.1,2.5,15.1,15.7,0.0,0.0,2019-05-19 22:16:58
2019-05-19 23:00:00,21.5,70.0,15.8,97.0,1015.6,828.2,0.0,0.0,15.3,15.8,0.0,0.0,2019-05-19 22:46:58
2019-05-19 23:30:00,21.4,71.0,15.8,96.0,1015.8,828.4,1.1,2.5,15.2,15.8,0.0,0.0,2019-05-19 23:16:58
2019-05-20 00:00:00,21.3,71.0,15.9,96.0,1015.3,827.9,0.0,1.1,15.3,15.9,0.0,0.0,2019-05-19 23:46:58
2019-05-20 00:30:00,21.2,71.0,16.0,93.0,1015.0,827.6,1.1,3.6,14.9,16.0,0.0,0.0,2019-05-20 00:16:58
2019-05-20 01:00:00,21.1,71.0,15.8,93.0,1014.9,827.5,5.0,6.1,14.7,15.8,0.0,0.0,2019-05-20 00:46:58
2019-05-20 01:30:00,21.1,71.0,15.6,94.0,1014.5,827.1,2.5,3.6,14.7,15.6,0.3,0.0,2019-05-20 01:16:58
2019-05-20 02:00:00,21.0,71.0,15.4,95.0,1014.0,826.6,1.1,2.5,14.6,15.4,0.3,0.0,2019-05-20 01:46:58
2019-05-20 02:30:00,20.9,72.0,15.6,94.0,1013.7,826.3,5.0,7.2,14.7,15.6,0.0,0.0,2019-05-20 02:16:58
2019-05-20 03:00:00,20.8,72.0,15.6,93.0,1013.8,826.4,2.5,3.6,14.5,15.6,0.0,0.0,2019-05-20 02:46:58
2019-05-20 03:30:00,20.8,71.0,15.7,93.0,1013.7,826.3,3.6,7.2,14.6,15.7,0.0,0.0,2019-05-20 03:16:58
2019-05-20 04:00:00,20.7,71.0,15.8,92.0,1013.5,826.1,1.1,2.5,14.5,15.8,0.0,0.0,2019-05-20 03:46:58
2019-05-20 04:30:00,20.7,72.0,15.7,92.0,1013.4,826.0,6.1,8.6,14.4,15.7,0.0,0.0,2019-05-20 04:16:58
2019-05-20 05:00:00,20.7,72.0,15.5,93.0,1013.2,825.8,5.0,6.1,14.4,15.5,0.0,0.0,2019-05-20 04:46:58
2019-05-20 05:30:00,20.6,72.0,15.8,91.0,1013.2,825.8,1.1,3.6,14.4,15.8,0.0,0.0,2019-05-20 05:16:58
2019-05-20 06:00:00,20.5,72.0,15.7,91.0,1013.4,826.0,2.5,5.0,14.3,15.7,0.0,0.0,2019-05-20 05:46:58
2019-05-20 06:30:00,20.5,72.0,15.8,90.0,1013.6,826.2,2.5,3.6,14.2,15.8,0.0,247.5,2019-05-20 06:16:58
2019-05-20 07:00:00,20.5,72.0,16.1,90.0,1013.8,826.4,2.5,2.5,14.5,16.1,0.0,3674.0,2019-05-20 06:46:58
2019-05-20 07:30:00,20.5,72.0,16.5,90.0,1014.3,826.9,1.1,2.5,14.9,16.5,0.0,4502.0,2019-05-20 07:16:58
2019-05-20 08:00:00,20.6,72.0,17.3,89.0,1014.4,827.0,0.0,0.0,15.5,17.3,0.0,4946.0,2019-05-20 07:46:58
2019-05-20 08:30:00,20.7,73.0,18.0,88.0,1014.7,827.3,0.0,2.5,16.0,18.0,0.0,15052.5,2019-05-20 08:16:58
2019-05-20 09:00:00,20.9,74.0,20.8,76.0,1014.6,827.2,2.5,3.6,16.4,20.8,0.0,23597.1,2019-05-20 08:46:58
2019-05-20 09:30:00,21.1,72.0,21.2,74.0,1014.8,827.4,1.1,2.5,16.4,21.2,0.0,23846.2,2019-05-20 09:16:58
2019-05-20 10:00:00,21.3,72.0,21.6,71.0,1014.9,827.5,5.0,7.2,16.1,21.6,0.0,28828.2,2019-05-20 09:46:58
2019-05-20 10:30:00,21.5,72.0,21.2,74.0,1014.9,827.5,2.5,3.6,16.4,21.2,0.0,23879.1,2019-05-20 10:16:58
2019-05-20 11:00:00,21.8,72.0,21.4,75.0,1014.6,827.2,3.6,5.0,16.8,21.4,0.0,19024.0,2019-05-20 10:46:58
2019-05-20 11:30:00,21.9,72.0,21.2,75.0,1014.8,827.4,3.6,6.1,16.6,21.2,0.0,24602.9,2019-05-20 11:16:58
2019-05-20 12:00:00,22.1,72.0,22.5,69.0,1014.7,827.3,3.6,6.1,16.6,22.5,0.0,48850.2,2019-05-20 11:46:58
2019-05-20 12:30:00,22.5,71.0,24.5,63.0,1014.3,826.9,7.2,9.7,17.0,24.1,0.0,48121.7,2019-05-20 12:16:58
2019-05-20 13:00:00,23.7,70.0,24.3,65.0,1014.2,826.8,3.6,6.1,17.3,24.3,0.0,34440.0,2019-05-20 12:46:58
2019-05-20 13:30:00,23.9,71.0,24.6,67.0,1014.0,826.6,9.7,13.3,18.1,23.7,0.0,83954.5,2019-05-20 13:16:58
2019-05-20 14:00:00,24.3,70.0,24.9,65.0,1013.4,826.0,8.6,12.2,17.9,24.2,0.0,41992.9,2019-05-20 13:46:58
2019-05-20 14:30:00,24.5,69.0,22.4,67.0,1013.5,826.1,6.1,8.6,16.0,22.4,0.0,16142.9,2019-05-20 14:16:58
2019-05-20 15:00:00,23.9,69.0,21.4,73.0,1012.7,825.3,1.1,3.6,16.4,21.4,0.0,14328.7,2019-05-20 14:46:58
2019-05-20 15:30:00,23.7,69.0,22.5,69.0,1012.6,825.2,2.5,3.6,16.6,22.5,0.0,46645.9,2019-05-20 15:16:58
2019-05-20 16:00:00,24.0,68.0,24.2,62.0,1012.3,824.9,8.6,9.7,16.5,23.4,0.0,21016.8,2019-05-20 15:46:58
2019-05-20 16:30:00,24.2,66.0,21.9,69.0,1012.4,825.0,7.2,12.2,16.0,21.4,0.0,11880.0,2019-05-20 16:16:58
2019-05-20 17:00:00,23.8,66.0,18.4,80.0,1012.5,825.1,3.6,7.2,14.9,18.4,1.8,2258.0,2019-05-20 16:46:58
2019-05-20 17:30:00,22.9,68.0,16.5,89.0,1012.4,825.0,2.5,3.6,14.7,16.5,4.8,1296.0,2019-05-20 17:16:58
2019-05-20 18:00:00,22.5,69.0,16.5,92.0,1012.4,825.0,1.1,2.5,15.2,16.5,5.1,1073.2,2019-05-20 17:46:58
2019-05-20 18:30:00,22.3,69.0,16.6,94.0,1012.8,825.4,2.5,5.0,15.7,16.6,0.3,622.5,2019-05-20 18:16:58
2019-05-20 19:00:00,22.1,70.0,16.4,94.0,1013.4,826.0,0.0,1.1,15.5,16.4,0.3,0.0,2019-05-20 18:46:58
2019-05-20 19:30:00,22.0,70.0,16.7,94.0,1013.6,826.2,0.0,2.5,15.7,16.7,0.0,0.0,2019-05-20 19:16:58
2019-05-20 20:00:00,22.0,70.0,16.9,95.0,1013.9,826.5,1.1,3.6,16.1,16.9,0.0,0.0,2019-05-20 19:46:58
2019-05-20 20:30:00,21.8,72.0,16.9,95.0,1014.0,826.6,1.1,2.5,16.1,16.9,0.0,0.0,2019-05-20 20:16:58
2019-05-20 21:00:00,21.8,72.0,16.7,95.0,1014.4,827.0,0.0,0.0,15.9,16.7,0.0,0.0,2019-05-20 20:46:58
2019-05-20 21:30:00,21.7,73.0,16.7,95.0,1014.8,827.4,0.0,1.1,15.9,16.7,0.0,0.0,2019-05-20 21:16:58
2019-05-20 22:00:00,21.6,73.0,16.7,95.0,1014.8,827.4,0.0,0.0,15.9,16.7,0.0,0.0,2019-05-20 21:46:58
2019-05-20 22:30:00,21.6,73.0,16.7,96.0,1014.8,827.4,0.0,1.1,16.1,16.7,0.0,0.0,2019-05-20 22:16:58
2019-05-20 23:00:00,21.5,73.0,16.6,96.0,1014.6,827.2,1.1,2.5,16.0,16.6,0.0,0.0,2019-05-20 22:46:58
2019-05-20 23:30:00,21.4,73.0,16.5,96.0,1014.9,827.5,0.0,1.1,15.9,16.5,0.0,0.0,2019-05-20 23:16:58
2019-05-21 00:00:00,21.3,73.0,16.3,95.0,1014.6,827.2,2.5,3.6,15.5,16.3,0.0,0.0,2019-05-20 23:46:58
2019-05-21 00:30:00,21.2,73.0,16.3,95.0,1014.6,827.2,1.1,2.5,15.5,16.3,0.0,0.0,2019-05-21 00:16:58
2019-05-21 01:00:00,21.2,72.0,16.5,94.0,1014.2,826.8,6.1,8.6,15.6,16.5,0.0,0.0,2019-05-21 00:46:58
2019-05-21 01:30:00,21.2,73.0,16.4,94.0,1014.1,826.7,0.0,2.5,15.5,16.4,0.0,0.0,2019-05-21 01:16:58
2019-05-21 02:00:00,21.1,73.0,16.3,95.0,1013.9,826.5,1.1,2.5,15.5,16.3,0.0,0.0,2019-05-21 01:46:58
2019-05-21 02:30:00,21.1,73.0,16.6,93.0,1013.8,826.4,1.1,2.5,15.5,16.6,0.0,0.0,2019-05-21 02:16:58
2019-05-21 03:00:00,21.0,73.0,16.2,92.0,1013.6,826.2,1.1,2.5,14.9,16.2,0.0,0.0,2019-05-21 02:46:58
2019-05-21 03:30:00,20.9,73.0,16.1,91.0,1013.4,826.0,1.1,2.5,14.6,16.1,0.0,0.0,2019-05-21 03:16:58
2019-05-21 04:00:00,20.9,73.0,16.0,93.0,1013.2,825.8,1.1,2.5,14.9,16.0,0.0,0.0,2019-05-21 03:46:58
2019-05-21 04:30:00,20.8,73.0,16.0,93.0,1013.1,825.7,2.5,3.6,14.9,16.0,0.0,0.0,2019-05-21 04:16:58
2019-05-21 05:00:00,20.7,73.0,15.9,93.0,1013.1,825.7,1.1,3.6,14.8,15.9,0.0,0.0,2019-05-21 04:46:58
2019-05-21 05:30:00,20.7,73.0,15.5,93.0,1013.3,825.9,1.1,2.5,14.4,15.5,0.0,0.0,2019-05-21 05:16:58
2019-05-21 06:00:00,20.5,72.0,15.6,93.0,1013.4,826.0,2.5,3.6,14.5,15.6,0.0,0.0,2019-05-21 05:46:58
2019-05-21 06:30:00,20.5,72.0,15.4,92.0,1013.4,826.0,0.0,1.1,14.1,15.4,0.0,112.5,2019-05-21 06:16:58
2019-05-21 07:00:00,20.4,72.0,15.7,92.0,1013.6,826.2,1.1,2.5,14.4,15.7,0.0,2630.0,2019-05-21 06:46:58
2019-05-21 07:30:00,20.4,72.0,17.0,89.0,1013.9,826.5,0.0,1.1,15.2,17.0,0.0,11344.2,2019-05-21 07:16:58
2019-05-21 08:00:00,20.6,73.0,22.3,69.0,1014.2,826.8,1.1,3.6,16.4,22.3,0.0,16401.4,2019-05-21 07:46:58
2019-05-21 08:30:00,20.7,73.0,21.4,70.0,1014.6,827.2,6.1,7.2,15.7,21.4,0.0,21411.6,2019-05-21 08:16:58
2019-05-21 09:00:00,21.1,72.0,20.1,75.0,1014.7,827.3,1.1,2.5,15.6,20.1,0.0,21463.3,2019-05-21 08:46:58
2019-05-21 09:30:00,21.4,72.0,20.3,78.0,1014.7,827.3,2.5,5.0,16.4,20.3,0.0,19404.7,2019-05-21 09:16:58
2019-05-21 10:00:00,21.7,73.0,20.0,80.0,1015.1,827.7,1.1,3.6,16.5,20.0,0.0,17148.7,2019-05-21 09:46:58
2019-05-21 10:30:00,21.9,74.0,20.2,81.0,1015.0,827.6,1.1,3.6,16.9,20.2,0.0,21383.4,2019-05-21 10:16:58
2019-05-21 11:00:00,22.2,73.0,22.3,71.0,1014.8,827.4,7.2,9.7,16.8,21.8,0.3,47374.4,2019-05-21 10:46:58
2019-05-21 11:30:00,23.0,72.0,23.7,65.0,1014.6,827.2,3.6,6.1,16.8,23.7,0.0,69784.0,2019-05-21 11:16:58
2019-05-21 12:00:00,23.8,70.0,23.0,67.0,1014.7,827.3,7.2,12.2,16.6,22.5,0.0,65206.2,2019-05-21 11:46:58
2019-05-21 12:30:00,24.1,66.0,22.5,66.0,1014.8,827.4,7.2,11.2,15.9,22.0,0.0,29970.3,2019-05-21 12:16:58
2019-05-21 13:00:00,24.0,65.0,22.2,66.0,1014.4,827.0,6.1,9.7,15.6,22.2,0.0,27977.5,2019-05-21 12:46:58
2019-05-21 13:30:00,24.1,64.0,22.4,73.0,1014.3,826.9,2.5,3.6,17.3,22.4,0.0,56600.5,2019-05-21 13:16:58
2019-05-21 14:00:00,24.1,66.0,23.7,64.0,1013.6,826.2,2.5,5.0,16.5,23.7,0.0,23160.0,2019-05-21 13:46:58
2019-05-21 14:30:00,24.0,66.0,23.7,68.0,1012.9,825.5,1.1,3.6,17.5,23.7,0.3,40390.2,2019-05-21 14:16:58
2019-05-21 15:00:00,24.0,67.0,24.2,66.0,1012.5,825.1,3.6,6.1,17.5,24.2,0.3,67269.5,2019-05-21 14:46:58
2019-05-21 15:30:00,24.3,67.0,23.6,64.0,1012.2,824.8,6.1,7.2,16.4,23.6,0.0,18032.3,2019-05-21 15:16:58
2019-05-21 16:00:00,24.6,64.0,24.1,61.0,1011.7,824.3,3.6,7.2,16.1,24.1,0.0,15964.3,2019-05-21 15:46:58
2019-05-21 16:30:00,24.7,65.0,23.3,67.0,1011.9,824.5,7.2,9.7,16.9,22.8,0.0,7274.0,2019-05-21 16:16:58
2019-05-21 17:00:00,24.7,66.0,22.1,72.0,1011.8,824.4,1.1,3.6,16.8,22.1,0.3,3890.0,2019-05-21 16:46:58
2019-05-21 17:30:00,24.3,69.0,19.5,86.0,1012.3,824.9,1.1,3.6,17.1,19.5,1.2,1758.0,2019-05-21 17:16:58
2019-05-21 18:00:00,24.1,71.0,18.8,92.0,1012.3,824.9,1.1,2.5,17.5,18.8,2.4,3296.0,2019-05-21 17:46:58
2019-05-21 18:30:00,23.9,72.0,18.5,91.0,1012.6,825.2,1.1,3.6,17.0,18.5,0.0,1005.7,2019-05-21 18:16:58
2019-05-21 19:00:00,23.3,71.0,17.8,90.0,1012.8,825.4,0.0,2.5,16.2,17.8,0.0,0.0,2019-05-21 18:46:58
2019-05-21 19:30:00,22.8,69.0,17.1,89.0,1013.0,825.6,0.0,2.5,15.3,17.1,0.0,0.0,2019-05-21 19:16:58
2019-05-21 20:00:00,22.5,68.0,17.6,85.0,1013.2,825.8,3.6,5.0,15.1,17.6,0.0,0.0,2019-05-21 19:46:58
2019-05-21 20:30:00,22.3,69.0,17.5,89.0,1013.6,826.2,0.0,1.1,15.7,17.5,0.0,0.0,2019-05-21 20:16:58
2019-05-21 21:00:00,22.2,70.0,17.4,90.0,1013.2,825.8,1.1,2.5,15.8,17.4,0.0,0.0,2019-05-21 20:46:58
2019-05-21 21:30:00,22.1,70.0,17.4,88.0,1013.0,825.6,5.0,6.1,15.4,17.4,0.0,0.0,2019-05-21 21:16:58
2019-05-21 22:00:00,22.1,70.0,17.6,88.0,1013.3,825.9,2.5,3.6,15.6,17.6,0.0,0.0,2019-05-21 21:46:58
2019-05-21 22:30:00,22.0,70.0,17.4,87.0,1013.8,826.4,1.1,2.5,15.2,17.4,0.0,0.0,2019-05-21 22:16:58
2019-05-21 23:00:00,21.9,71.0,17.2,89.0,1014.0,826.6,0.0,2.5,15.4,17.2,0.0,0.0,2019-05-21 22:46:58
2019-05-21 23:30:00,21.8,71.0,17.2,89.0,1014.2,826.8,1.1,3.6,15.4,17.2,0.0,0.0,2019-05-21 23:16:58
2019-05-22 00:00:00,21.7,71.0,18.0,85.0,1014.2,826.8,5.0,7.2,15.5,18.0,0.0,0.0,2019-05-21 23:46:58
2019-05-22 00:30:00,21.7,71.0,17.7,86.0,1014.2,826.8,2.5,3.6,15.3,17.7,0.0,0.0,2019-05-22 00:16:58
2019-05-22 01:00:00,21.5,71.0,17.1,89.0,1013.9,826.5,0.0,1.1,15.3,17.1,0.0,0.0,2019-05-22 00:46:58
2019-05-22 01:30:00,21.5,72.0,16.9,93.0,1014.1,826.7,2.5,3.6,15.8,16.9,0.0,0.0,2019-05-22 01:16:58
2019-05-22 02:00:00,21.4,72.0,17.0,92.0,1013.9,826.5,0.0,1.1,15.7,17.0,0.0,0.0,2019-05-22 01:46:58
2019-05-22 02:30:00,21.4,72.0,17.0,91.0,1013.6,826.2,2.5,3.6,15.5,17.0,0.0,0.0,2019-05-22 02:16:58
2019-05-22 03:00:00,21.3,72.0,17.0,91.0,1013.3,825.9,2.5,3.6,15.5,17.0,0.0,0.0,2019-05-22 02:46:58
2019-05-22 03:30:00,21.3,72.0,17.2,90.0,1013.0,825.6,5.0,7.2,15.6,17.2,0.0,0.0,2019-05-22 03:16:58
2019-05-22 04:00:00,21.3,72.0,17.5,88.0,1012.9,825.5,0.0,0.0,15.5,17.5,0.0,0.0,2019-05-22 03:46:58
2019-05-22 04:30:00,21.2,72.0,17.5,90.0,1013.1,825.7,3.6,7.2,15.9,17.5,0.0,0.0,2019-05-22 04:16:58
2019-05-22 05:00:00,21.2,72.0,17.3,90.0,1013.2,825.8,0.0,1.1,15.7,17.3,0.0,0.0,2019-05-22 04:46:58
2019-05-22 05:30:00,21.2,73.0,17.1,91.0,1013.3,825.9,1.1,2.5,15.6,17.1,0.0,0.0,2019-05-22 05:16:58
2019-05-22 06:00:00,21.1,73.0,16.5,92.0,1013.4,826.0,2.5,3.6,15.2,16.5,0.0,0.0,2019-05-22 05:46:58
2019-05-22 06:30:00,21.0,73.0,16.6,94.0,1013.8,826.4,3.6,6.1,15.7,16.6,0.0,172.5,2019-05-22 06:16:58
2019-05-22 07:00:00,20.9,74.0,16.6,93.0,1013.9,826.5,1.1,3.6,15.5,16.6,0.0,2618.0,2019-05-22 06:46:58
2019-05-22 07:30:00,20.9,74.0,17.1,91.0,1014.0,826.6,1.1,2.5,15.6,17.1,0.0,5084.0,2019-05-22 07:16:58
2019-05-22 08:00:00,20.9,74.0,17.8,88.0,1014.4,827.0,1.1,2.5,15.8,17.8,0.0,6548.0,2019-05-22 07:46:58
2019-05-22 08:30:00,21.0,74.0,18.9,85.0,1014.4,827.0,0.0,0.0,16.3,18.9,0.0,12509.8,2019-05-22 08:16:58
2019-05-22 09:00:00,21.1,75.0,19.9,82.0,1015.0,827.6,2.5,3.6,16.8,19.9,0.0,19949.9,2019-05-22 08:46:58
2019-05-22 09:30:00,21.5,74.0,22.1,69.0,1014.9,827.5,3.6,8.6,16.2,22.1,0.0,30665.9,2019-05-22 09:16:58
2019-05-22 10:00:00,22.0,72.0,22.1,70.0,1015.3,827.9,5.0,5.0,16.4,22.1,0.0,26041.1,2019-05-22 09:46:58
2019-05-22 10:30:00,22.5,72.0,23.8,65.0,1015.2,827.8,5.0,6.1,16.9,23.8,0.0,49104.0,2019-05-22 10:16:58
2019-05-22 11:00:00,23.3,71.0,24.2,62.0,1014.7,827.3,6.1,8.6,16.5,24.2,0.0,32837.3,2019-05-22 10:46:58
2019-05-22 11:30:00,24.1,68.0,23.2,67.0,1014.9,827.5,7.2,9.7,16.8,22.7,0.0,23977.8,2019-05-22 11:16:58
2019-05-22 12:00:00,24.2,68.0,24.8,64.0,1014.6,827.2,2.5,5.0,17.6,24.8,0.0,26285.5,2019-05-22 11:46:58
2019-05-22 12:30:00,24.3,68.0,22.4,71.0,1014.5,827.1,3.6,7.2,16.9,22.4,0.0,19512.8,2019-05-22 12:16:58
2019-05-22 13:00:00,24.2,69.0,22.6,70.0,1014.5,827.1,5.0,6.1,16.9,22.6,0.0,20763.0,2019-05-22 12:46:58
2019-05-22 13:30:00,24.2,68.0,24.6,64.0,1014.4,827.0,2.5,3.6,17.4,24.6,0.0,36808.8,2019-05-22 13:16:58
2019-05-22 14:00:00,24.5,67.0,24.2,66.0,1013.9,826.5,7.2,9.7,17.5,23.8,0.0,23747.5,2019-05-22 13:46:58
2019-05-22 14:30:00,24.5,68.0,21.8,77.0,1013.6,826.2,5.0,9.7,17.6,21.8,0.0,8372.0,2019-05-22 14:16:58
2019-05-22 15:00:00,24.1,70.0,22.9,73.0,1012.8,825.4,3.6,7.2,17.8,22.9,0.0,17195.7,2019-05-22 14:46:58
2019-05-22 15:30:00,24.2,71.0,22.6,72.0,1012.7,825.3,1.1,2.5,17.3,22.6,0.0,11062.2,2019-05-22 15:16:58
2019-05-22 16:00:00,24.2,71.0,22.8,72.0,1011.9,824.5,1.1,2.5,17.5,22.8,0.0,11588.6,2019-05-22 15:46:58
2019-05-22 16:30:00,24.4,69.0,23.1,72.0,1011.7,824.3,2.5,3.6,17.8,23.1,0.0,12439.3,2019-05-22 16:16:58
2019-05-22 17:00:00,24.4,69.0,22.3,71.0,1011.9,824.5,1.1,2.5,16.8,22.3,0.0,9866.0,2019-05-22 16:46:58
2019-05-22 17:30:00,24.3,70.0,21.7,75.0,1012.1,824.7,0.0,1.1,17.1,21.7,0.0,3416.0,2019-05-22 17:16:58
2019-05-22 18:00:00,24.3,69.0,21.3,71.0,1012.2,824.8,3.6,5.0,15.9,21.3,0.0,3878.0,2019-05-22 17:46:58
2019-05-22 18:30:00,24.2,68.0,20.9,76.0,1012.5,825.1,2.5,5.0,16.5,20.9,0.0,891.0,2019-05-22 18:16:58
2019-05-22 19:00:00,24.0,66.0,20.0,78.0,1013.0,825.6,2.5,3.6,16.1,20.0,0.0,0.0,2019-05-22 18:46:58
2019-05-22 19:30:00,23.8,67.0,19.7,81.0,1012.9,825.5,2.5,3.6,16.4,19.7,0.0,0.0,2019-05-22 19:16:58
2019-05-22 20:00:00,23.4,68.0,18.7,85.0,1013.3,825.9,1.1,2.5,16.1,18.7,0.0,0.0,2019-05-22 19:46:58
2019-05-22 20:30:00,22.9,69.0,18.4,87.0,1013.5,826.1,1.1,2.5,16.2,18.4,0.0,0.0,2019-05-22 20:16:58
2019-05-22 21:00:00,22.8,69.0,18.3,87.0,1013.9,826.5,1.1,2.5,16.1,18.3,0.0,0.0,2019-05-22 20:46:58
2019-05-22 21:30:00,22.6,69.0,18.2,88.0,1014.0,826.6,2.5,3.6,16.2,18.2,0.0,0.0,2019-05-22 21:16:58
2019-05-22 22:00:00,22.5,69.0,18.3,87.0,1014.1,826.7,0.0,2.5,16.1,18.3,0.0,0.0,2019-05-22 21:46:58
2019-05-22 22:30:00,22.4,70.0,18.1,88.0,1014.3,826.9,8.6,12.2,16.1,16.8,0.0,0.0,2019-05-22 22:16:58
2019-05-22 23:00:00,22.3,69.0,17.7,88.0,1014.7,827.3,6.1,8.6,15.7,17.7,0.0,0.0,2019-05-22 22:46:58
2019-05-22 23:30:00,22.2,69.0,17.5,89.0,1014.7,827.3,0.0,1.1,15.7,17.5,0.0,0.0,2019-05-22 23:16:58
2019-05-23 00:00:00,22.1,70.0,17.0,92.0,1014.9,827.5,2.5,3.6,15.7,17.0,1.8,0.0,2019-05-22 23:46:58
2019-05-23 00:30:00,22.1,71.0,16.6,94.0,1015.0,827.6,1.1,2.5,15.7,16.6,3.9,0.0,2019-05-23 00:16:58
2019-05-23 01:00:00,22.0,72.0,16.5,96.0,1014.6,827.2,1.1,2.5,15.9,16.5,4.2,0.0,2019-05-23 00:46:58
2019-05-23 01:30:00,22.0,72.0,16.5,97.0,1014.5,827.1,1.1,3.6,16.0,16.5,0.0,0.0,2019-05-23 01:16:58
2019-05-23 02:00:00,21.9,72.0,16.4,97.0,1014.0,826.6,2.5,3.6,15.9,16.4,0.9,0.0,2019-05-23 01:46:58
2019-05-23 02:30:00,21.8,73.0,16.4,97.0,1013.8,826.4,0.0,1.1,15.9,16.4,3.9,0.0,2019-05-23 02:16:58
2019-05-23 03:00:00,21.7,73.0,16.3,98.0,1013.5,826.1,0.0,1.1,16.0,16.3,4.5,0.0,2019-05-23 02:46:58
2019-05-23 03:30:00,21.6,73.0,16.3,97.0,1013.2,825.8,0.0,0.0,15.8,16.3,0.0,0.0,2019-05-23 03:16:58
2019-05-23 04:00:00,21.6,73.0,16.3,97.0,1013.0,825.6,2.5,5.0,15.8,16.3,0.3,0.0,2019-05-23 03:46:58
2019-05-23 04:30:00,21.5,72.0,16.3,96.0,1013.0,825.6,5.0,9.7,15.7,16.3,0.0,0.0,2019-05-23 04:16:58
2019-05-23 05:00:00,21.4,73.0,16.3,98.0,1013.1,825.7,5.0,7.2,16.0,16.3,0.0,0.0,2019-05-23 04:46:58
2019-05-23 05:30:00,21.3,73.0,16.2,98.0,1013.3,825.9,3.6,6.1,15.9,16.2,0.0,0.0,2019-05-23 05:16:58
2019-05-23 06:00:00,21.3,73.0,16.3,98.0,1013.6,826.2,1.1,3.6,16.0,16.3,0.0,7.5,2019-05-23 05:46:58
2019-05-23 06:30:00,21.2,73.0,16.3,97.0,1013.7,826.3,2.5,3.6,15.8,16.3,0.0,15.0,2019-05-23 06:16:58
2019-05-23 07:00:00,21.2,73.0,16.4,96.0,1013.9,826.5,2.5,3.6,15.8,16.4,0.0,1066.5,2019-05-23 06:46:58
2019-05-23 07:30:00,21.2,73.0,16.6,95.0,1014.5,827.1,1.1,3.6,15.8,16.6,0.0,5990.0,2019-05-23 07:16:58
2019-05-23 08:00:00,21.2,73.0,17.4,93.0,1014.7,827.3,2.5,3.6,16.3,17.4,0.0,11363.0,2019-05-23 07:46:58
2019-05-23 08:30:00,21.4,74.0,19.1,86.0,1015.4,828.0,0.0,1.1,16.7,19.1,0.0,10827.2,2019-05-23 08:16:58
2019-05-23 09:00:00,21.6,76.0,19.4,87.0,1015.6,828.2,1.1,3.6,17.2,19.4,0.0,15564.8,2019-05-23 08:46:58
2019-05-23 09:30:00,22.0,75.0,18.9,89.0,1015.9,828.5,3.6,6.1,17.1,18.9,0.0,16486.0,2019-05-23 09:16:58
2019-05-23 10:00:00,22.2,75.0,19.6,86.0,1016.0,828.6,2.5,5.0,17.2,19.6,0.0,20739.5,2019-05-23 09:46:58
2019-05-23 10:30:00,22.2,72.0,18.5,86.0,1016.1,828.7,3.6,6.1,16.1,18.5,0.0,12326.5,2019-05-23 10:16:58
2019-05-23 11:00:00,22.4,72.0,19.9,85.0,1016.2,828.8,2.5,3.6,17.3,19.9,0.0,12542.7,2019-05-23 10:46:58
2019-05-23 11:30:00,22.5,74.0,19.6,91.0,1015.9,828.5,2.5,5.0,18.1,19.6,0.0,27155.0,2019-05-23 11:16:58
2019-05-23 12:00:00,22.6,75.0,18.9,91.0,1015.8,828.4,6.1,7.2,17.4,18.9,0.0,7958.0,2019-05-23 11:46:58
2019-05-23 12:30:00,22.6,73.0,18.3,92.0,1015.8,828.4,2.5,3.6,17.0,18.3,0.6,8792.0,2019-05-23 12:16:58
2019-05-23 13:00:00,22.6,73.0,18.1,93.0,1015.4,828.0,1.1,2.5,17.0,18.1,1.2,10907.1,2019-05-23 12:46:58
2019-05-23 13:30:00,22.6,73.0,17.6,93.0,1015.0,827.6,3.6,5.0,16.5,17.6,0.6,9704.0,2019-05-23 13:16:58
2019-05-23 14:00:00,22.5,73.0,17.4,95.0,1014.7,827.3,2.5,3.6,16.6,17.4,1.2,5528.0,2019-05-23 13:46:58
2019-05-23 14:30:00,22.3,74.0,17.6,95.0,1014.4,827.0,0.0,1.1,16.8,17.6,1.5,7178.0,2019-05-23 14:16:58
2019-05-23 15:00:00,22.1,75.0,17.7,95.0,1014.1,826.7,1.1,2.5,16.9,17.7,2.7,9578.0,2019-05-23 14:46:58
2019-05-23 15:30:00,22.2,75.0,17.8,93.0,1013.6,826.2,1.1,2.5,16.7,17.8,0.9,12998.6,2019-05-23 15:16:58
2019-05-23 16:00:00,22.4,73.0,18.6,92.0,1013.6,826.2,1.1,2.5,17.3,18.6,1.2,17176.9,2019-05-23 15:46:58
2019-05-23 16:30:00,22.5,70.0,18.6,86.0,1013.4,826.0,1.1,2.5,16.2,18.6,0.0,11771.9,2019-05-23 16:16:58
2019-05-23 17:00:00,22.6,70.0,19.4,85.0,1013.5,826.1,1.1,2.5,16.8,19.4,0.0,15193.5,2019-05-23 16:46:58
2019-05-23 17:30:00,22.8,71.0,19.4,86.0,1013.5,826.1,1.1,2.5,17.0,19.4,0.0,9848.0,2019-05-23 17:16:58
2019-05-23 18:00:00,22.9,72.0,18.9,86.0,1013.7,826.3,1.1,2.5,16.5,18.9,0.0,6128.0,2019-05-23 17:46:58
2019-05-23 18:30:00,22.9,71.0,18.0,87.0,1013.7,826.3,2.5,5.0,15.8,18.0,0.0,2882.0,2019-05-23 18:16:58
2019-05-23 19:00:00,22.5,70.0,17.1,88.0,1014.1,826.7,1.1,3.6,15.1,17.1,0.0,0.0,2019-05-23 18:46:58
2019-05-23 19:30:00,22.2,69.0,16.6,90.0,1014.2,826.8,0.0,0.0,15.0,16.6,0.0,0.0,2019-05-23 19:16:58
2019-05-23 20:00:00,21.8,70.0,16.1,92.0,1014.7,827.3,0.0,1.1,14.8,16.1,0.0,0.0,2019-05-23 19:46:58
2019-05-23 20:30:00,21.5,71.0,16.2,93.0,1014.8,827.4,0.0,2.5,15.1,16.2,0.0,0.0,2019-05-23 20:16:58
2019-05-23 21:00:00,21.4,71.0,16.0,95.0,1014.8,827.4,1.1,2.5,15.2,16.0,0.0,0.0,2019-05-23 20:46:58
2019-05-23 21:30:00,21.3,71.0,16.0,95.0,1015.0,827.6,1.1,3.6,15.2,16.0,0.0,0.0,2019-05-23 21:16:58
2019-05-23 22:00:00,21.3,71.0,16.1,93.0,1015.4,828.0,1.1,2.5,15.0,16.1,0.0,0.0,2019-05-23 21:46:58
2019-05-23 22:30:00,21.2,71.0,16.2,91.0,1014.9,827.5,2.5,3.6,14.7,16.2,0.0,0.0,2019-05-23 22:16:58
2019-05-23 23:00:00,21.1,70.0,16.3,89.0,1014.8,827.4,2.5,5.0,14.5,16.3,0.0,0.0,2019-05-23 22:46:58
2019-05-23 23:30:00,21.0,70.0,16.1,89.0,1014.8,827.4,2.5,3.6,14.3,16.1,0.0,0.0,2019-05-23 23:16:58
2019-05-24 00:00:00,21.0,70.0,16.4,87.0,1014.4,827.0,1.1,2.5,14.3,16.4,0.0,0.0,2019-05-23 23:46:58
2019-05-24 00:30:00,20.9,71.0,16.4,87.0,1014.4,827.0,1.1,2.5,14.3,16.4,0.0,0.0,2019-05-24 00:16:58
2019-05-24 01:00:00,20.9,71.0,16.4,88.0,1014.3,826.9,1.1,2.5,14.4,16.4,0.0,0.0,2019-05-24 00:46:58
2019-05-24 01:30:00,20.9,72.0,16.3,89.0,1014.2,826.8,0.0,2.5,14.5,16.3,0.3,0.0,2019-05-24 01:16:58
2019-05-24 02:00:00,20.8,72.0,16.2,89.0,1013.8,826.4,0.0,1.1,14.4,16.2,0.3,0.0,2019-05-24 01:46:58
2019-05-24 02:30:00,20.8,72.0,16.3,88.0,1013.4,826.0,0.0,1.1,14.3,16.3,0.0,0.0,2019-05-24 02:16:58
2019-05-24 03:00:00,20.7,72.0,16.1,91.0,1013.3,825.9,2.5,3.6,14.6,16.1,0.0,0.0,2019-05-24 02:46:58
2019-05-24 03:30:00,20.7,72.0,16.1,90.0,1013.0,825.6,0.0,2.5,14.5,16.1,0.0,0.0,2019-05-24 03:16:58
2019-05-24 04:00:00,20.7,73.0,15.8,93.0,1013.3,825.9,1.1,3.6,14.7,15.8,0.0,0.0,2019-05-24 03:46:58
2019-05-24 04:30:00,20.6,73.0,15.9,93.0,1013.4,826.0,2.5,3.6,14.8,15.9,0.0,0.0,2019-05-24 04:16:58
2019-05-24 05:00:00,20.6,73.0,15.7,93.0,1013.6,826.2,2.5,3.6,14.6,15.7,0.0,0.0,2019-05-24 04:46:58
2019-05-24 05:30:00,20.5,73.0,15.5,93.0,1013.4,826.0,1.1,3.6,14.4,15.5,0.0,0.0,2019-05-24 05:16:58
2019-05-24 06:00:00,20.4,72.0,15.4,93.0,1013.3,825.9,0.0,1.1,14.3,15.4,0.0,0.0,2019-05-24 05:46:58
2019-05-24 06:30:00,20.4,72.0,15.3,94.0,1013.4,826.0,2.5,5.0,14.4,15.3,0.0,0.0,2019-05-24 06:16:58
2019-05-24 07:00:00,20.3,72.0,15.5,94.0,1013.7,826.3,0.0,0.0,14.6,15.5,0.0,1872.0,2019-05-24 06:46:58
2019-05-24 07:30:00,20.3,72.0,16.3,89.0,1013.9,826.5,2.5,5.0,14.5,16.3,0.0,4658.0,2019-05-24 07:16:58
2019-05-24 08:00:00,20.5,73.0,17.1,88.0,1014.3,826.9,1.1,2.5,15.1,17.1,0.0,7208.0,2019-05-24 07:46:58
2019-05-24 08:30:00,20.5,74.0,17.9,88.0,1014.4,827.0,2.5,3.6,15.9,17.9,0.0,12881.1,2019-05-24 08:16:58
2019-05-24 09:00:00,20.8,75.0,20.0,80.0,1014.6,827.2,1.1,2.5,16.5,20.0,0.0,16236.9,2019-05-24 08:46:58
2019-05-24 09:30:00,21.2,73.0,21.3,74.0,1014.8,827.4,6.1,9.7,16.5,21.3,0.0,45109.0,2019-05-24 09:16:58
2019-05-24 10:00:00,21.7,72.0,23.4,64.0,1014.7,827.3,5.0,8.6,16.2,23.4,0.0,54170.6,2019-05-24 09:46:58
2019-05-24 10:30:00,22.5,69.0,21.8,68.0,1015.1,827.7,2.5,3.6,15.7,21.8,0.0,25867.2,2019-05-24 10:16:58
2019-05-24 11:00:00,22.9,70.0,23.4,68.0,1014.7,827.3,5.0,7.2,17.2,23.4,0.0,77628.3,2019-05-24 10:46:58
2019-05-24 11:30:00,23.9,71.0,24.0,66.0,1014.8,827.4,7.2,9.7,17.3,23.6,0.0,25458.3,2019-05-24 11:16:58
2019-05-24 12:00:00,24.1,70.0,23.1,67.0,1014.6,827.2,6.1,8.6,16.7,23.1,0.0,18037.0,2019-05-24 11:46:58
2019-05-24 12:30:00,24.1,67.0,23.3,65.0,1014.2,826.8,2.5,5.0,16.4,23.3,0.0,18008.8,2019-05-24 12:16:58
2019-05-24 13:00:00,24.2,68.0,22.0,74.0,1014.1,826.7,2.5,5.0,17.2,22.0,0.0,7658.0,2019-05-24 12:46:58
2019-05-24 13:30:00,23.9,71.0,21.2,79.0,1013.9,826.5,0.0,2.5,17.4,21.2,0.0,4898.0,2019-05-24 13:16:58
2019-05-24 14:00:00,23.4,72.0,20.1,85.0,1013.3,825.9,5.0,6.1,17.5,20.1,0.0,5048.0,2019-05-24 13:46:58
2019-05-24 14:30:00,23.0,73.0,19.6,84.0,1013.2,825.8,1.1,2.5,16.8,19.6,0.3,4682.0,2019-05-24 14:16:58
2019-05-24 15:00:00,22.5,72.0,18.6,89.0,1012.7,825.3,2.5,3.6,16.8,18.6,0.3,5678.0,2019-05-24 14:46:58
2019-05-24 15:30:00,22.8,73.0,19.4,89.0,1012.2,824.8,1.1,2.5,17.6,19.4,0.0,14051.4,2019-05-24 15:16:58
2019-05-24 16:00:00,22.8,72.0,20.9,83.0,1011.9,824.5,1.1,5.0,17.9,20.9,0.3,22055.5,2019-05-24 15:46:58
2019-05-24 16:30:00,23.4,74.0,21.2,79.0,1011.6,824.2,2.5,3.6,17.4,21.2,0.0,12392.3,2019-05-24 16:16:58
2019-05-24 17:00:00,23.5,74.0,23.7,72.0,1012.0,824.6,2.5,3.6,18.4,23.7,0.0,16918.4,2019-05-24 16:46:58
2019-05-24 17:30:00,23.6,69.0,24.4,62.0,1011.8,824.4,1.1,2.5,16.7,24.4,0.0,12147.9,2019-05-24 17:16:58
2019-05-24 18:00:00,23.9,72.0,25.0,59.0,1012.3,824.9,2.5,3.6,16.5,25.0,0.0,5492.0,2019-05-24 17:46:58
2019-05-24 18:30:00,23.7,67.0,20.0,74.0,1011.9,824.5,3.6,6.1,15.2,20.0,0.0,1026.0,2019-05-24 18:16:58
2019-05-24 19:00:00,23.2,69.0,18.7,83.0,1012.3,824.9,2.5,3.6,15.8,18.7,0.0,0.0,2019-05-24 18:46:58
2019-05-24 19:30:00,22.8,69.0,18.2,85.0,1012.7,825.3,1.1,3.6,15.7,18.2,0.0,0.0,2019-05-24 19:16:58
2019-05-24 20:00:00,22.5,69.0,18.3,85.0,1013.1,825.7,5.0,6.1,15.8,18.3,0.0,0.0,2019-05-24 19:46:58
2019-05-24 20:30:00,22.3,70.0,18.3,85.0,1013.1,825.7,1.1,2.5,15.8,18.3,0.0,0.0,2019-05-24 20:16:58
2019-05-24 21:00:00,22.1,70.0,18.2,85.0,1013.7,826.3,1.1,2.5,15.7,18.2,0.0,0.0,2019-05-24 20:46:58
2019-05-24 21:30:00,22.1,70.0,18.6,85.0,1014.2,826.8,0.0,1.1,16.1,18.6,0.0,0.0,2019-05-24 21:16:58
2019-05-24 22:00:00,22.0,71.0,18.3,87.0,1014.3,826.9,1.1,2.5,16.1,18.3,0.0,0.0,2019-05-24 21:46:58
2019-05-24 22:30:00,21.9,72.0,18.0,88.0,1014.0,826.6,1.1,2.5,16.0,18.0,0.0,0.0,2019-05-24 22:16:58
2019-05-24 23:00:00,21.9,73.0,18.0,90.0,1014.2,826.8,0.0,1.1,16.4,18.0,0.0,0.0,2019-05-24 22:46:58
2019-05-24 23:30:00,21.8,73.0,17.8,89.0,1014.2,826.8,0.0,1.1,16.0,17.8,0.0,0.0,2019-05-24 23:16:58
2019-05-25 00:00:00,21.7,73.0,17.8,89.0,1014.0,826.6,0.0,1.1,16.0,17.8,0.0,0.0,2019-05-24 23:46:58
2019-05-25 00:30:00,21.7,73.0,17.5,90.0,1014.1,826.7,1.1,3.6,15.9,17.5,0.0,0.0,2019-05-25 00:16:58
2019-05-25 01:00:00,21.6,73.0,16.7,94.0,1014.2,826.8,2.5,6.1,15.7,16.7,0.0,0.0,2019-05-25 00:46:58
2019-05-25 01:30:00,21.5,73.0,16.7,93.0,1014.0,826.6,18.4,23.4,15.6,12.5,0.0,0.0,2019-05-25 01:16:58
2019-05-25 02:00:00,21.5,72.0,16.2,92.0,1013.7,826.3,11.2,17.3,14.9,13.8,0.3,0.0,2019-05-25 01:46:58
2019-05-25 02:30:00,21.4,72.0,16.1,92.0,1013.4,826.0,8.6,12.2,14.8,14.6,0.0,0.0,2019-05-25 02:16:58
2019-05-25 03:00:00,21.3,71.0,15.9,94.0,1013.4,826.0,5.0,7.2,15.0,15.9,0.0,0.0,2019-05-25 02:46:58
2019-05-25 03:30:00,21.2,71.0,16.3,90.0,1012.6,825.2,5.0,6.1,14.7,16.3,0.0,0.0,2019-05-25 03:16:58
2019-05-25 04:00:00,21.2,71.0,16.3,89.0,1012.6,825.2,2.5,3.6,14.5,16.3,0.0,0.0,2019-05-25 03:46:58
2019-05-25 04:30:00,21.1,71.0,16.1,90.0,1012.6,825.2,0.0,1.1,14.5,16.1,0.0,0.0,2019-05-25 04:16:58
2019-05-25 05:00:00,21.0,71.0,16.1,91.0,1012.5,825.1,0.0,2.5,14.6,16.1,0.0,0.0,2019-05-25 04:46:58
2019-05-25 05:30:00,21.0,71.0,16.1,90.0,1012.4,825.0,1.1,2.5,14.5,16.1,0.0,0.0,2019-05-25 05:16:58
2019-05-25 06:00:00,20.9,72.0,15.8,92.0,1012.6,825.2,0.0,1.1,14.5,15.8,0.0,0.0,2019-05-25 05:46:58
2019-05-25 06:30:00,20.9,72.0,16.1,90.0,1012.8,825.4,1.1,2.5,14.5,16.1,0.0,60.0,2019-05-25 06:16:58
2019-05-25 07:00:00,20.8,71.0,16.0,90.0,1013.2,825.8,2.5,3.6,14.4,16.0,0.0,2612.0,2019-05-25 06:46:58
2019-05-25 07:30:00,20.8,71.0,17.0,86.0,1013.7,826.3,0.0,1.1,14.7,17.0,0.0,5660.0,2019-05-25 07:16:58
2019-05-25 08:00:00,20.9,72.0,20.9,79.0,1014.1,826.7,5.0,7.2,17.1,20.9,0.0,22694.7,2019-05-25 07:46:58
2019-05-25 08:30:00,21.1,72.0,20.1,75.0,1014.6,827.2,0.0,1.1,15.6,20.1,0.0,16016.0,2019-05-25 08:16:58
2019-05-25 09:00:00,21.3,71.0,20.6,72.0,1015.0,827.6,1.1,2.5,15.4,20.6,0.0,15499.0,2019-05-25 08:46:58
2019-05-25 09:30:00,21.6,73.0,19.6,78.0,1015.0,827.6,2.5,5.0,15.7,19.6,0.0,13736.5,2019-05-25 09:16:58
2019-05-25 10:00:00,21.8,74.0,19.5,82.0,1015.2,827.8,2.5,5.0,16.4,19.5,0.6,23188.2,2019-05-25 09:46:58
2019-05-25 10:30:00,22.1,73.0,20.9,76.0,1015.3,827.9,3.6,6.1,16.5,20.9,0.0,33669.2,2019-05-25 10:16:58
2019-05-25 11:00:00,22.5,72.0,20.7,77.0,1015.2,827.8,1.1,3.6,16.5,20.7,0.3,25806.1,2019-05-25 10:46:58
2019-05-25 11:30:00,22.5,74.0,20.4,84.0,1015.4,828.0,2.5,3.6,17.6,20.4,0.0,26450.0,2019-05-25 11:16:58
2019-05-25 12:00:00,22.9,74.0,21.7,77.0,1014.9,827.5,2.5,3.6,17.5,21.7,0.0,25185.7,2019-05-25 11:46:58
2019-05-25 12:30:00,22.9,74.0,20.1,84.0,1014.8,827.4,3.6,6.1,17.3,20.1,0.3,20321.2,2019-05-25 12:16:58
2019-05-25 13:00:00,22.9,75.0,21.3,82.0,1014.5,827.1,2.5,3.6,18.1,21.3,0.3,51454.0,2019-05-25 12:46:58
2019-05-25 13:30:00,23.1,74.0,23.6,64.0,1014.3,826.9,5.0,7.2,16.4,23.6,0.0,63721.0,2019-05-25 13:16:58
2019-05-25 14:00:00,23.6,71.0,23.3,72.0,1013.8,826.4,3.6,7.2,18.0,23.3,0.0,16091.2,2019-05-25 13:46:58
2019-05-25 14:30:00,23.4,72.0,20.5,80.0,1013.7,826.3,2.5,3.6,17.0,20.5,0.6,9440.0,2019-05-25 14:16:58
2019-05-25 15:00:00,23.3,73.0,19.3,87.0,1013.5,826.1,3.6,5.0,17.1,19.3,0.6,6944.0,2019-05-25 14:46:58
2019-05-25 15:30:00,22.8,73.0,18.3,91.0,1013.2,825.8,2.5,3.6,16.8,18.3,0.3,7982.0,2019-05-25 15:16:58
2019-05-25 16:00:00,22.8,72.0,20.0,83.0,1012.9,825.5,1.1,2.5,17.0,20.0,0.3,19061.6,2019-05-25 15:46:58
2019-05-25 16:30:00,22.5,72.0,21.9,76.0,1013.1,825.7,0.0,2.5,17.5,21.9,0.0,21773.5,2019-05-25 16:16:58
2019-05-25 17:00:00,22.8,71.0,21.8,72.0,1013.2,825.8,3.6,6.1,16.6,21.8,0.0,13337.0,2019-05-25 16:46:58
2019-05-25 17:30:00,22.5,72.0,20.1,78.0,1013.1,825.7,5.0,7.2,16.2,20.1,0.0,2792.0,2019-05-25 17:16:58
2019-05-25 18:00:00,22.5,71.0,19.0,84.0,1013.5,826.1,3.6,5.0,16.3,19.0,0.0,2930.0,2019-05-25 17:46:58
2019-05-25 18:30:00,22.3,71.0,18.4,86.0,1013.6,826.2,0.0,1.1,16.0,18.4,0.0,1329.7,2019-05-25 18:16:58
2019-05-25 19:00:00,22.1,72.0,17.8,89.0,1013.8,826.4,1.1,2.5,16.0,17.8,0.0,0.0,2019-05-25 18:46:58
2019-05-25 19:30:00,22.0,73.0,17.7,90.0,1014.1,826.7,5.0,6.1,16.1,17.7,0.0,0.0,2019-05-25 19:16:58
2019-05-25 20:00:00,21.8,74.0,17.6,91.0,1014.3,826.9,1.1,2.5,16.1,17.6,0.0,0.0,2019-05-25 19:46:58
2019-05-25 20:30:00,21.7,74.0,17.4,91.0,1014.7,827.3,0.0,1.1,15.9,17.4,0.0,0.0,2019-05-25 20:16:58
2019-05-25 21:00:00,21.7,75.0,17.0,92.0,1015.1,827.7,1.1,2.5,15.7,17.0,0.0,0.0,2019-05-25 20:46:58
2019-05-25 21:30:00,21.6,75.0,17.0,94.0,1015.3,827.9,0.0,0.0,16.0,17.0,0.0,0.0,2019-05-25 21:16:58
2019-05-25 22:00:00,21.6,75.0,17.0,95.0,1015.5,828.1,0.0,1.1,16.2,17.0,0.0,0.0,2019-05-25 21:46:58
2019-05-25 22:30:00,21.6,75.0,16.9,96.0,1015.7,828.3,0.0,2.5,16.3,16.9,0.3,0.0,2019-05-25 22:16:58
2019-05-25 23:00:00,21.5,76.0,16.9,97.0,1015.9,828.5,0.0,0.0,16.4,16.9,0.3,0.0,2019-05-25 22:46:58
2019-05-25 23:30:00,21.4,75.0,16.8,97.0,1015.8,828.4,0.0,0.0,16.3,16.8,0.0,0.0,2019-05-25 23:16:58
2019-05-26 00:00:00,21.3,75.0,16.7,96.0,1015.5,828.1,5.0,7.2,16.1,16.7,0.0,0.0,2019-05-25 23:46:58
2019-05-26 00:30:00,21.3,75.0,16.6,95.0,1015.2,827.8,0.0,1.1,15.8,16.6,0.0,0.0,2019-05-26 00:16:58
2019-05-26 01:00:00,21.1,74.0,16.4,95.0,1014.7,827.3,0.0,0.0,15.6,16.4,0.0,0.0,2019-05-26 00:46:58
2019-05-26 01:30:00,21.1,74.0,15.9,96.0,1014.7,827.3,0.0,0.0,15.3,15.9,0.0,0.0,2019-05-26 01:16:58
2019-05-26 02:00:00,21.0,74.0,15.7,97.0,1014.0,826.6,2.5,3.6,15.2,15.7,0.0,0.0,2019-05-26 01:46:58
2019-05-26 02:30:00,20.8,75.0,15.5,98.0,1013.7,826.3,1.1,2.5,15.2,15.5,0.0,0.0,2019-05-26 02:16:58
2019-05-26 03:00:00,20.8,74.0,15.3,98.0,1013.4,826.0,0.0,2.5,15.0,15.3,0.0,0.0,2019-05-26 02:46:58
2019-05-26 03:30:00,20.7,74.0,15.3,98.0,1013.1,825.7,2.5,3.6,15.0,15.3,0.0,7.5,2019-05-26 03:16:58
2019-05-26 04:00:00,20.7,74.0,15.5,98.0,1013.1,825.7,0.0,0.0,15.2,15.5,0.0,0.0,2019-05-26 03:46:58
2019-05-26 04:30:00,20.7,74.0,15.7,98.0,1013.1,825.7,0.0,0.0,15.4,15.7,0.0,0.0,2019-05-26 04:16:58
2019-05-26 05:00:00,20.7,74.0,15.8,98.0,1013.1,825.7,0.0,0.0,15.5,15.8,0.0,22.5,2019-05-26 04:46:58
2019-05-26 05:30:00,20.7,74.0,16.1,97.0,1013.0,825.6,0.0,0.0,15.6,16.1,0.0,0.0,2019-05-26 05:16:58
2019-05-26 06:00:00,20.7,74.0,16.0,97.0,1013.4,826.0,0.0,0.0,15.5,16.0,0.0,22.5,2019-05-26 05:46:58
2019-05-26 06:30:00,20.7,74.0,16.0,97.0,1013.4,826.0,0.0,0.0,15.5,16.0,0.0,135.0,2019-05-26 06:16:58
2019-05-26 07:00:00,20.6,75.0,16.1,97.0,1013.8,826.4,0.0,1.1,15.6,16.1,0.0,2120.0,2019-05-26 06:46:58
2019-05-26 07:30:00,20.6,75.0,16.4,96.0,1014.3,826.9,0.0,0.0,15.8,16.4,0.0,4814.0,2019-05-26 07:16:58
2019-05-26 08:00:00,20.7,75.0,17.6,91.0,1014.4,827.0,0.0,0.0,16.1,17.6,0.0,10775.5,2019-05-26 07:46:58
2019-05-26 08:30:00,20.8,75.0,19.5,83.0,1014.8,827.4,0.0,2.5,16.6,19.5,0.0,15757.5,2019-05-26 08:16:58
2019-05-26 09:00:00,20.9,75.0,20.1,80.0,1015.1,827.7,1.1,2.5,16.6,20.1,0.0,14248.8,2019-05-26 08:46:58
2019-05-26 09:30:00,21.1,74.0,20.4,80.0,1015.1,827.7,0.0,1.1,16.9,20.4,0.0,21792.3,2019-05-26 09:16:58
2019-05-26 10:00:00,21.2,74.0,20.9,78.0,1015.3,827.9,2.5,5.0,16.9,20.9,0.0,28038.6,2019-05-26 09:46:58
2019-05-26 10:30:00,21.5,74.0,21.0,74.0,1015.4,828.0,3.6,6.1,16.2,21.0,0.0,39600.6,2019-05-26 10:16:58
2019-05-26 11:00:00,22.0,72.0,22.4,69.0,1015.1,827.7,6.1,11.2,16.5,22.4,0.0,55937.8,2019-05-26 10:46:58
2019-05-26 11:30:00,22.5,72.0,24.1,65.0,1014.8,827.4,6.1,11.2,17.1,24.1,0.0,74775.4,2019-05-26 11:16:58
2019-05-26 12:00:00,23.1,72.0,22.2,71.0,1014.8,827.4,3.6,7.2,16.7,22.2,0.0,21477.4,2019-05-26 11:46:58
2019-05-26 12:30:00,23.1,71.0,21.9,73.0,1014.6,827.2,6.1,8.6,16.9,21.9,0.0,14676.5,2019-05-26 12:16:58
2019-05-26 13:00:00,23.0,72.0,22.3,72.0,1014.3,826.9,3.6,8.6,17.0,22.3,0.0,84292.9,2019-05-26 12:46:58
2019-05-26 13:30:00,23.3,72.0,22.5,70.0,1014.2,826.8,5.0,6.1,16.8,22.5,0.0,32813.8,2019-05-26 13:16:58
2019-05-26 14:00:00,23.3,71.0,21.3,75.0,1014.1,826.7,5.0,7.2,16.7,21.3,0.0,11287.8,2019-05-26 13:46:58
2019-05-26 14:30:00,23.3,71.0,22.1,72.0,1013.5,826.1,3.6,6.1,16.8,22.1,0.0,21975.6,2019-05-26 14:16:58
2019-05-26 15:00:00,23.4,71.0,22.8,67.0,1013.2,825.8,2.5,5.0,16.4,22.8,0.0,18300.2,2019-05-26 14:46:58
2019-05-26 15:30:00,23.7,70.0,21.6,75.0,1013.1,825.7,6.1,9.7,17.0,21.6,0.0,15240.5,2019-05-26 15:16:58
2019-05-26 16:00:00,23.7,70.0,24.6,62.0,1013.1,825.7,6.1,9.7,16.9,24.6,0.0,45644.8,2019-05-26 15:46:58
2019-05-26 16:30:00,23.9,69.0,23.3,67.0,1012.8,825.4,7.2,13.3,16.9,22.8,0.0,21970.9,2019-05-26 16:16:58
2019-05-26 17:00:00,23.9,68.0,22.2,66.0,1013.0,825.6,5.0,7.2,15.6,22.2,0.0,14225.3,2019-05-26 16:46:58
2019-05-26 17:30:00,23.8,67.0,23.4,65.0,1013.1,825.7,2.5,5.0,16.5,23.4,0.0,15405.0,2019-05-26 17:16:58
2019-05-26 18:00:00,23.8,67.0,21.8,69.0,1013.1,825.7,1.1,3.6,15.9,21.8,0.0,5912.0,2019-05-26 17:46:58
2019-05-26 18:30:00,23.6,67.0,20.5,75.0,1013.2,825.8,1.1,2.5,15.9,20.5,0.0,1444.5,2019-05-26 18:16:58
2019-05-26 19:00:00,23.3,69.0,19.3,81.0,1013.1,825.7,0.0,1.1,16.0,19.3,0.0,0.0,2019-05-26 18:46:58
2019-05-26 19:30:00,22.8,69.0,19.0,84.0,1013.3,825.9,0.0,2.5,16.3,19.0,0.0,0.0,2019-05-26 19:16:58
2019-05-26 20:00:00,22.6,70.0,19.1,83.0,1013.6,826.2,0.0,2.5,16.2,19.1,0.0,0.0,2019-05-26 19:46:58
2019-05-26 20:30:00,22.5,70.0,18.8,86.0,1014.0,826.6,1.1,2.5,16.4,18.8,0.0,0.0,2019-05-26 20:16:58
2019-05-26 21:00:00,22.4,71.0,18.6,87.0,1013.8,826.4,0.0,1.1,16.4,18.6,0.0,0.0,2019-05-26 20:46:58
2019-05-26 21:30:00,22.3,72.0,18.6,88.0,1014.0,826.6,1.1,2.5,16.6,18.6,0.0,0.0,2019-05-26 21:16:58
2019-05-26 22:00:00,22.2,72.0,18.6,88.0,1014.6,827.2,1.1,2.5,16.6,18.6,0.0,0.0,2019-05-26 21:46:58
2019-05-26 22:30:00,22.1,72.0,18.3,89.0,1014.7,827.3,0.0,1.1,16.5,18.3,0.0,0.0,2019-05-26 22:16:58
2019-05-26 23:00:00,22.1,73.0,18.3,90.0,1014.6,827.2,1.1,2.5,16.7,18.3,0.0,0.0,2019-05-26 22:46:58
2019-05-26 23:30:00,22.0,73.0,18.2,91.0,1014.9,827.5,0.0,1.1,16.7,18.2,0.0,0.0,2019-05-26 23:16:58
2019-05-27 00:00:00,22.0,73.0,17.9,90.0,1015.0,827.6,0.0,2.5,16.3,17.9,0.9,0.0,2019-05-26 23:46:58
2019-05-27 00:30:00,21.9,74.0,17.5,92.0,1014.9,827.5,0.0,1.1,16.2,17.5,0.9,0.0,2019-05-27 00:16:58
2019-05-27 01:00:00,21.8,75.0,17.1,93.0,1014.5,827.1,1.1,2.5,16.0,17.1,0.9,0.0,2019-05-27 00:46:58
2019-05-27 01:30:00,21.7,74.0,16.6,95.0,1014.0,826.6,0.0,0.0,15.8,16.6,0.0,0.0,2019-05-27 01:16:58
2019-05-27 02:00:00,21.6,74.0,16.6,95.0,1013.6,826.2,1.1,2.5,15.8,16.6,0.3,0.0,2019-05-27 01:46:58
2019-05-27 02:30:00,21.5,74.0,16.8,95.0,1013.3,825.9,0.0,0.0,16.0,16.8,0.0,0.0,2019-05-27 02:16:58
2019-05-27 03:00:00,21.5,74.0,16.9,95.0,1013.3,825.9,2.5,3.6,16.1,16.9,0.0,0.0,2019-05-27 02:46:58
2019-05-27 03:30:00,21.4,74.0,17.1,94.0,1013.4,826.0,1.1,2.5,16.1,17.1,0.0,0.0,2019-05-27 03:16:58
2019-05-27 04:00:00,21.4,74.0,17.1,93.0,1013.3,825.9,0.0,0.0,16.0,17.1,0.0,0.0,2019-05-27 03:46:58
2019-05-27 04:30:00,21.4,74.0,17.0,94.0,1013.3,825.9,3.6,5.0,16.0,17.0,0.0,0.0,2019-05-27 04:16:58
2019-05-27 05:00:00,21.3,75.0,17.0,94.0,1013.7,826.3,1.1,2.5,16.0,17.0,0.0,0.0,2019-05-27 04:46:58
2019-05-27 05:30:00,21.3,75.0,17.1,95.0,1013.8,826.4,5.0,7.2,16.3,17.1,0.0,0.0,2019-05-27 05:16:58
2019-05-27 06:00:00,21.3,75.0,17.0,93.0,1014.0,826.6,3.6,8.6,15.9,17.0,0.0,0.0,2019-05-27 05:46:58
2019-05-27 06:30:00,21.2,75.0,16.8,93.0,1014.1,826.7,1.1,3.6,15.7,16.8,0.0,0.0,2019-05-27 06:16:58
2019-05-27 07:00:00,21.2,74.0,16.8,93.0,1014.4,827.0,5.0,6.1,15.7,16.8,0.0,627.7,2019-05-27 06:46:58
2019-05-27 07:30:00,21.1,74.0,16.6,94.0,1014.8,827.4,1.1,5.0,15.7,16.6,0.0,2282.0,2019-05-27 07:16:58
2019-05-27 08:00:00,21.1,74.0,17.0,91.0,1015.2,827.8,0.0,1.1,15.5,17.0,0.0,4994.0,2019-05-27 07:46:58
2019-05-27 08:30:00,21.1,74.0,17.4,90.0,1015.1,827.7,1.1,2.5,15.8,17.4,0.0,7448.0,2019-05-27 08:16:58
2019-05-27 09:00:00,21.1,74.0,17.8,90.0,1015.5,828.1,2.5,3.6,16.2,17.8,0.0,12519.2,2019-05-27 08:46:58
2019-05-27 09:30:00,21.2,75.0,18.2,87.0,1015.0,827.6,3.6,6.1,16.0,18.2,0.0,18286.1,2019-05-27 09:16:58
2019-05-27 10:00:00,21.4,75.0,19.7,82.0,1015.5,828.1,8.6,11.2,16.6,18.5,0.0,24588.8,2019-05-27 09:46:58
2019-05-27 10:30:00,21.5,74.0,20.4,77.0,1015.5,828.1,5.0,6.1,16.3,20.4,0.0,19306.0,2019-05-27 10:16:58
2019-05-27 11:00:00,21.6,73.0,19.5,82.0,1015.4,828.0,6.1,9.7,16.4,19.5,0.0,17195.7,2019-05-27 10:46:58
2019-05-27 11:30:00,21.7,73.0,19.8,81.0,1015.6,828.2,2.5,3.6,16.5,19.8,0.0,16786.8,2019-05-27 11:16:58
2019-05-27 12:00:00,21.7,74.0,18.9,87.0,1015.2,827.8,6.1,8.6,16.7,18.9,0.0,29848.1,2019-05-27 11:46:58
2019-05-27 12:30:00,21.8,74.0,20.9,80.0,1014.8,827.4,3.6,7.2,17.3,20.9,0.0,46392.1,2019-05-27 12:16:58
2019-05-27 13:00:00,22.4,72.0,24.0,63.0,1014.2,826.8,3.6,6.1,16.6,24.0,0.0,34684.4,2019-05-27 12:46:58
2019-05-27 13:30:00,22.5,71.0,24.0,63.0,1014.0,826.6,1.1,3.6,16.6,24.0,0.0,30515.5,2019-05-27 13:16:58
2019-05-27 14:00:00,23.3,71.0,24.9,63.0,1013.4,826.0,6.1,8.6,17.4,24.9,0.0,44718.9,2019-05-27 13:46:58
2019-05-27 14:30:00,23.9,72.0,24.3,65.0,1012.9,825.5,2.5,3.6,17.3,24.3,0.0,31051.3,2019-05-27 14:16:58
2019-05-27 15:00:00,24.1,71.0,23.6,72.0,1012.7,825.3,2.5,5.0,18.3,23.6,0.0,16236.9,2019-05-27 14:46:58
2019-05-27 15:30:00,23.9,72.0,23.9,71.0,1012.6,825.2,6.1,9.7,18.3,23.9,0.0,20387.0,2019-05-27 15:16:58
2019-05-27 16:00:00,23.9,73.0,23.0,74.0,1012.4,825.0,5.0,7.2,18.1,23.0,0.0,18554.0,2019-05-27 15:46:58
2019-05-27 16:30:00,23.9,73.0,22.5,78.0,1012.4,825.0,3.6,6.1,18.5,22.5,0.0,17806.7,2019-05-27 16:16:58
2019-05-27 17:00:00,23.9,74.0,22.1,78.0,1012.3,824.9,0.0,1.1,18.1,22.1,0.0,13938.6,2019-05-27 16:46:58
2019-05-27 17:30:00,23.8,75.0,21.9,80.0,1012.6,825.2,3.6,6.1,18.3,21.9,0.0,8804.0,2019-05-27 17:16:58
2019-05-27 18:00:00,23.7,76.0,21.2,84.0,1012.3,824.9,2.5,5.0,18.4,21.2,0.0,4010.0,2019-05-27 17:46:58
2019-05-27 18:30:00,23.3,76.0,20.3,88.0,1012.9,825.5,1.1,3.6,18.3,20.3,0.0,510.0,2019-05-27 18:16:58
2019-05-27 19:00:00,23.0,78.0,19.4,92.0,1012.6,825.2,1.1,2.5,18.1,19.4,0.0,0.0,2019-05-27 18:46:58
2019-05-27 19:30:00,22.6,77.0,18.4,94.0,1012.8,825.4,3.6,5.0,17.4,18.4,0.0,0.0,2019-05-27 19:16:58
2019-05-27 20:00:00,22.5,76.0,18.3,94.0,1013.0,825.6,0.0,1.1,17.3,18.3,0.0,0.0,2019-05-27 19:46:58
2019-05-27 20:30:00,22.3,75.0,17.9,93.0,1013.1,825.7,0.0,2.5,16.8,17.9,0.0,0.0,2019-05-27 20:16:58
2019-05-27 21:00:00,22.1,75.0,17.9,94.0,1013.4,826.0,0.0,1.1,16.9,17.9,0.0,0.0,2019-05-27 20:46:58
2019-05-27 21:30:00,21.9,76.0,17.6,94.0,1013.6,826.2,1.1,3.6,16.6,17.6,0.0,0.0,2019-05-27 21:16:58
2019-05-27 22:00:00,21.8,76.0,17.3,92.0,1013.9,826.5,3.6,5.0,16.0,17.3,0.0,0.0,2019-05-27 21:46:58
2019-05-27 22:30:00,21.8,74.0,17.6,91.0,1014.6,827.2,2.5,3.6,16.1,17.6,0.0,0.0,2019-05-27 22:16:58
2019-05-27 23:00:00,21.7,74.0,17.9,91.0,1014.3,826.9,0.0,1.1,16.4,17.9,0.0,0.0,2019-05-27 22:46:58
2019-05-27 23:30:00,21.7,75.0,17.9,90.0,1014.6,827.2,0.0,2.5,16.3,17.9,0.0,0.0,2019-05-27 23:21:58
2019-05-28 00:00:00,21.6,75.0,17.7,90.0,1014.3,826.9,2.5,3.6,16.1,17.7,0.0,0.0,2019-05-27 23:56:58
2019-05-28 00:30:00,21.6,74.0,17.6,89.0,1013.9,826.5,0.0,1.1,15.8,17.6,0.0,0.0,2019-05-28 00:38:58
2019-05-28 01:00:00,,,,,,,,,,,,,
2019-05-28 01:30:00,21.5,74.0,17.6,89.0,1013.7,826.3,0.0,0.0,15.8,17.6,0.0,0.0,2019-05-28 01:28:58
2019-05-28 02:00:00,21.4,74.0,17.4,90.0,1013.5,826.1,3.6,5.0,15.8,17.4,0.0,0.0,2019-05-28 02:14:58
2019-05-28 02:30:00,,,,,,,,,,,,,
2019-05-28 03:00:00,21.3,74.0,17.2,91.0,1013.6,826.2,1.1,2.5,15.7,17.2,0.0,0.0,2019-05-28 02:45:58
2019-05-28 03:30:00,21.3,74.0,17.1,91.0,1013.0,825.6,2.5,3.6,15.6,17.1,0.0,0.0,2019-05-28 03:15:58
2019-05-28 04:00:00,21.2,74.0,17.1,91.0,1012.9,825.5,3.6,5.0,15.6,17.1,0.0,0.0,2019-05-28 03:45:58
2019-05-28 04:30:00,21.1,74.0,17.1,92.0,1013.1,825.7,0.0,1.1,15.8,17.1,0.0,0.0,2019-05-28 04:15:58
2019-05-28 05:00:00,21.1,74.0,17.3,92.0,1013.0,825.6,1.1,3.6,16.0,17.3,0.0,0.0,2019-05-28 04:45:58
2019-05-28 05:30:00,21.1,75.0,17.3,92.0,1013.0,825.6,2.5,3.6,16.0,17.3,0.0,0.0,2019-05-28 05:15:58
2019-05-28 06:00:00,21.1,75.0,17.3,92.0,1012.9,825.5,1.1,2.5,16.0,17.3,0.0,0.0,2019-05-28 05:45:58
2019-05-28 06:30:00,21.1,75.0,17.3,92.0,1013.2,825.8,0.0,1.1,16.0,17.3,0.0,15.0,2019-05-28 06:15:58
2019-05-28 07:00:00,21.1,75.0,17.4,93.0,1013.5,826.1,0.0,0.0,16.3,17.4,0.0,2318.0,2019-05-28 06:45:58
2019-05-28 07:30:00,21.1,76.0,17.6,92.0,1013.4,826.0,0.0,1.1,16.3,17.6,0.0,6776.0,2019-05-28 07:15:58
2019-05-28 08:00:00,21.1,76.0,18.1,91.0,1014.0,826.6,2.5,3.6,16.6,18.1,0.0,6608.0,2019-05-28 07:45:58
2019-05-28 08:30:00,21.2,76.0,18.5,91.0,1014.6,827.2,1.1,2.5,17.0,18.5,0.0,8306.0,2019-05-28 08:15:58
2019-05-28 09:00:00,21.3,78.0,18.2,92.0,1015.1,827.7,1.1,5.0,16.9,18.2,0.0,14027.9,2019-05-28 08:45:58
2019-05-28 09:30:00,21.7,78.0,19.9,86.0,1015.5,828.1,3.6,5.0,17.5,19.9,0.0,22563.1,2019-05-28 09:15:58
2019-05-28 10:00:00,22.0,75.0,20.3,81.0,1015.3,827.9,3.6,5.0,17.0,20.3,0.0,19141.5,2019-05-28 09:45:58
2019-05-28 10:30:00,22.4,74.0,21.1,76.0,1015.4,828.0,2.5,6.1,16.7,21.1,0.0,24339.7,2019-05-28 10:15:58
2019-05-28 11:00:00,22.5,72.0,22.4,71.0,1015.5,828.1,5.0,9.7,16.9,22.4,0.0,28720.1,2019-05-28 10:45:58
2019-05-28 11:30:00,22.9,72.0,20.3,80.0,1015.0,827.6,2.5,3.6,16.8,20.3,0.0,9644.0,2019-05-28 11:15:58
2019-05-28 12:00:00,23.2,73.0,19.6,84.0,1015.3,827.9,9.7,11.2,16.8,18.1,0.0,5036.0,2019-05-28 11:45:58
2019-05-28 12:30:00,23.0,73.0,17.9,91.0,1014.8,827.4,0.0,1.1,16.4,17.9,2.7,13449.8,2019-05-28 12:15:58
2019-05-28 13:00:00,22.8,72.0,18.5,92.0,1014.8,827.4,3.6,5.0,17.2,18.5,3.3,11898.8,2019-05-28 12:45:58
2019-05-28 13:30:00,22.8,72.0,20.3,83.0,1014.3,826.9,3.6,6.1,17.3,20.3,0.0,20029.8,2019-05-28 13:15:58
2019-05-28 14:00:00,23.0,73.0,22.3,75.0,1013.5,826.1,7.2,9.7,17.7,21.8,0.0,44935.1,2019-05-28 13:45:58
2019-05-28 14:30:00,23.6,73.0,22.8,69.0,1013.4,826.0,6.1,7.2,16.8,22.8,0.0,69502.0,2019-05-28 14:15:58
2019-05-28 15:00:00,23.8,72.0,21.6,74.0,1013.6,826.2,6.1,8.6,16.8,21.6,0.0,4868.0,2019-05-28 14:45:58
2019-05-28 15:30:00,23.3,73.0,18.3,91.0,1013.3,825.9,6.1,8.6,16.8,18.3,1.2,4934.0,2019-05-28 15:15:58
2019-05-28 16:00:00,22.6,73.0,17.2,93.0,1013.1,825.7,2.5,3.6,16.1,17.2,6.0,3056.0,2019-05-28 15:45:58
2019-05-28 16:30:00,22.5,73.0,17.2,94.0,1013.0,825.6,1.1,2.5,16.2,17.2,0.6,1498.5,2019-05-28 16:15:58
2019-05-28 17:00:00,22.5,74.0,16.7,95.0,1013.2,825.8,5.0,6.1,15.9,16.7,5.4,1714.5,2019-05-28 16:45:58
2019-05-28 17:30:00,22.4,74.0,16.5,97.0,1013.5,826.1,0.0,1.1,16.0,16.5,4.2,810.0,2019-05-28 17:15:58
2019-05-28 18:00:00,22.5,73.0,16.4,97.0,1013.4,826.0,0.0,2.5,15.9,16.4,6.3,352.5,2019-05-28 17:45:58
2019-05-28 18:30:00,22.5,72.0,16.4,97.0,1014.0,826.6,0.0,0.0,15.9,16.4,1.2,0.0,2019-05-28 18:15:58
2019-05-28 19:00:00,22.4,72.0,16.1,97.0,1014.1,826.7,2.5,3.6,15.6,16.1,2.1,0.0,2019-05-28 18:45:58
2019-05-28 19:30:00,22.2,71.0,16.1,97.0,1014.5,827.1,6.1,8.6,15.6,16.1,0.0,0.0,2019-05-28 19:15:58
2019-05-28 20:00:00,21.9,72.0,16.1,97.0,1014.7,827.3,2.5,5.0,15.6,16.1,0.0,0.0,2019-05-28 19:45:58
2019-05-28 20:30:00,21.7,73.0,16.2,97.0,1014.8,827.4,3.6,6.1,15.7,16.2,0.0,0.0,2019-05-28 20:15:58
2019-05-28 21:00:00,21.6,73.0,16.1,98.0,1015.1,827.7,1.1,3.6,15.8,16.1,0.0,0.0,2019-05-28 20:45:58
2019-05-28 21:30:00,21.5,73.0,16.1,97.0,1015.3,827.9,2.5,5.0,15.6,16.1,0.0,0.0,2019-05-28 21:15:58
2019-05-28 22:00:00,21.4,73.0,15.9,98.0,1015.3,827.9,2.5,3.6,15.6,15.9,0.0,0.0,2019-05-28 21:45:58
2019-05-28 22:30:00,21.3,73.0,15.7,98.0,1015.2,827.8,0.0,1.1,15.4,15.7,0.0,0.0,2019-05-28 22:15:58
2019-05-28 23:00:00,21.2,73.0,15.4,98.0,1015.1,827.7,0.0,1.1,15.1,15.4,0.0,0.0,2019-05-28 22:45:58
2019-05-28 23:30:00,21.1,72.0,15.2,98.0,1015.2,827.8,3.6,5.0,14.9,15.2,0.0,0.0,2019-05-28 23:15:58
2019-05-29 00:00:00,21.0,72.0,15.1,98.0,1015.1,827.7,0.0,1.1,14.8,15.1,0.0,0.0,2019-05-28 23:45:58
2019-05-29 00:30:00,20.9,73.0,14.8,99.0,1015.1,827.7,0.0,1.1,14.7,14.8,0.0,0.0,2019-05-29 00:15:58
2019-05-29 01:00:00,20.8,72.0,14.7,98.0,1014.6,827.2,0.0,1.1,14.4,14.7,0.0,0.0,2019-05-29 00:45:58
2019-05-29 01:30:00,20.6,72.0,14.7,98.0,1014.3,826.9,1.1,3.6,14.4,14.7,0.0,15.0,2019-05-29 01:15:58
2019-05-29 02:00:00,20.5,72.0,14.8,98.0,1014.1,826.7,1.1,3.6,14.5,14.8,0.0,7.5,2019-05-29 01:45:58
2019-05-29 02:30:00,20.5,72.0,14.8,98.0,1013.8,826.4,0.0,1.1,14.5,14.8,0.0,22.5,2019-05-29 02:15:58
2019-05-29 03:00:00,20.5,72.0,14.8,98.0,1013.6,826.2,0.0,0.0,14.5,14.8,0.0,0.0,2019-05-29 02:45:58
2019-05-29 03:30:00,20.5,72.0,14.8,98.0,1013.6,826.2,0.0,0.0,14.5,14.8,0.0,7.5,2019-05-29 03:15:58
2019-05-29 04:00:00,20.4,72.0,14.8,98.0,1013.7,826.3,0.0,1.1,14.5,14.8,0.0,15.0,2019-05-29 03:45:58
2019-05-29 04:30:00,20.3,72.0,14.7,98.0,1013.6,826.2,2.5,3.6,14.4,14.7,0.0,15.0,2019-05-29 04:15:58
2019-05-29 05:00:00,20.2,72.0,14.6,99.0,1013.7,826.3,1.1,2.5,14.5,14.6,0.0,22.5,2019-05-29 04:45:58
2019-05-29 05:30:00,20.2,72.0,14.5,99.0,1013.7,826.3,0.0,1.1,14.4,14.5,0.0,15.0,2019-05-29 05:15:58
2019-05-29 06:00:00,20.2,72.0,14.6,99.0,1014.0,826.6,0.0,2.5,14.5,14.6,0.0,30.0,2019-05-29 05:45:58
2019-05-29 06:30:00,20.1,72.0,14.7,99.0,1014.1,826.7,2.5,3.6,14.6,14.7,0.0,120.0,2019-05-29 06:15:58
2019-05-29 07:00:00,20.1,72.0,15.1,98.0,1014.3,826.9,1.1,2.5,14.8,15.1,0.0,4562.0,2019-05-29 06:45:58
2019-05-29 07:30:00,20.2,73.0,16.2,96.0,1014.5,827.1,0.0,0.0,15.6,16.2,0.0,9182.0,2019-05-29 07:15:58
2019-05-29 08:00:00,20.2,74.0,19.6,82.0,1014.7,827.3,2.5,3.6,16.5,19.6,0.0,10639.2,2019-05-29 07:45:58
2019-05-29 08:30:00,20.4,75.0,18.6,85.0,1015.1,827.7,0.0,0.0,16.1,18.6,0.0,19146.2,2019-05-29 08:15:58
2019-05-29 09:00:00,20.7,76.0,21.9,73.0,1015.4,828.0,1.1,3.6,16.9,21.9,0.0,34529.3,2019-05-29 08:45:58
2019-05-29 09:30:00,21.3,74.0,19.3,78.0,1015.7,828.3,5.0,6.1,15.4,19.3,0.0,13727.1,2019-05-29 09:15:58
2019-05-29 10:00:00,21.5,73.0,19.9,80.0,1015.8,828.4,2.5,5.0,16.4,19.9,0.0,36226.0,2019-05-29 09:45:58
2019-05-29 10:30:00,22.0,72.0,19.5,82.0,1015.8,828.4,5.0,7.2,16.4,19.5,0.0,16434.3,2019-05-29 10:15:58
2019-05-29 11:00:00,22.1,73.0,20.1,80.0,1015.6,828.2,2.5,3.6,16.6,20.1,0.0,17618.7,2019-05-29 10:45:58
2019-05-29 11:30:00,22.2,72.0,19.5,83.0,1015.6,828.2,6.1,7.2,16.6,19.5,0.0,16260.4,2019-05-29 11:15:58
2019-05-29 12:00:00,22.3,73.0,21.8,74.0,1015.4,828.0,2.5,3.6,17.0,21.8,0.0,25242.1,2019-05-29 11:45:58
2019-05-29 12:30:00,22.5,72.0,22.4,71.0,1014.6,827.2,3.6,7.2,16.9,22.4,0.0,35004.0,2019-05-29 12:15:58
2019-05-29 13:00:00,22.9,70.0,23.1,64.0,1014.9,827.5,6.1,8.6,15.9,23.1,0.0,26012.9,2019-05-29 12:45:58
2019-05-29 13:30:00,23.2,69.0,21.5,72.0,1014.3,826.9,5.0,7.2,16.3,21.5,0.0,15564.8,2019-05-29 13:15:58
2019-05-29 14:00:00,23.0,70.0,23.0,68.0,1013.6,826.2,2.5,5.0,16.8,23.0,0.0,78422.6,2019-05-29 13:45:58
2019-05-29 14:30:00,23.5,70.0,22.5,69.0,1013.6,826.2,7.2,9.7,16.6,22.0,0.0,14700.0,2019-05-29 14:15:58
2019-05-29 15:00:00,23.4,70.0,21.6,72.0,1013.4,826.0,3.6,7.2,16.4,21.6,0.0,25759.1,2019-05-29 14:45:58
2019-05-29 15:30:00,23.8,69.0,22.9,68.0,1012.9,825.5,8.6,12.2,16.7,22.0,0.0,28856.4,2019-05-29 15:15:58
2019-05-29 16:00:00,24.2,66.0,24.4,60.0,1012.7,825.3,9.7,11.2,16.2,23.4,0.0,49324.9,2019-05-29 15:45:58
2019-05-29 16:30:00,24.5,64.0,22.9,67.0,1012.6,825.2,5.0,7.2,16.5,22.9,0.0,12260.7,2019-05-29 16:15:58
2019-05-29 17:00:00,24.6,65.0,22.9,68.0,1012.6,825.2,6.1,9.7,16.7,22.9,0.0,16199.3,2019-05-29 16:45:58
2019-05-29 17:30:00,24.5,65.0,21.8,71.0,1012.7,825.3,7.2,9.7,16.3,21.3,0.0,3374.0,2019-05-29 17:15:58
2019-05-29 18:00:00,24.0,65.0,20.3,76.0,1012.6,825.2,1.1,3.6,16.0,20.3,0.0,1692.0,2019-05-29 17:45:58
2019-05-29 18:30:00,23.7,67.0,19.3,81.0,1012.7,825.3,2.5,3.6,16.0,19.3,0.0,1026.0,2019-05-29 18:15:58
2019-05-29 19:00:00,23.4,68.0,18.7,83.0,1013.1,825.7,0.0,2.5,15.8,18.7,0.0,0.0,2019-05-29 18:45:58
2019-05-29 19:30:00,23.0,68.0,18.1,85.0,1013.1,825.7,0.0,1.1,15.6,18.1,0.0,0.0,2019-05-29 19:15:58
2019-05-29 20:00:00,22.5,68.0,18.3,87.0,1013.2,825.8,1.1,3.6,16.1,18.3,0.0,0.0,2019-05-29 19:45:58
2019-05-29 20:30:00,22.5,69.0,18.3,89.0,1013.6,826.2,2.5,3.6,16.5,18.3,0.0,0.0,2019-05-29 20:15:58
2019-05-29 21:00:00,22.5,71.0,18.3,90.0,1014.5,827.1,1.1,2.5,16.7,18.3,0.0,0.0,2019-05-29 20:45:58
2019-05-29 21:30:00,22.4,72.0,18.0,93.0,1014.6,827.2,7.2,8.6,16.9,17.3,1.5,0.0,2019-05-29 21:15:58
2019-05-29 22:00:00,22.2,73.0,17.3,93.0,1014.9,827.5,2.5,5.0,16.2,17.3,2.1,0.0,2019-05-29 21:45:58
2019-05-29 22:30:00,22.1,73.0,17.2,94.0,1014.9,827.5,0.0,0.0,16.2,17.2,0.0,0.0,2019-05-29 22:15:58
2019-05-29 23:00:00,22.0,73.0,17.0,95.0,1015.0,827.6,1.1,2.5,16.2,17.0,0.0,0.0,2019-05-29 22:45:58
2019-05-29 23:30:00,21.9,74.0,17.0,95.0,1015.2,827.8,2.5,3.6,16.2,17.0,0.0,0.0,2019-05-29 23:15:58
2019-05-30 00:00:00,21.8,74.0,16.7,96.0,1015.2,827.8,1.1,2.5,16.1,16.7,0.0,0.0,2019-05-29 23:45:58
2019-05-30 00:30:00,21.7,74.0,16.6,96.0,1015.0,827.6,0.0,0.0,16.0,16.6,0.0,0.0,2019-05-30 00:15:58
2019-05-30 01:00:00,21.6,74.0,16.7,96.0,1014.8,827.4,0.0,1.1,16.1,16.7,0.0,0.0,2019-05-30 00:45:58
2019-05-30 01:30:00,21.6,74.0,16.7,96.0,1014.6,827.2,0.0,1.1,16.1,16.7,0.0,0.0,2019-05-30 01:15:58
2019-05-30 02:00:00,21.5,74.0,16.7,94.0,1014.4,827.0,0.0,0.0,15.7,16.7,0.0,0.0,2019-05-30 01:45:58
2019-05-30 02:30:00,21.5,74.0,16.7,95.0,1014.4,827.0,0.0,0.0,15.9,16.7,0.0,0.0,2019-05-30 02:15:58
2019-05-30 03:00:00,21.4,74.0,16.5,96.0,1013.9,826.5,2.5,3.6,15.9,16.5,0.0,0.0,2019-05-30 02:45:58
2019-05-30 03:30:00,21.4,74.0,16.4,97.0,1013.8,826.4,0.0,0.0,15.9,16.4,0.0,0.0,2019-05-30 03:15:58
2019-05-30 04:00:00,21.3,74.0,16.5,97.0,1014.1,826.7,1.1,2.5,16.0,16.5,0.0,0.0,2019-05-30 03:45:58
2019-05-30 04:30:00,21.3,74.0,16.6,96.0,1013.9,826.5,0.0,2.5,16.0,16.6,0.3,0.0,2019-05-30 04:15:58
2019-05-30 05:00:00,21.2,74.0,16.6,96.0,1013.8,826.4,0.0,2.5,16.0,16.6,0.3,0.0,2019-05-30 04:45:58
2019-05-30 05:30:00,21.2,74.0,16.6,96.0,1013.8,826.4,0.0,0.0,16.0,16.6,0.3,0.0,2019-05-30 05:15:58
2019-05-30 06:00:00,21.1,74.0,16.4,96.0,1014.0,826.6,0.0,0.0,15.8,16.4,0.3,0.0,2019-05-30 05:45:58
2019-05-30 06:30:00,21.1,75.0,16.3,97.0,1013.9,826.5,0.0,0.0,15.8,16.3,0.0,82.5,2019-05-30 06:15:58
2019-05-30 07:00:00,21.0,75.0,16.4,97.0,1014.1,826.7,0.0,0.0,15.9,16.4,0.0,1343.2,2019-05-30 06:45:58
2019-05-30 07:30:00,21.0,75.0,16.4,98.0,1014.6,827.2,0.0,2.5,16.1,16.4,0.0,1579.5,2019-05-30 07:15:58
2019-05-30 08:00:00,21.0,76.0,16.6,98.0,1015.0,827.6,3.6,5.0,16.3,16.6,0.0,3008.0,2019-05-30 07:45:58
2019-05-30 08:30:00,21.1,76.0,16.6,98.0,1015.5,828.1,0.0,1.1,16.3,16.6,0.3,3554.0,2019-05-30 08:15:58
2019-05-30 09:00:00,21.1,78.0,16.8,98.0,1015.9,828.5,2.5,3.6,16.5,16.8,0.6,4424.0,2019-05-30 08:45:58
2019-05-30 09:30:00,21.2,78.0,16.8,98.0,1016.1,828.7,2.5,6.1,16.5,16.8,0.3,2828.0,2019-05-30 09:15:58
2019-05-30 10:00:00,21.2,78.0,16.2,97.0,1016.6,829.2,0.0,1.1,15.7,16.2,4.8,6752.0,2019-05-30 09:45:58
2019-05-30 10:30:00,21.3,76.0,16.7,98.0,1016.4,829.0,1.1,2.5,16.4,16.7,2.1,17031.2,2019-05-30 10:15:58
2019-05-30 11:00:00,21.6,76.0,17.4,96.0,1016.5,829.1,1.1,3.6,16.8,17.4,2.1,12364.1,2019-05-30 10:45:58
2019-05-30 11:30:00,21.8,74.0,18.5,93.0,1016.5,829.1,0.0,1.1,17.4,18.5,0.0,18187.4,2019-05-30 11:15:58
2019-05-30 12:00:00,22.0,74.0,19.5,88.0,1016.2,828.8,1.1,3.6,17.5,19.5,0.0,27023.4,2019-05-30 11:45:58
2019-05-30 12:30:00,22.2,74.0,19.5,86.0,1016.1,828.7,3.6,5.0,17.1,19.5,0.0,18450.6,2019-05-30 12:15:58
2019-05-30 13:00:00,22.0,75.0,18.9,90.0,1015.8,828.4,2.5,3.6,17.2,18.9,0.0,20025.1,2019-05-30 12:45:58
2019-05-30 13:30:00,21.9,76.0,19.4,89.0,1015.6,828.2,1.1,2.5,17.6,19.4,0.3,14794.0,2019-05-30 13:15:58
2019-05-30 14:00:00,22.0,75.0,18.8,92.0,1015.4,828.0,2.5,3.6,17.5,18.8,0.6,9560.0,2019-05-30 13:45:58
2019-05-30 14:30:00,22.0,75.0,18.6,90.0,1014.7,827.3,5.0,7.2,16.9,18.6,0.0,20513.9,2019-05-30 14:15:58
2019-05-30 15:00:00,22.1,76.0,19.6,85.0,1014.6,827.2,5.0,7.2,17.0,19.6,0.0,22915.6,2019-05-30 14:45:58
2019-05-30 15:30:00,22.3,74.0,20.8,80.0,1014.2,826.8,3.6,6.1,17.2,20.8,0.3,21999.1,2019-05-30 15:15:58
2019-05-30 16:00:00,22.5,73.0,20.3,80.0,1014.2,826.8,2.5,5.0,16.8,20.3,0.3,16006.6,2019-05-30 15:45:58
2019-05-30 16:30:00,22.8,72.0,21.8,74.0,1013.9,826.5,1.1,2.5,17.0,21.8,0.0,15038.4,2019-05-30 16:15:58
2019-05-30 17:00:00,22.9,74.0,20.6,83.0,1013.4,826.0,1.1,3.6,17.6,20.6,0.0,10634.5,2019-05-30 16:45:58
2019-05-30 17:30:00,23.0,74.0,20.6,83.0,1013.7,826.3,2.5,3.6,17.6,20.6,0.0,11659.1,2019-05-30 17:15:58
2019-05-30 18:00:00,23.1,73.0,20.8,80.0,1014.0,826.6,2.5,3.6,17.2,20.8,0.0,6314.0,2019-05-30 17:45:58
2019-05-30 18:30:00,23.2,73.0,19.6,83.0,1014.1,826.7,0.0,1.1,16.7,19.6,0.0,1854.0,2019-05-30 18:15:58
2019-05-30 19:00:00,22.8,72.0,18.2,89.0,1014.3,826.9,0.0,2.5,16.4,18.2,0.0,0.0,2019-05-30 18:45:58
2019-05-30 19:30:00,22.5,72.0,17.7,90.0,1014.2,826.8,0.0,0.0,16.1,17.7,0.0,0.0,2019-05-30 19:15:58
2019-05-30 20:00:00,22.5,72.0,17.6,92.0,1014.3,826.9,0.0,1.1,16.3,17.6,0.0,0.0,2019-05-30 19:45:58
2019-05-30 20:30:00,22.3,73.0,17.5,93.0,1014.8,827.4,1.1,2.5,16.4,17.5,0.0,0.0,2019-05-30 20:15:58
2019-05-30 21:00:00,22.1,73.0,17.2,93.0,1014.8,827.4,0.0,2.5,16.1,17.2,0.0,0.0,2019-05-30 20:45:58
2019-05-30 21:30:00,21.9,74.0,16.9,95.0,1014.9,827.5,1.1,3.6,16.1,16.9,0.0,0.0,2019-05-30 21:15:58
2019-05-30 22:00:00,21.6,74.0,16.6,96.0,1015.4,828.0,2.5,3.6,16.0,16.6,0.0,0.0,2019-05-30 21:45:58
2019-05-30 22:30:00,21.5,74.0,16.3,96.0,1015.3,827.9,1.1,2.5,15.7,16.3,0.0,0.0,2019-05-30 22:15:58
2019-05-30 23:00:00,21.3,74.0,16.2,97.0,1015.4,828.0,0.0,1.1,15.7,16.2,0.0,7.5,2019-05-30 22:45:58
2019-05-30 23:30:00,21.2,74.0,16.3,97.0,1016.0,828.6,1.1,3.6,15.8,16.3,0.0,0.0,2019-05-30 23:15:58
2019-05-31 00:00:00,21.2,74.0,16.7,97.0,1015.6,828.2,0.0,0.0,16.2,16.7,0.0,0.0,2019-05-30 23:45:58
2019-05-31 00:30:00,21.2,74.0,16.6,96.0,1015.4,828.0,0.0,0.0,16.0,16.6,0.0,0.0,2019-05-31 00:15:58
2019-05-31 01:00:00,21.1,75.0,16.4,97.0,1015.2,827.8,2.5,3.6,15.9,16.4,0.0,0.0,2019-05-31 00:45:58
2019-05-31 01:30:00,21.1,75.0,16.2,97.0,1015.2,827.8,0.0,0.0,15.7,16.2,0.0,0.0,2019-05-31 01:15:58
2019-05-31 02:00:00,21.0,75.0,16.2,97.0,1014.9,827.5,0.0,0.0,15.7,16.2,0.0,0.0,2019-05-31 01:45:58
2019-05-31 02:30:00,21.0,75.0,16.3,97.0,1014.5,827.1,0.0,0.0,15.8,16.3,0.0,0.0,2019-05-31 02:15:58
2019-05-31 03:00:00,21.0,75.0,16.3,97.0,1014.2,826.8,0.0,0.0,15.8,16.3,0.0,7.5,2019-05-31 02:45:58
2019-05-31 03:30:00,20.9,76.0,16.2,97.0,1014.4,827.0,0.0,1.1,15.7,16.2,0.0,0.0,2019-05-31 03:15:58
2019-05-31 04:00:00,20.9,76.0,16.3,98.0,1014.0,826.6,0.0,0.0,16.0,16.3,0.0,0.0,2019-05-31 03:45:58
2019-05-31 04:30:00,20.9,76.0,16.4,98.0,1014.2,826.8,0.0,0.0,16.1,16.4,0.0,7.5,2019-05-31 04:15:58
2019-05-31 05:00:00,20.9,76.0,16.2,97.0,1014.0,826.6,0.0,0.0,15.7,16.2,0.0,7.5,2019-05-31 04:45:58
2019-05-31 05:30:00,20.9,76.0,16.2,97.0,1014.0,826.6,0.0,0.0,15.7,16.2,0.0,15.0,2019-05-31 05:15:58
2019-05-31 06:00:00,20.9,76.0,16.2,98.0,1014.2,826.8,0.0,1.1,15.9,16.2,0.0,30.0,2019-05-31 05:45:58
2019-05-31 06:30:00,20.8,76.0,16.2,98.0,1014.5,827.1,0.0,1.1,15.9,16.2,0.0,60.0,2019-05-31 06:15:58
2019-05-31 07:00:00,20.8,77.0,16.4,98.0,1014.8,827.4,0.0,0.0,16.1,16.4,0.0,999.0,2019-05-31 06:45:58
2019-05-31 07:30:00,20.8,77.0,16.5,98.0,1015.2,827.8,2.5,3.6,16.2,16.5,0.0,4178.0,2019-05-31 07:15:58
2019-05-31 08:00:00,20.8,77.0,17.3,97.0,1015.6,828.2,0.0,1.1,16.8,17.3,0.0,10742.6,2019-05-31 07:45:58
2019-05-31 08:30:00,20.9,78.0,17.9,91.0,1016.0,828.6,1.1,3.6,16.4,17.9,0.0,13087.9,2019-05-31 08:15:58
2019-05-31 09:00:00,21.0,78.0,19.4,85.0,1016.0,828.6,3.6,6.1,16.8,19.4,0.0,18821.9,2019-05-31 08:45:58
2019-05-31 09:30:00,21.3,77.0,19.8,84.0,1016.4,829.0,2.5,3.6,17.0,19.8,0.0,20805.3,2019-05-31 09:15:58
2019-05-31 10:00:00,21.6,76.0,19.6,83.0,1016.3,828.9,0.0,2.5,16.7,19.6,0.0,19414.1,2019-05-31 09:45:58
2019-05-31 10:30:00,21.8,76.0,20.8,80.0,1016.4,829.0,5.0,7.2,17.2,20.8,0.0,29340.5,2019-05-31 10:15:58
2019-05-31 11:00:00,22.4,75.0,22.7,70.0,1016.1,828.7,7.2,11.2,17.0,22.2,0.0,51529.2,2019-05-31 10:45:58
2019-05-31 11:30:00,23.3,72.0,22.4,68.0,1016.3,828.9,6.1,9.7,16.2,22.4,0.0,23677.0,2019-05-31 11:15:58
2019-05-31 12:00:00,23.7,70.0,21.9,72.0,1016.1,828.7,7.2,11.2,16.6,21.4,0.0,29401.6,2019-05-31 11:45:58
2019-05-31 12:30:00,23.7,70.0,20.7,77.0,1016.0,828.6,7.2,12.2,16.5,20.1,0.0,12754.2,2019-05-31 12:15:58
2019-05-31 13:00:00,23.6,70.0,19.9,83.0,1015.4,828.0,3.6,6.1,17.0,19.9,0.0,15409.7,2019-05-31 12:45:58
2019-05-31 13:30:00,23.3,72.0,20.5,81.0,1015.3,827.9,2.5,3.6,17.2,20.5,0.0,12133.8,2019-05-31 13:15:58
2019-05-31 14:00:00,23.2,72.0,20.5,82.0,1014.9,827.5,2.5,3.6,17.3,20.5,0.0,16753.9,2019-05-31 13:45:58
2019-05-31 14:30:00,23.0,73.0,21.9,75.0,1014.3,826.9,2.5,3.6,17.3,21.9,0.0,36818.2,2019-05-31 14:15:58
2019-05-31 15:00:00,23.6,70.0,26.1,57.0,1013.5,826.1,7.2,11.2,16.9,25.8,0.0,80655.1,2019-05-31 14:45:58
2019-05-31 15:30:00,24.2,70.0,21.9,73.0,1013.6,826.2,8.6,12.2,16.9,20.9,0.0,19136.8,2019-05-31 15:15:58
2019-05-31 16:00:00,24.1,70.0,21.4,77.0,1013.3,825.9,5.0,8.6,17.2,21.4,0.0,21289.4,2019-05-31 15:45:58
2019-05-31 16:30:00,24.1,70.0,21.4,77.0,1013.2,825.8,3.6,5.0,17.2,21.4,0.0,10836.6,2019-05-31 16:15:58
2019-05-31 17:00:00,24.1,71.0,19.4,87.0,1013.3,825.9,0.0,3.6,17.2,19.4,1.5,3776.0,2019-05-31 16:45:58
2019-05-31 17:30:00,23.4,73.0,18.2,91.0,1013.2,825.8,1.1,2.5,16.7,18.2,3.9,1854.0,2019-05-31 17:15:58
2019-05-31 18:00:00,23.2,73.0,17.6,92.0,1013.4,826.0,1.1,2.5,16.3,17.6,5.4,2894.0,2019-05-31 17:45:58
2019-05-31 18:30:00,23.2,73.0,17.8,93.0,1013.4,826.0,0.0,1.1,16.7,17.8,0.0,202.5,2019-05-31 18:15:58
2019-05-31 19:00:00,23.0,73.0,17.5,94.0,1013.9,826.5,5.0,7.2,16.5,17.5,0.6,0.0,2019-05-31 18:45:58
2019-05-31 19:30:00,22.8,72.0,17.1,95.0,1014.3,826.9,0.0,1.1,16.3,17.1,3.0,0.0,2019-05-31 19:15:58
2019-05-31 20:00:00,22.6,73.0,17.0,95.0,1014.6,827.2,0.0,0.0,16.2,17.0,3.0,0.0,2019-05-31 19:45:58
2019-05-31 20:30:00,22.5,73.0,17.0,96.0,1014.6,827.2,0.0,0.0,16.4,17.0,0.0,0.0,2019-05-31 20:15:58
2019-05-31 21:00:00,22.3,73.0,17.1,97.0,1014.9,827.5,0.0,0.0,16.6,17.1,0.0,0.0,2019-05-31 20:45:58
2019-05-31 21:30:00,22.1,74.0,17.1,97.0,1015.1,827.7,0.0,0.0,16.6,17.1,0.0,0.0,2019-05-31 21:15:58
2019-05-31 22:00:00,22.0,74.0,17.0,97.0,1015.1,827.7,0.0,0.0,16.5,17.0,0.0,0.0,2019-05-31 21:45:58
2019-05-31 22:30:00,21.9,75.0,17.0,97.0,1015.3,827.9,0.0,0.0,16.5,17.0,0.0,0.0,2019-05-31 22:15:58
2019-05-31 23:00:00,21.8,75.0,17.0,97.0,1015.3,827.9,0.0,0.0,16.5,17.0,0.3,0.0,2019-05-31 22:45:58
2019-05-31 23:30:00,21.8,75.0,16.7,98.0,1015.4,828.0,1.1,2.5,16.4,16.7,0.0,0.0,2019-05-31 23:15:58
2019-06-01 00:00:00,21.7,75.0,16.7,98.0,1015.3,827.9,0.0,1.1,16.4,16.7,0.0,0.0,2019-05-31 23:45:58
2019-06-01 00:30:00,,,,,,,,,,,,,
2019-06-01 01:00:00,,,,,,,,,,,,,
2019-06-01 01:30:00,21.5,75.0,16.4,98.0,1014.5,827.1,0.0,0.0,16.1,16.4,0.6,0.0,2019-06-01 01:15:58
2019-06-01 02:00:00,21.4,75.0,16.4,98.0,1014.3,826.9,0.0,0.0,16.1,16.4,0.9,0.0,2019-06-01 01:45:58
2019-06-01 02:30:00,21.4,75.0,16.3,98.0,1014.2,826.8,0.0,0.0,16.0,16.3,0.0,0.0,2019-06-01 02:15:58
2019-06-01 03:00:00,21.3,75.0,16.4,98.0,1014.0,826.6,0.0,2.5,16.1,16.4,0.3,0.0,2019-06-01 02:45:58
2019-06-01 03:30:00,21.3,75.0,16.3,98.0,1014.0,826.6,0.0,0.0,16.0,16.3,0.3,0.0,2019-06-01 03:15:58
2019-06-01 04:00:00,21.2,75.0,16.3,98.0,1014.0,826.6,0.0,2.5,16.0,16.3,1.2,0.0,2019-06-01 03:45:58
2019-06-01 04:30:00,21.2,75.0,16.0,98.0,1014.0,826.6,0.0,1.1,15.7,16.0,1.2,0.0,2019-06-01 04:15:58
2019-06-01 05:00:00,21.1,75.0,15.9,99.0,1014.0,826.6,0.0,0.0,15.8,15.9,2.4,0.0,2019-06-01 04:45:58
2019-06-01 05:30:00,21.0,75.0,15.7,99.0,1013.6,826.2,0.0,0.0,15.6,15.7,1.2,15.0,2019-06-01 05:15:58
2019-06-01 06:00:00,21.0,74.0,15.6,99.0,1013.7,826.3,0.0,0.0,15.5,15.6,1.5,0.0,2019-06-01 05:45:58
2019-06-01 06:30:00,20.9,75.0,15.4,99.0,1014.2,826.8,0.0,0.0,15.3,15.4,0.3,112.5,2019-06-01 06:15:58
2019-06-01 07:00:00,20.8,75.0,15.5,99.0,1014.4,827.0,0.0,0.0,15.4,15.5,0.6,587.2,2019-06-01 06:45:58
2019-06-01 07:30:00,20.8,75.0,15.7,99.0,1014.4,827.0,0.0,0.0,15.6,15.7,0.0,2234.0,2019-06-01 07:15:58
2019-06-01 08:00:00,20.8,75.0,15.9,99.0,1015.0,827.6,0.0,0.0,15.8,15.9,0.0,6500.0,2019-06-01 07:45:58
2019-06-01 08:30:00,20.9,75.0,16.3,98.0,1015.3,827.9,0.0,0.0,16.0,16.3,0.0,7880.0,2019-06-01 08:15:58
2019-06-01 09:00:00,20.9,76.0,16.6,98.0,1015.5,828.1,0.0,0.0,16.3,16.6,0.0,7940.0,2019-06-01 08:45:58
2019-06-01 09:30:00,21.0,75.0,16.9,97.0,1015.8,828.4,0.0,0.0,16.4,16.9,0.0,6140.0,2019-06-01 09:15:58
2019-06-01 10:00:00,21.2,76.0,17.0,94.0,1016.0,828.6,1.1,2.5,16.0,17.0,0.0,12881.1,2019-06-01 09:45:58
2019-06-01 10:30:00,21.4,75.0,17.7,92.0,1016.1,828.7,1.1,3.6,16.4,17.7,0.0,11701.4,2019-06-01 10:15:58
2019-06-01 11:00:00,21.7,75.0,18.2,90.0,1016.1,828.7,2.5,3.6,16.6,18.2,0.0,20325.9,2019-06-01 10:45:58
2019-06-01 11:30:00,21.8,76.0,19.0,88.0,1015.6,828.2,5.0,6.1,17.0,19.0,0.0,20946.3,2019-06-01 11:15:58
2019-06-01 12:00:00,21.8,76.0,19.5,85.0,1015.7,828.3,3.6,5.0,16.9,19.5,0.0,22314.0,2019-06-01 11:45:58
2019-06-01 12:30:00,22.0,74.0,20.5,79.0,1015.5,828.1,3.6,5.0,16.8,20.5,0.0,23427.9,2019-06-01 12:15:58
2019-06-01 13:00:00,22.3,73.0,21.0,75.0,1015.3,827.9,3.6,7.2,16.4,21.0,0.0,26840.1,2019-06-01 12:45:58
2019-06-01 13:30:00,22.5,72.0,20.7,78.0,1015.0,827.6,7.2,8.6,16.8,20.1,0.0,18972.3,2019-06-01 13:15:58
2019-06-01 14:00:00,22.5,72.0,20.8,80.0,1014.5,827.1,5.0,6.1,17.2,20.8,0.0,21844.0,2019-06-01 13:45:58
2019-06-01 14:30:00,22.5,73.0,21.3,79.0,1013.8,826.4,5.0,6.1,17.5,21.3,0.0,26694.4,2019-06-01 14:15:58
2019-06-01 15:00:00,22.5,72.0,21.3,72.0,1013.7,826.3,2.5,3.6,16.1,21.3,0.0,23935.5,2019-06-01 14:45:58
2019-06-01 15:30:00,22.9,70.0,22.7,68.0,1013.2,825.8,3.6,6.1,16.5,22.7,0.0,27037.5,2019-06-01 15:15:58
2019-06-01 16:00:00,23.1,70.0,22.3,67.0,1012.9,825.5,3.6,6.1,15.9,22.3,0.0,19259.0,2019-06-01 15:45:58
2019-06-01 16:30:00,23.2,70.0,22.4,67.0,1012.7,825.3,5.0,6.1,16.0,22.4,0.0,18455.3,2019-06-01 16:15:58
2019-06-01 17:00:00,23.2,70.0,22.5,68.0,1012.7,825.3,2.5,3.6,16.3,22.5,0.0,14643.6,2019-06-01 16:45:58
2019-06-01 17:30:00,23.2,70.0,21.8,75.0,1012.7,825.3,3.6,6.1,17.2,21.8,0.0,11236.1,2019-06-01 17:15:58
2019-06-01 18:00:00,23.0,71.0,20.7,80.0,1013.1,825.7,0.0,1.1,17.2,20.7,0.0,5054.0,2019-06-01 17:45:58
2019-06-01 18:30:00,23.0,72.0,19.8,85.0,1013.2,825.8,2.5,3.6,17.2,19.8,0.0,600.7,2019-06-01 18:15:58
2019-06-01 19:00:00,22.5,73.0,18.6,89.0,1013.4,826.0,3.6,6.1,16.8,18.6,0.3,0.0,2019-06-01 18:45:58
2019-06-01 19:30:00,22.3,75.0,17.4,90.0,1013.6,826.2,1.1,2.5,15.8,17.4,1.2,0.0,2019-06-01 19:15:58
2019-06-01 20:00:00,22.1,74.0,17.0,92.0,1013.8,826.4,1.1,2.5,15.7,17.0,1.2,0.0,2019-06-01 19:45:58
2019-06-01 20:30:00,21.9,74.0,16.9,94.0,1014.0,826.6,1.1,3.6,15.9,16.9,0.0,0.0,2019-06-01 20:15:58
2019-06-01 21:00:00,21.8,73.0,16.6,94.0,1014.4,827.0,2.5,3.6,15.7,16.6,0.0,0.0,2019-06-01 20:45:58
2019-06-01 21:30:00,21.6,73.0,16.7,93.0,1014.7,827.3,0.0,0.0,15.6,16.7,0.0,0.0,2019-06-01 21:15:58
2019-06-01 22:00:00,21.5,73.0,16.5,95.0,1015.2,827.8,0.0,0.0,15.7,16.5,0.0,0.0,2019-06-01 21:45:58
2019-06-01 22:30:00,21.4,74.0,16.4,95.0,1015.3,827.9,0.0,1.1,15.6,16.4,0.0,0.0,2019-06-01 22:15:58
2019-06-01 23:00:00,21.3,73.0,16.2,95.0,1015.5,828.1,0.0,0.0,15.4,16.2,0.0,0.0,2019-06-01 22:45:58
2019-06-01 23:30:00,21.3,73.0,16.1,96.0,1015.7,828.3,0.0,0.0,15.5,16.1,0.0,0.0,2019-06-01 23:15:58
2019-06-02 00:00:00,21.2,73.0,16.0,96.0,1015.5,828.1,1.1,2.5,15.4,16.0,0.0,0.0,2019-06-01 23:45:58
2019-06-02 00:30:00,21.1,73.0,16.1,96.0,1015.3,827.9,0.0,0.0,15.5,16.1,0.0,0.0,2019-06-02 00:15:58
2019-06-02 01:00:00,21.1,73.0,16.3,96.0,1015.1,827.7,0.0,0.0,15.7,16.3,0.0,0.0,2019-06-02 00:45:58
2019-06-02 01:30:00,21.1,73.0,16.3,95.0,1014.5,827.1,1.1,5.0,15.5,16.3,0.0,0.0,2019-06-02 01:15:58
2019-06-02 02:00:00,21.0,73.0,16.1,96.0,1014.3,826.9,1.1,2.5,15.5,16.1,0.0,0.0,2019-06-02 01:45:58
2019-06-02 02:30:00,21.0,73.0,16.1,96.0,1013.8,826.4,1.1,3.6,15.5,16.1,0.0,0.0,2019-06-02 02:15:58
2019-06-02 03:00:00,20.9,74.0,16.0,95.0,1013.6,826.2,2.5,5.0,15.2,16.0,0.0,0.0,2019-06-02 02:45:58
2019-06-02 03:30:00,20.8,74.0,15.8,96.0,1013.1,825.7,0.0,0.0,15.2,15.8,0.0,0.0,2019-06-02 03:15:58
2019-06-02 04:00:00,20.8,74.0,15.6,96.0,1013.4,826.0,0.0,1.1,15.0,15.6,0.0,0.0,2019-06-02 03:45:58
2019-06-02 04:30:00,20.7,74.0,15.4,96.0,1013.1,825.7,0.0,2.5,14.8,15.4,0.0,0.0,2019-06-02 04:15:58
2019-06-02 05:00:00,20.6,73.0,15.0,96.0,1012.9,825.5,2.5,5.0,14.4,15.0,0.0,0.0,2019-06-02 04:45:58
2019-06-02 05:30:00,20.5,73.0,14.8,96.0,1013.0,825.6,2.5,3.6,14.2,14.8,0.0,0.0,2019-06-02 05:15:58
2019-06-02 06:00:00,20.3,72.0,14.7,94.0,1013.3,825.9,3.6,5.0,13.8,14.7,0.0,0.0,2019-06-02 05:45:58
2019-06-02 06:30:00,20.3,72.0,14.6,95.0,1013.3,825.9,0.0,1.1,13.8,14.6,0.0,580.5,2019-06-02 06:15:58
2019-06-02 07:00:00,20.2,71.0,14.8,94.0,1013.4,826.0,1.1,3.6,13.9,14.8,0.0,2330.0,2019-06-02 06:45:58
2019-06-02 07:30:00,20.2,71.0,15.3,93.0,1014.0,826.6,2.5,3.6,14.2,15.3,0.0,3440.0,2019-06-02 07:15:58
2019-06-02 08:00:00,20.3,71.0,21.6,64.0,1014.4,827.0,2.5,3.6,14.5,21.6,0.0,16453.1,2019-06-02 07:45:58
2019-06-02 08:30:00,20.6,71.0,21.3,62.0,1014.8,827.4,3.6,6.1,13.8,21.3,0.0,12791.8,2019-06-02 08:15:58
2019-06-02 09:00:00,20.7,71.0,20.5,71.0,1014.9,827.5,5.0,6.1,15.1,20.5,0.0,44610.8,2019-06-02 08:45:58
2019-06-02 09:30:00,21.1,70.0,21.5,70.0,1015.1,827.7,3.6,6.1,15.8,21.5,0.0,40427.8,2019-06-02 09:15:58
2019-06-02 10:00:00,21.6,70.0,21.8,70.0,1015.3,827.9,5.0,6.1,16.1,21.8,0.0,35229.6,2019-06-02 09:45:58
2019-06-02 10:30:00,22.0,69.0,22.0,68.0,1015.4,828.0,5.0,8.6,15.8,22.0,0.0,30764.6,2019-06-02 10:15:58
2019-06-02 11:00:00,22.4,69.0,21.6,72.0,1015.3,827.9,5.0,8.6,16.4,21.6,0.0,22605.4,2019-06-02 10:45:58
2019-06-02 11:30:00,22.5,70.0,21.4,72.0,1015.5,828.1,1.1,3.6,16.2,21.4,0.0,16655.2,2019-06-02 11:15:58
2019-06-02 12:00:00,22.5,70.0,21.9,71.0,1015.4,828.0,6.1,9.7,16.4,21.9,0.0,16377.9,2019-06-02 11:45:58
2019-06-02 12:30:00,22.5,70.0,22.8,70.0,1015.2,827.8,3.6,5.0,17.1,22.8,0.0,27056.3,2019-06-02 12:15:58
2019-06-02 13:00:00,22.8,70.0,22.5,69.0,1014.8,827.4,3.6,6.1,16.6,22.5,0.0,63330.9,2019-06-02 12:45:58
2019-06-02 13:30:00,23.2,71.0,22.8,69.0,1014.7,827.3,2.5,5.0,16.8,22.8,0.0,21872.2,2019-06-02 13:15:58
2019-06-02 14:00:00,23.2,71.0,20.7,79.0,1014.5,827.1,5.0,7.2,17.0,20.7,0.0,13741.2,2019-06-02 13:45:58
2019-06-02 14:30:00,22.8,71.0,22.3,74.0,1013.8,826.4,1.1,2.5,17.5,22.3,0.0,16241.6,2019-06-02 14:15:58
2019-06-02 15:00:00,22.8,71.0,24.0,65.0,1012.9,825.5,1.1,5.0,17.0,24.0,0.0,20236.6,2019-06-02 14:45:58
2019-06-02 15:30:00,23.2,73.0,24.6,64.0,1012.7,825.3,2.5,3.6,17.4,24.6,0.0,22088.4,2019-06-02 15:15:58
2019-06-02 16:00:00,23.6,72.0,26.6,56.0,1012.2,824.8,6.1,9.7,17.1,26.6,0.0,48140.5,2019-06-02 15:45:58
2019-06-02 16:30:00,24.2,71.0,25.4,62.0,1012.4,825.0,3.6,6.1,17.6,25.4,0.0,34590.4,2019-06-02 16:15:58
2019-06-02 17:00:00,24.5,70.0,23.6,71.0,1012.4,825.0,5.0,6.1,18.1,23.6,0.0,15268.7,2019-06-02 16:45:58
2019-06-02 17:30:00,24.4,70.0,24.3,65.0,1012.5,825.1,1.1,2.5,17.3,24.3,0.0,18854.8,2019-06-02 17:15:58
2019-06-02 18:00:00,24.4,70.0,23.6,69.0,1012.8,825.4,2.5,5.0,17.6,23.6,0.0,12599.1,2019-06-02 17:45:58
2019-06-02 18:30:00,24.3,71.0,22.3,75.0,1012.8,825.4,3.6,5.0,17.7,22.3,0.0,4892.0,2019-06-02 18:15:58
2019-06-02 19:00:00,24.1,71.0,20.6,83.0,1013.0,825.6,2.5,3.6,17.6,20.6,0.0,30.0,2019-06-02 18:45:58
2019-06-02 19:30:00,23.4,74.0,19.3,90.0,1013.2,825.8,1.1,3.6,17.6,19.3,0.0,0.0,2019-06-02 19:15:58
2019-06-02 20:00:00,22.9,74.0,18.8,92.0,1013.4,826.0,2.5,3.6,17.5,18.8,0.0,0.0,2019-06-02 19:45:58
2019-06-02 20:30:00,22.8,74.0,18.4,91.0,1013.9,826.5,2.5,3.6,16.9,18.4,0.0,0.0,2019-06-02 20:15:58
2019-06-02 21:00:00,22.5,73.0,18.2,90.0,1013.9,826.5,0.0,2.5,16.6,18.2,0.0,0.0,2019-06-02 20:45:58
2019-06-02 21:30:00,22.3,73.0,17.9,88.0,1013.9,826.5,1.1,2.5,15.9,17.9,0.0,0.0,2019-06-02 21:15:58
2019-06-02 22:00:00,22.1,72.0,17.5,89.0,1014.8,827.4,2.5,5.0,15.7,17.5,0.0,0.0,2019-06-02 21:45:58
2019-06-02 22:30:00,21.9,73.0,17.2,89.0,1014.8,827.4,1.1,2.5,15.4,17.2,0.0,0.0,2019-06-02 22:15:58
2019-06-02 23:00:00,21.8,72.0,17.6,88.0,1015.0,827.6,2.5,3.6,15.6,17.6,0.0,0.0,2019-06-02 22:45:58
2019-06-02 23:30:00,21.8,72.0,17.0,88.0,1014.9,827.5,3.6,6.1,15.0,17.0,0.0,0.0,2019-06-02 23:15:58
2019-06-03 00:00:00,21.7,71.0,17.0,88.0,1014.6,827.2,2.5,3.6,15.0,17.0,0.0,0.0,2019-06-02 23:45:58
2019-06-03 00:30:00,21.5,71.0,16.9,91.0,1014.0,826.6,2.5,3.6,15.4,16.9,0.0,0.0,2019-06-03 00:15:58
2019-06-03 01:00:00,21.4,71.0,16.9,87.0,1013.8,826.4,5.0,8.6,14.7,16.9,0.0,0.0,2019-06-03 00:45:58
2019-06-03 01:30:00,21.3,71.0,17.0,81.0,1013.5,826.1,2.5,3.6,13.7,17.0,0.0,0.0,2019-06-03 01:15:58
2019-06-03 02:00:00,21.2,70.0,16.8,85.0,1013.4,826.0,2.5,5.0,14.3,16.8,0.0,0.0,2019-06-03 01:45:58
2019-06-03 02:30:00,21.1,69.0,17.0,83.0,1013.3,825.9,1.1,3.6,14.1,17.0,0.0,0.0,2019-06-03 02:15:58
2019-06-03 03:00:00,21.1,70.0,16.6,89.0,1013.1,825.7,2.5,3.6,14.8,16.6,0.0,0.0,2019-06-03 02:45:58
2019-06-03 03:30:00,21.1,70.0,16.6,85.0,1013.0,825.6,1.1,3.6,14.1,16.6,0.0,0.0,2019-06-03 03:15:58
2019-06-03 04:00:00,21.0,70.0,16.6,89.0,1012.6,825.2,2.5,3.6,14.8,16.6,0.0,0.0,2019-06-03 03:45:58
2019-06-03 04:30:00,20.9,71.0,16.1,86.0,1012.7,825.3,1.1,2.5,13.8,16.1,0.0,0.0,2019-06-03 04:15:58
2019-06-03 05:00:00,20.8,71.0,16.7,88.0,1012.7,825.3,8.6,13.3,14.7,15.3,0.0,0.0,2019-06-03 04:45:58
2019-06-03 05:30:00,20.8,71.0,16.7,88.0,1012.9,825.5,1.1,2.5,14.7,16.7,0.0,0.0,2019-06-03 05:15:58
2019-06-03 06:00:00,20.7,71.0,16.3,89.0,1013.4,826.0,2.5,5.0,14.5,16.3,0.0,0.0,2019-06-03 05:45:58
2019-06-03 06:30:00,20.7,72.0,16.1,90.0,1013.7,826.3,1.1,2.5,14.5,16.1,0.0,22.5,2019-06-03 06:15:58
2019-06-03 07:00:00,20.7,72.0,16.5,91.0,1013.9,826.5,1.1,2.5,15.0,16.5,0.0,2108.0,2019-06-03 06:45:58
2019-06-03 07:30:00,20.8,73.0,17.2,88.0,1014.2,826.8,2.5,3.6,15.2,17.2,0.0,5942.0,2019-06-03 07:15:58
2019-06-03 08:00:00,20.8,73.0,18.2,86.0,1014.5,827.1,0.0,1.1,15.8,18.2,0.0,7892.0,2019-06-03 07:45:58
2019-06-03 08:30:00,20.9,73.0,19.3,81.0,1014.8,827.4,0.0,2.5,16.0,19.3,0.0,13191.3,2019-06-03 08:15:58
2019-06-03 09:00:00,21.1,72.0,21.5,72.0,1015.1,827.7,5.0,6.1,16.3,21.5,0.0,30233.5,2019-06-03 08:45:58
2019-06-03 09:30:00,21.6,72.0,23.8,64.0,1015.3,827.9,5.0,8.6,16.6,23.8,0.0,40907.2,2019-06-03 09:15:58
2019-06-03 10:00:00,22.2,70.0,21.5,71.0,1015.1,827.7,3.6,7.2,16.0,21.5,0.0,36747.7,2019-06-03 09:45:58
2019-06-03 10:30:00,22.8,69.0,24.9,62.0,1015.3,827.9,1.1,3.6,17.1,24.9,0.0,18032.3,2019-06-03 10:15:58
2019-06-03 11:00:00,23.3,69.0,23.7,66.0,1015.3,827.9,6.1,7.2,17.0,23.7,0.0,25044.7,2019-06-03 10:45:58
2019-06-03 11:30:00,23.9,69.0,23.8,68.0,1015.2,827.8,8.6,9.7,17.6,23.0,0.0,30031.4,2019-06-03 11:15:58
2019-06-03 12:00:00,24.1,68.0,22.8,70.0,1015.3,827.9,6.1,9.7,17.1,22.8,0.0,22097.8,2019-06-03 11:45:58
2019-06-03 12:30:00,24.2,68.0,24.1,67.0,1014.9,827.5,6.1,8.6,17.6,24.1,0.0,19945.2,2019-06-03 12:15:58
2019-06-03 13:00:00,24.3,68.0,24.0,66.0,1014.9,827.5,3.6,6.1,17.3,24.0,0.0,38655.9,2019-06-03 12:45:58
2019-06-03 13:30:00,24.6,67.0,26.0,56.0,1014.5,827.1,3.6,6.1,16.6,26.0,0.0,30694.1,2019-06-03 13:15:58
2019-06-03 14:00:00,25.1,65.0,26.5,57.0,1013.9,826.5,3.6,7.2,17.3,26.5,0.0,40014.2,2019-06-03 13:45:58
2019-06-03 14:30:00,25.7,64.0,27.7,52.0,1013.7,826.3,11.2,12.2,17.0,26.9,0.0,22393.9,2019-06-03 14:15:58
2019-06-03 15:00:00,26.0,61.0,25.9,54.0,1013.5,826.1,9.7,12.2,15.9,25.1,0.0,19978.1,2019-06-03 14:45:58
2019-06-03 15:30:00,25.8,61.0,24.5,61.0,1013.4,826.0,12.2,19.4,16.5,23.1,0.0,11066.9,2019-06-03 15:15:58
2019-06-03 16:00:00,25.3,60.0,23.6,63.0,1013.2,825.8,3.6,6.1,16.2,23.6,0.0,14930.3,2019-06-03 15:45:58
2019-06-03 16:30:00,25.0,61.0,23.0,66.0,1013.1,825.7,2.5,3.6,16.3,23.0,0.0,10023.5,2019-06-03 16:15:58
2019-06-03 17:00:00,25.0,62.0,22.5,69.0,1013.1,825.7,2.5,5.0,16.6,22.5,0.0,10573.4,2019-06-03 16:45:58
2019-06-03 17:30:00,24.8,64.0,22.4,69.0,1013.0,825.6,1.1,2.5,16.5,22.4,0.0,6644.0,2019-06-03 17:15:58
2019-06-03 18:00:00,24.5,65.0,21.9,70.0,1012.9,825.5,1.1,2.5,16.2,21.9,0.0,3494.0,2019-06-03 17:45:58
2019-06-03 18:30:00,24.3,65.0,20.9,73.0,1013.3,825.9,3.6,5.0,15.9,20.9,0.0,634.5,2019-06-03 18:15:58
2019-06-03 19:00:00,23.9,66.0,20.1,77.0,1014.1,826.7,5.0,6.1,16.0,20.1,0.0,0.0,2019-06-03 18:45:58
2019-06-03 19:30:00,23.7,67.0,19.9,83.0,1014.3,826.9,0.0,1.1,17.0,19.9,0.0,0.0,2019-06-03 19:15:58
2019-06-03 20:00:00,23.4,69.0,19.4,86.0,1014.4,827.0,1.1,2.5,17.0,19.4,0.0,0.0,2019-06-03 19:45:58
2019-06-03 20:30:00,23.2,70.0,18.7,89.0,1014.8,827.4,2.5,3.6,16.9,18.7,0.0,0.0,2019-06-03 20:15:58
2019-06-03 21:00:00,22.9,70.0,18.4,90.0,1015.2,827.8,1.1,2.5,16.8,18.4,0.0,0.0,2019-06-03 20:45:58
2019-06-03 21:30:00,22.5,71.0,18.3,91.0,1015.5,828.1,1.1,2.5,16.8,18.3,0.0,0.0,2019-06-03 21:15:58
2019-06-03 22:00:00,22.5,71.0,18.2,91.0,1015.8,828.4,3.6,5.0,16.7,18.2,0.0,0.0,2019-06-03 21:45:58
2019-06-03 22:30:00,22.5,71.0,18.3,91.0,1015.3,827.9,1.1,2.5,16.8,18.3,0.0,0.0,2019-06-03 22:15:58
2019-06-03 23:00:00,22.4,71.0,18.0,92.0,1015.7,828.3,0.0,1.1,16.7,18.0,0.0,0.0,2019-06-03 22:45:58
2019-06-03 23:30:00,22.3,71.0,17.8,92.0,1015.5,828.1,1.1,2.5,16.5,17.8,0.0,0.0,2019-06-03 23:15:58
2019-06-04 00:00:00,22.3,71.0,17.9,91.0,1015.5,828.1,0.0,1.1,16.4,17.9,0.0,0.0,2019-06-03 23:45:58
2019-06-04 00:30:00,22.2,72.0,17.9,91.0,1015.5,828.1,2.5,6.1,16.4,17.9,0.0,0.0,2019-06-04 00:15:58
2019-06-04 01:00:00,22.1,72.0,18.3,87.0,1015.3,827.9,5.0,8.6,16.1,18.3,0.0,0.0,2019-06-04 00:45:58
2019-06-04 01:30:00,22.1,71.0,18.2,86.0,1015.1,827.7,3.6,7.2,15.8,18.2,0.0,0.0,2019-06-04 01:15:58
2019-06-04 02:00:00,22.0,71.0,17.8,85.0,1014.6,827.2,2.5,5.0,15.3,17.8,0.0,0.0,2019-06-04 01:45:58
2019-06-04 02:30:00,21.8,71.0,17.4,86.0,1014.2,826.8,0.0,1.1,15.1,17.4,0.0,0.0,2019-06-04 02:15:58
2019-06-04 03:00:00,21.7,70.0,16.8,87.0,1013.9,826.5,0.0,1.1,14.6,16.8,0.0,0.0,2019-06-04 02:45:58
2019-06-04 03:30:00,21.6,70.0,16.7,87.0,1013.7,826.3,2.5,5.0,14.5,16.7,0.0,0.0,2019-06-04 03:15:58
2019-06-04 04:00:00,21.5,70.0,16.1,89.0,1013.7,826.3,3.6,6.1,14.3,16.1,0.0,0.0,2019-06-04 03:45:58
2019-06-04 04:30:00,21.3,70.0,16.2,89.0,1013.8,826.4,1.1,2.5,14.4,16.2,0.0,0.0,2019-06-04 04:15:58
2019-06-04 05:00:00,21.3,69.0,15.8,91.0,1013.7,826.3,2.5,5.0,14.4,15.8,0.0,0.0,2019-06-04 04:45:58
2019-06-04 05:30:00,21.2,69.0,15.8,92.0,1013.6,826.2,2.5,5.0,14.5,15.8,0.0,0.0,2019-06-04 05:15:58
2019-06-04 06:00:00,21.1,69.0,15.7,92.0,1013.9,826.5,1.1,2.5,14.4,15.7,0.0,0.0,2019-06-04 05:45:58
2019-06-04 06:30:00,21.1,69.0,15.7,92.0,1014.0,826.6,3.6,5.0,14.4,15.7,0.0,127.5,2019-06-04 06:15:58
2019-06-04 07:00:00,21.0,69.0,16.1,90.0,1014.4,827.0,2.5,3.6,14.5,16.1,0.0,2696.0,2019-06-04 06:45:58
2019-06-04 07:30:00,20.9,70.0,17.1,88.0,1014.6,827.2,2.5,3.6,15.1,17.1,0.0,3614.0,2019-06-04 07:15:58
2019-06-04 08:00:00,21.1,70.0,25.0,61.0,1014.7,827.3,0.0,1.1,17.0,25.0,0.0,19216.7,2019-06-04 07:45:58
2019-06-04 08:30:00,21.4,70.0,25.8,52.0,1014.6,827.2,0.0,2.5,15.2,25.8,0.0,24461.9,2019-06-04 08:15:58
2019-06-04 09:00:00,21.9,69.0,24.2,55.0,1014.9,827.5,2.5,5.0,14.6,24.2,0.0,35065.1,2019-06-04 08:45:58
2019-06-04 09:30:00,22.4,68.0,23.6,63.0,1015.1,827.7,5.0,7.2,16.2,23.6,0.0,48121.7,2019-06-04 09:15:58
2019-06-04 10:00:00,22.8,68.0,22.5,69.0,1015.5,828.1,3.6,6.1,16.6,22.5,0.0,27375.9,2019-06-04 09:45:58
2019-06-04 10:30:00,23.3,68.0,23.7,66.0,1015.4,828.0,3.6,6.1,17.0,23.7,0.0,48234.5,2019-06-04 10:15:58
2019-06-04 11:00:00,24.1,67.0,25.7,59.0,1015.3,827.9,6.1,8.6,17.1,25.7,0.0,39802.7,2019-06-04 10:45:58
2019-06-04 11:30:00,24.6,65.0,24.7,62.0,1015.5,828.1,3.6,6.1,17.0,24.7,0.0,49987.6,2019-06-04 11:15:58
2019-06-04 12:00:00,24.9,65.0,23.9,64.0,1015.4,828.0,2.5,3.6,16.7,23.9,0.0,37119.0,2019-06-04 11:45:58
2019-06-04 12:30:00,24.9,65.0,25.6,60.0,1015.0,827.6,7.2,11.2,17.3,25.2,0.0,62846.8,2019-06-04 12:15:58
2019-06-04 13:00:00,25.1,64.0,23.6,67.0,1014.8,827.4,9.7,13.3,17.1,22.5,0.0,18225.0,2019-06-04 12:45:58
2019-06-04 13:30:00,25.0,65.0,24.6,65.0,1014.8,827.4,3.6,7.2,17.6,24.6,0.0,85773.4,2019-06-04 13:15:58
2019-06-04 14:00:00,25.4,64.0,25.3,60.0,1014.5,827.1,7.2,9.7,17.0,24.9,0.0,18934.7,2019-06-04 13:45:58
2019-06-04 14:30:00,25.4,64.0,25.0,61.0,1014.1,826.7,9.7,13.3,17.0,24.1,0.0,22981.4,2019-06-04 14:15:58
2019-06-04 15:00:00,25.6,62.0,25.3,54.0,1013.8,826.4,3.6,8.6,15.4,25.3,0.0,19085.1,2019-06-04 14:45:58
2019-06-04 15:30:00,25.8,61.0,27.4,48.0,1013.5,826.1,3.6,6.1,15.5,27.4,0.0,14215.9,2019-06-04 15:15:58
2019-06-04 16:00:00,25.9,61.0,26.1,54.0,1013.2,825.8,3.6,5.0,16.1,26.1,0.0,23150.6,2019-06-04 15:45:58
2019-06-04 16:30:00,26.0,60.0,26.0,55.0,1012.9,825.5,6.1,11.2,16.3,26.0,0.0,31056.0,2019-06-04 16:15:58
2019-06-04 17:00:00,26.0,60.0,25.9,58.0,1013.2,825.8,3.6,5.0,17.0,25.9,0.0,24922.5,2019-06-04 16:45:58
2019-06-04 17:30:00,26.2,60.0,26.9,53.0,1013.1,825.7,5.0,9.7,16.5,26.9,0.0,14446.2,2019-06-04 17:15:58
2019-06-04 18:00:00,26.2,61.0,25.7,60.0,1013.3,825.9,11.2,13.3,17.4,24.7,0.0,7406.0,2019-06-04 17:45:58
2019-06-04 18:30:00,25.9,62.0,22.4,71.0,1013.4,826.0,2.5,3.6,16.9,22.4,0.0,1032.7,2019-06-04 18:15:58
2019-06-04 19:00:00,25.3,63.0,21.0,77.0,1013.6,826.2,0.0,1.1,16.8,21.0,0.0,22.5,2019-06-04 18:45:58
2019-06-04 19:30:00,24.9,65.0,20.5,80.0,1013.7,826.3,2.5,5.0,17.0,20.5,0.0,0.0,2019-06-04 19:15:58
2019-06-04 20:00:00,24.5,65.0,19.7,84.0,1014.0,826.6,2.5,3.6,16.9,19.7,0.0,0.0,2019-06-04 19:45:58
2019-06-04 20:30:00,24.1,66.0,19.3,86.0,1014.0,826.6,2.5,3.6,16.9,19.3,0.0,0.0,2019-06-04 20:15:58
2019-06-04 21:00:00,23.9,68.0,18.8,88.0,1014.2,826.8,2.5,3.6,16.8,18.8,0.0,0.0,2019-06-04 20:45:58
2019-06-04 21:30:00,23.6,69.0,18.7,88.0,1014.5,827.1,2.5,3.6,16.7,18.7,0.0,0.0,2019-06-04 21:15:58
2019-06-04 22:00:00,23.4,69.0,18.4,88.0,1014.4,827.0,3.6,6.1,16.4,18.4,0.0,0.0,2019-06-04 21:45:58
2019-06-04 22:30:00,23.2,69.0,18.4,88.0,1015.0,827.6,0.0,1.1,16.4,18.4,0.0,0.0,2019-06-04 22:15:58
2019-06-04 23:00:00,23.0,69.0,18.4,88.0,1015.1,827.7,1.1,3.6,16.4,18.4,0.0,0.0,2019-06-04 22:45:58
2019-06-04 23:30:00,22.8,69.0,18.3,87.0,1015.0,827.6,2.5,3.6,16.1,18.3,0.0,0.0,2019-06-04 23:15:58
2019-06-05 00:00:00,22.8,69.0,18.3,89.0,1014.8,827.4,2.5,3.6,16.5,18.3,0.0,0.0,2019-06-04 23:45:58
2019-06-05 00:30:00,22.5,69.0,18.2,90.0,1014.8,827.4,1.1,2.5,16.6,18.2,0.0,0.0,2019-06-05 00:15:58
2019-06-05 01:00:00,22.5,69.0,18.2,91.0,1015.2,827.8,1.1,2.5,16.7,18.2,0.0,0.0,2019-06-05 00:45:58
2019-06-05 01:30:00,22.6,70.0,18.3,90.0,1014.8,827.4,1.1,2.5,16.7,18.3,0.0,0.0,2019-06-05 01:15:58
2019-06-05 02:00:00,22.5,70.0,18.2,91.0,1014.7,827.3,3.6,6.1,16.7,18.2,0.3,0.0,2019-06-05 01:45:58
2019-06-05 02:30:00,22.6,70.0,18.1,92.0,1014.3,826.9,0.0,2.5,16.8,18.1,0.0,0.0,2019-06-05 02:15:58
2019-06-05 03:00:00,22.5,70.0,18.3,85.0,1014.1,826.7,6.1,9.7,15.8,18.3,0.0,0.0,2019-06-05 02:45:58
2019-06-05 03:30:00,22.4,70.0,17.9,88.0,1013.9,826.5,1.1,2.5,15.9,17.9,0.0,0.0,2019-06-05 03:15:58
2019-06-05 04:00:00,22.3,70.0,17.4,88.0,1013.7,826.3,0.0,2.5,15.4,17.4,0.0,0.0,2019-06-05 03:45:58
2019-06-05 04:30:00,22.2,69.0,17.4,88.0,1014.0,826.6,0.0,1.1,15.4,17.4,0.0,0.0,2019-06-05 04:15:58
2019-06-05 05:00:00,22.2,69.0,17.5,88.0,1014.0,826.6,1.1,2.5,15.5,17.5,0.0,0.0,2019-06-05 04:45:58
2019-06-05 05:30:00,22.1,69.0,17.1,90.0,1013.9,826.5,2.5,5.0,15.5,17.1,0.0,0.0,2019-06-05 05:15:58
2019-06-05 06:00:00,22.1,70.0,17.1,90.0,1013.7,826.3,2.5,3.6,15.5,17.1,0.0,0.0,2019-06-05 05:45:58
2019-06-05 06:30:00,22.0,70.0,17.1,90.0,1013.5,826.1,0.0,0.0,15.5,17.1,0.0,0.0,2019-06-05 06:15:58
2019-06-05 07:00:00,21.9,71.0,17.4,90.0,1013.7,826.3,2.5,5.0,15.8,17.4,0.0,2882.0,2019-06-05 06:45:58
2019-06-05 07:30:00,22.0,70.0,18.1,88.0,1014.0,826.6,0.0,2.5,16.1,18.1,0.0,3686.0,2019-06-05 07:15:58
2019-06-05 08:00:00,21.9,72.0,18.2,89.0,1014.4,827.0,2.5,3.6,16.4,18.2,0.0,7100.0,2019-06-05 07:45:58
2019-06-05 08:30:00,22.0,71.0,19.6,85.0,1014.7,827.3,0.0,1.1,17.0,19.6,0.0,11950.5,2019-06-05 08:15:58
2019-06-05 09:00:00,22.2,72.0,23.5,68.0,1014.8,827.4,0.0,1.1,17.3,23.5,0.0,37678.3,2019-06-05 08:45:58
2019-06-05 09:30:00,22.8,70.0,25.3,57.0,1014.9,827.5,3.6,5.0,16.2,25.3,0.0,46279.3,2019-06-05 09:15:58
2019-06-05 10:00:00,23.6,68.0,25.3,58.0,1014.6,827.2,6.1,7.2,16.5,25.3,0.0,53493.8,2019-06-05 09:45:58
2019-06-05 10:30:00,24.5,65.0,24.6,61.0,1015.0,827.6,6.1,8.6,16.6,24.6,0.0,65492.9,2019-06-05 10:15:58
2019-06-05 11:00:00,24.7,64.0,24.8,62.0,1015.2,827.8,8.6,11.2,17.1,24.1,0.0,66052.2,2019-06-05 10:45:58
2019-06-05 11:30:00,25.0,62.0,24.8,56.0,1015.2,827.8,5.0,8.6,15.5,24.8,0.0,42603.9,2019-06-05 11:15:58
2019-06-05 12:00:00,25.4,61.0,24.4,62.0,1015.0,827.6,3.6,5.0,16.7,24.4,0.0,37166.0,2019-06-05 11:45:58
2019-06-05 12:30:00,25.3,61.0,23.0,66.0,1014.9,827.5,6.1,8.6,16.3,23.0,0.0,23019.0,2019-06-05 12:15:58
2019-06-05 13:00:00,25.5,62.0,24.7,60.0,1014.4,827.0,6.1,9.7,16.4,24.7,0.0,31225.2,2019-06-05 12:45:58
2019-06-05 13:30:00,25.6,60.0,24.9,58.0,1014.2,826.8,2.5,5.0,16.1,24.9,0.0,61150.1,2019-06-05 13:15:58
2019-06-05 14:00:00,25.6,57.0,23.8,60.0,1014.1,826.7,3.6,6.1,15.6,23.8,0.0,15499.0,2019-06-05 13:45:58
2019-06-05 14:30:00,25.7,58.0,24.8,61.0,1013.7,826.3,7.2,11.2,16.8,24.4,0.0,22859.2,2019-06-05 14:15:58
2019-06-05 15:00:00,25.7,57.0,24.0,60.0,1013.4,826.0,1.1,2.5,15.8,24.0,0.0,18206.2,2019-06-05 14:45:58
2019-06-05 15:30:00,25.5,58.0,24.4,55.0,1013.2,825.8,2.5,3.6,14.8,24.4,0.0,15856.2,2019-06-05 15:15:58
2019-06-05 16:00:00,25.5,58.0,23.1,64.0,1013.2,825.8,6.1,7.2,15.9,23.1,0.0,12453.4,2019-06-05 15:45:58
2019-06-05 16:30:00,25.4,60.0,22.6,66.0,1012.9,825.5,3.6,5.0,16.0,22.6,0.0,11132.7,2019-06-05 16:15:58
2019-06-05 17:00:00,25.5,60.0,22.2,69.0,1012.9,825.5,2.5,3.6,16.3,22.2,0.0,10098.7,2019-06-05 16:45:58
2019-06-05 17:30:00,25.4,61.0,22.1,70.0,1013.1,825.7,1.1,2.5,16.4,22.1,0.0,8330.0,2019-06-05 17:15:58
2019-06-05 18:00:00,25.2,61.0,21.3,71.0,1013.3,825.9,1.1,2.5,15.9,21.3,0.0,4646.0,2019-06-05 17:45:58
2019-06-05 18:30:00,25.1,61.0,20.5,76.0,1013.5,826.1,1.1,2.5,16.1,20.5,0.0,1471.5,2019-06-05 18:15:58
2019-06-05 19:00:00,24.8,63.0,19.7,81.0,1013.9,826.5,1.1,2.5,16.4,19.7,0.0,0.0,2019-06-05 18:45:58
2019-06-05 19:30:00,24.5,64.0,19.4,83.0,1014.1,826.7,2.5,3.6,16.5,19.4,0.0,0.0,2019-06-05 19:15:58
2019-06-05 20:00:00,23.9,65.0,19.0,84.0,1014.0,826.6,1.1,3.6,16.3,19.0,0.0,0.0,2019-06-05 19:45:58
2019-06-05 20:30:00,23.6,66.0,19.0,85.0,1013.8,826.4,1.1,2.5,16.4,19.0,0.0,0.0,2019-06-05 20:15:58
2019-06-05 21:00:00,23.6,67.0,18.4,89.0,1014.4,827.0,2.5,3.6,16.6,18.4,0.0,0.0,2019-06-05 20:45:58
2019-06-05 21:30:00,23.4,68.0,18.4,89.0,1014.8,827.4,1.1,2.5,16.6,18.4,0.0,0.0,2019-06-05 21:15:58
2019-06-05 22:00:00,23.3,69.0,18.2,91.0,1015.0,827.6,1.1,2.5,16.7,18.2,0.0,0.0,2019-06-05 21:45:58
2019-06-05 22:30:00,23.0,69.0,17.9,90.0,1015.1,827.7,0.0,2.5,16.3,17.9,0.0,0.0,2019-06-05 22:15:58
2019-06-05 23:00:00,23.0,69.0,18.1,90.0,1015.2,827.8,2.5,5.0,16.5,18.1,0.0,0.0,2019-06-05 22:45:58
2019-06-05 23:30:00,22.9,69.0,18.1,88.0,1014.7,827.3,7.2,9.7,16.1,17.4,0.0,0.0,2019-06-05 23:15:58
2019-06-06 00:00:00,22.8,69.0,17.8,89.0,1014.9,827.5,1.1,2.5,16.0,17.8,0.0,0.0,2019-06-05 23:45:58
2019-06-06 00:30:00,22.8,69.0,17.7,90.0,1014.7,827.3,2.5,3.6,16.1,17.7,0.0,0.0,2019-06-06 00:15:58
2019-06-06 01:00:00,22.6,69.0,17.9,89.0,1014.3,826.9,0.0,1.1,16.1,17.9,0.0,0.0,2019-06-06 00:45:58
2019-06-06 01:30:00,22.6,69.0,17.7,90.0,1014.2,826.8,1.1,2.5,16.1,17.7,0.0,0.0,2019-06-06 01:15:58
2019-06-06 02:00:00,22.5,69.0,17.8,90.0,1014.0,826.6,3.6,5.0,16.2,17.8,0.6,0.0,2019-06-06 01:45:58
2019-06-06 02:30:00,22.5,69.0,17.7,90.0,1013.6,826.2,1.1,3.6,16.1,17.7,0.0,0.0,2019-06-06 02:15:58
2019-06-06 03:00:00,22.4,70.0,17.0,92.0,1013.5,826.1,2.5,5.0,15.7,17.0,0.0,0.0,2019-06-06 02:45:58
2019-06-06 03:30:00,22.3,70.0,16.5,95.0,1013.2,825.8,1.1,2.5,15.7,16.5,0.0,0.0,2019-06-06 03:15:58
2019-06-06 04:00:00,22.1,70.0,16.3,94.0,1013.5,826.1,1.1,2.5,15.4,16.3,0.0,0.0,2019-06-06 03:45:58
2019-06-06 04:30:00,22.0,69.0,16.1,92.0,1013.3,825.9,0.0,1.1,14.8,16.1,0.0,0.0,2019-06-06 04:15:58
2019-06-06 05:00:00,21.9,70.0,16.1,93.0,1013.2,825.8,1.1,2.5,15.0,16.1,0.0,0.0,2019-06-06 04:45:58
2019-06-06 05:30:00,21.8,70.0,15.8,95.0,1013.1,825.7,0.0,1.1,15.0,15.8,0.0,0.0,2019-06-06 05:15:58
2019-06-06 06:00:00,21.7,70.0,15.9,94.0,1013.0,825.6,1.1,3.6,15.0,15.9,0.0,0.0,2019-06-06 05:45:58
2019-06-06 06:30:00,21.6,70.0,15.6,94.0,1013.2,825.8,1.1,2.5,14.7,15.6,0.0,337.5,2019-06-06 06:15:58
2019-06-06 07:00:00,21.5,70.0,16.1,94.0,1013.5,826.1,0.0,0.0,15.2,16.1,0.0,5210.0,2019-06-06 06:45:58
2019-06-06 07:30:00,21.6,70.0,17.0,90.0,1013.8,826.4,0.0,0.0,15.4,17.0,0.0,7670.0,2019-06-06 07:15:58
2019-06-06 08:00:00,21.6,70.0,18.1,89.0,1013.9,826.5,1.1,2.5,16.3,18.1,0.0,12368.8,2019-06-06 07:45:58
2019-06-06 08:30:00,21.8,71.0,19.1,85.0,1014.2,826.8,2.5,3.6,16.5,19.1,0.0,13985.6,2019-06-06 08:15:58
2019-06-06 09:00:00,21.9,72.0,20.1,80.0,1014.5,827.1,0.0,1.1,16.6,20.1,0.0,17599.9,2019-06-06 08:45:58
2019-06-06 09:30:00,22.2,71.0,21.4,75.0,1014.3,826.9,1.1,3.6,16.8,21.4,0.0,51933.4,2019-06-06 09:15:58
2019-06-06 10:00:00,22.5,70.0,24.1,67.0,1014.9,827.5,6.1,8.6,17.6,24.1,0.0,22657.1,2019-06-06 09:45:58
2019-06-06 10:30:00,23.2,70.0,21.3,74.0,1014.8,827.4,5.0,8.6,16.5,21.3,0.0,21392.8,2019-06-06 10:15:58
2019-06-06 11:00:00,23.6,70.0,22.4,70.0,1014.9,827.5,5.0,8.6,16.7,22.4,0.0,31027.8,2019-06-06 10:45:58
2019-06-06 11:30:00,23.8,70.0,22.5,70.0,1014.7,827.3,5.0,7.2,16.8,22.5,0.0,22868.6,2019-06-06 11:15:58
2019-06-06 12:00:00,24.0,69.0,22.8,71.0,1014.8,827.4,5.0,8.6,17.3,22.8,0.0,29838.7,2019-06-06 11:45:58
2019-06-06 12:30:00,24.3,68.0,21.9,73.0,1014.5,827.1,3.6,5.0,16.9,21.9,0.0,13609.6,2019-06-06 12:15:58
2019-06-06 13:00:00,24.3,66.0,22.9,69.0,1014.2,826.8,0.0,2.5,16.9,22.9,0.0,54100.1,2019-06-06 12:45:58
2019-06-06 13:30:00,24.6,65.0,22.5,68.0,1013.8,826.4,6.1,8.6,16.3,22.5,0.0,14638.9,2019-06-06 13:15:58
2019-06-06 14:00:00,24.5,65.0,20.5,78.0,1013.7,826.3,7.2,11.2,16.6,19.9,0.0,7112.0,2019-06-06 13:45:58
2019-06-06 14:30:00,24.1,65.0,20.9,78.0,1013.1,825.7,6.1,7.2,16.9,20.9,0.3,42575.7,2019-06-06 14:15:58
2019-06-06 15:00:00,24.1,67.0,23.9,66.0,1013.2,825.8,1.1,3.6,17.2,23.9,0.3,43323.0,2019-06-06 14:45:58
2019-06-06 15:30:00,24.7,65.0,23.9,62.0,1012.9,825.5,5.0,8.6,16.2,23.9,0.0,42105.7,2019-06-06 15:15:58
2019-06-06 16:00:00,25.0,61.0,23.9,58.0,1013.0,825.6,6.1,7.2,15.2,23.9,0.0,18868.9,2019-06-06 15:45:58
2019-06-06 16:30:00,25.3,60.0,23.8,59.0,1012.8,825.4,2.5,3.6,15.3,23.8,0.0,20748.9,2019-06-06 16:15:58
2019-06-06 17:00:00,25.0,59.0,23.0,60.0,1012.7,825.3,1.1,3.6,14.8,23.0,0.0,15113.6,2019-06-06 16:45:58
2019-06-06 17:30:00,25.2,58.0,22.9,61.0,1012.7,825.3,3.6,5.0,15.0,22.9,0.0,16716.3,2019-06-06 17:15:58
2019-06-06 18:00:00,25.0,61.0,22.8,64.0,1012.9,825.5,1.1,3.6,15.7,22.8,0.0,5936.0,2019-06-06 17:45:58
2019-06-06 18:30:00,24.8,66.0,20.5,79.0,1013.2,825.8,1.1,2.5,16.8,20.5,0.0,972.0,2019-06-06 18:15:58
2019-06-06 19:00:00,24.3,66.0,19.4,83.0,1013.4,826.0,0.0,0.0,16.5,19.4,0.0,0.0,2019-06-06 18:45:58
2019-06-06 19:30:00,23.8,67.0,18.7,85.0,1013.4,826.0,1.1,2.5,16.1,18.7,0.0,0.0,2019-06-06 19:15:58
2019-06-06 20:00:00,23.4,67.0,18.3,86.0,1013.7,826.3,1.1,3.6,15.9,18.3,0.0,0.0,2019-06-06 19:45:58
2019-06-06 20:30:00,22.9,68.0,17.6,88.0,1013.8,826.4,1.1,2.5,15.6,17.6,0.0,0.0,2019-06-06 20:15:58
2019-06-06 21:00:00,22.8,68.0,17.6,90.0,1014.0,826.6,0.0,1.1,16.0,17.6,0.0,0.0,2019-06-06 20:45:58
2019-06-06 21:30:00,22.8,68.0,18.1,89.0,1014.4,827.0,2.5,3.6,16.3,18.1,0.0,0.0,2019-06-06 21:15:58
2019-06-06 22:00:00,22.8,69.0,17.9,89.0,1014.6,827.2,0.0,1.1,16.1,17.9,0.0,0.0,2019-06-06 21:45:58
2019-06-06 22:30:00,22.6,69.0,17.9,90.0,1014.6,827.2,1.1,2.5,16.3,17.9,0.0,0.0,2019-06-06 22:15:58
2019-06-06 23:00:00,22.5,69.0,17.7,90.0,1014.6,827.2,5.0,6.1,16.1,17.7,0.0,0.0,2019-06-06 22:45:58
2019-06-06 23:30:00,22.6,70.0,17.7,91.0,1014.9,827.5,2.5,3.6,16.2,17.7,0.0,0.0,2019-06-06 23:15:58
2019-06-07 00:00:00,22.6,70.0,17.5,92.0,1014.4,827.0,1.1,2.5,16.2,17.5,0.0,0.0,2019-06-06 23:45:58
2019-06-07 00:30:00,22.6,70.0,17.4,93.0,1014.6,827.2,0.0,1.1,16.3,17.4,0.0,0.0,2019-06-07 00:15:58
2019-06-07 01:00:00,22.5,70.0,17.1,93.0,1014.2,826.8,1.1,2.5,16.0,17.1,0.0,0.0,2019-06-07 00:45:58
2019-06-07 01:30:00,22.4,70.0,16.9,95.0,1014.0,826.6,0.0,0.0,16.1,16.9,0.0,0.0,2019-06-07 01:15:58
2019-06-07 02:00:00,22.4,70.0,17.0,95.0,1013.8,826.4,1.1,2.5,16.2,17.0,0.0,0.0,2019-06-07 01:45:58
2019-06-07 02:30:00,22.3,70.0,16.8,96.0,1013.5,826.1,0.0,1.1,16.2,16.8,0.0,0.0,2019-06-07 02:15:58
2019-06-07 03:00:00,22.2,70.0,16.5,96.0,1013.7,826.3,0.0,1.1,15.9,16.5,0.0,0.0,2019-06-07 02:45:58
2019-06-07 03:30:00,22.1,70.0,16.4,97.0,1013.8,826.4,0.0,0.0,15.9,16.4,0.0,0.0,2019-06-07 03:15:58
2019-06-07 04:00:00,22.1,70.0,16.6,97.0,1014.0,826.6,0.0,1.1,16.1,16.6,0.0,0.0,2019-06-07 03:45:58
2019-06-07 04:30:00,22.1,70.0,16.5,97.0,1013.7,826.3,2.5,3.6,16.0,16.5,0.3,0.0,2019-06-07 04:15:58
2019-06-07 05:00:00,22.0,70.0,16.4,97.0,1013.8,826.4,0.0,0.0,15.9,16.4,2.1,0.0,2019-06-07 04:45:58
2019-06-07 05:30:00,22.0,70.0,16.3,97.0,1013.9,826.5,1.1,3.6,15.8,16.3,0.0,0.0,2019-06-07 05:15:58
2019-06-07 06:00:00,21.9,71.0,16.2,97.0,1014.0,826.6,0.0,0.0,15.7,16.2,0.0,0.0,2019-06-07 05:45:58
2019-06-07 06:30:00,21.8,72.0,16.2,98.0,1014.3,826.9,0.0,2.5,15.9,16.2,0.0,75.0,2019-06-07 06:15:58
2019-06-07 07:00:00,21.8,72.0,16.3,98.0,1014.4,827.0,0.0,1.1,16.0,16.3,0.0,1872.0,2019-06-07 06:45:58
2019-06-07 07:30:00,21.8,72.0,16.5,98.0,1014.6,827.2,1.1,2.5,16.2,16.5,0.0,5234.0,2019-06-07 07:15:58
2019-06-07 08:00:00,21.8,72.0,16.5,98.0,1015.1,827.7,0.0,2.5,16.2,16.5,0.0,2456.0,2019-06-07 07:45:58
2019-06-07 08:30:00,21.8,72.0,16.8,97.0,1015.5,828.1,0.0,2.5,16.3,16.8,0.0,7346.0,2019-06-07 08:15:58
2019-06-07 09:00:00,21.8,73.0,17.2,94.0,1015.5,828.1,1.1,2.5,16.2,17.2,0.0,12448.7,2019-06-07 08:45:58
2019-06-07 09:30:00,22.1,71.0,19.5,84.0,1015.7,828.3,2.5,6.1,16.7,19.5,0.0,25881.3,2019-06-07 09:15:58
2019-06-07 10:00:00,22.4,70.0,20.1,76.0,1015.7,828.3,5.0,7.2,15.8,20.1,0.0,33448.3,2019-06-07 09:45:58
2019-06-07 10:30:00,22.5,69.0,19.7,79.0,1015.8,828.4,1.1,2.5,16.0,19.7,0.0,21030.9,2019-06-07 10:15:58
2019-06-07 11:00:00,22.8,68.0,19.8,78.0,1015.7,828.3,3.6,6.1,15.9,19.8,0.0,12505.1,2019-06-07 10:45:58
2019-06-07 11:30:00,23.0,69.0,18.3,84.0,1015.7,828.3,0.0,2.5,15.6,18.3,0.0,4730.0,2019-06-07 11:15:58
2019-06-07 12:00:00,23.0,70.0,17.3,89.0,1015.6,828.2,3.6,5.0,15.5,17.3,2.7,8468.0,2019-06-07 11:45:58
2019-06-07 12:30:00,22.9,70.0,17.2,93.0,1015.3,827.9,1.1,2.5,16.1,17.2,0.6,9260.0,2019-06-07 12:15:58
2019-06-07 13:00:00,22.8,69.0,17.2,92.0,1015.4,828.0,1.1,2.5,15.9,17.2,0.9,12528.6,2019-06-07 12:45:58
2019-06-07 13:30:00,22.8,69.0,17.2,91.0,1015.1,827.7,2.5,5.0,15.7,17.2,2.1,10206.8,2019-06-07 13:15:58
2019-06-07 14:00:00,22.5,69.0,17.1,91.0,1014.4,827.0,0.0,1.1,15.6,17.1,4.2,13727.1,2019-06-07 13:45:58
2019-06-07 14:30:00,22.5,69.0,17.9,89.0,1014.3,826.9,2.5,2.5,16.1,17.9,0.3,14963.2,2019-06-07 14:15:58
2019-06-07 15:00:00,22.4,69.0,17.4,87.0,1014.2,826.8,0.0,1.1,15.2,17.4,0.9,13619.0,2019-06-07 14:45:58
2019-06-07 15:30:00,22.5,69.0,18.3,88.0,1014.0,826.6,1.1,2.5,16.3,18.3,0.9,19273.1,2019-06-07 15:15:58
2019-06-07 16:00:00,22.8,68.0,18.6,83.0,1013.9,826.5,1.1,2.5,15.7,18.6,0.9,15287.5,2019-06-07 15:45:58
2019-06-07 16:30:00,22.5,68.0,17.6,84.0,1014.0,826.6,0.0,1.1,14.9,17.6,0.9,11630.9,2019-06-07 16:15:58
2019-06-07 17:00:00,22.6,69.0,18.1,86.0,1013.8,826.4,0.0,2.5,15.7,18.1,0.9,12843.5,2019-06-07 16:45:58
2019-06-07 17:30:00,22.5,69.0,18.0,88.0,1013.8,826.4,0.0,1.1,16.0,18.0,0.0,6752.0,2019-06-07 17:15:58
2019-06-07 18:00:00,22.6,70.0,17.6,89.0,1014.1,826.7,3.6,5.0,15.8,17.6,0.0,5306.0,2019-06-07 17:45:58
2019-06-07 18:30:00,22.5,70.0,17.0,90.0,1014.1,826.7,0.0,1.1,15.4,17.0,0.0,1127.2,2019-06-07 18:15:58
2019-06-07 19:00:00,22.2,69.0,16.6,92.0,1014.5,827.1,0.0,2.5,15.3,16.6,0.0,0.0,2019-06-07 18:45:58
2019-06-07 19:30:00,22.0,70.0,16.4,93.0,1014.4,827.0,0.0,2.5,15.3,16.4,0.0,0.0,2019-06-07 19:15:58
2019-06-07 20:00:00,21.9,72.0,16.4,95.0,1014.6,827.2,0.0,1.1,15.6,16.4,0.3,0.0,2019-06-07 19:45:58
2019-06-07 20:30:00,21.7,72.0,16.3,96.0,1015.0,827.6,0.0,1.1,15.7,16.3,0.0,0.0,2019-06-07 20:15:58
2019-06-07 21:00:00,21.5,73.0,16.2,96.0,1015.1,827.7,0.0,1.1,15.6,16.2,0.0,0.0,2019-06-07 20:45:58
2019-06-07 21:30:00,21.6,73.0,16.2,97.0,1015.1,827.7,1.1,2.5,15.7,16.2,0.0,0.0,2019-06-07 21:15:58
2019-06-07 22:00:00,21.5,73.0,16.1,97.0,1015.3,827.9,0.0,2.5,15.6,16.1,0.0,0.0,2019-06-07 21:45:58
2019-06-07 22:30:00,21.4,72.0,16.1,97.0,1015.4,828.0,0.0,0.0,15.6,16.1,0.0,0.0,2019-06-07 22:15:58
2019-06-07 23:00:00,21.4,72.0,15.9,98.0,1015.4,828.0,3.6,6.1,15.6,15.9,0.0,0.0,2019-06-07 22:45:58
2019-06-07 23:30:00,21.3,72.0,16.0,95.0,1015.7,828.3,1.1,2.5,15.2,16.0,0.0,0.0,2019-06-07 23:15:58
2019-06-08 00:00:00,21.2,72.0,15.8,97.0,1015.5,828.1,1.1,3.6,15.3,15.8,0.0,0.0,2019-06-07 23:45:58
2019-06-08 00:30:00,21.2,72.0,15.7,97.0,1015.4,828.0,0.0,0.0,15.2,15.7,0.6,0.0,2019-06-08 00:15:58
2019-06-08 01:00:00,21.1,72.0,15.6,96.0,1015.1,827.7,0.0,2.5,15.0,15.6,0.6,0.0,2019-06-08 00:45:58
2019-06-08 01:30:00,21.0,71.0,15.6,96.0,1015.1,827.7,0.0,1.1,15.0,15.6,0.0,0.0,2019-06-08 01:15:58
2019-06-08 02:00:00,21.0,71.0,15.5,96.0,1014.8,827.4,1.1,3.6,14.9,15.5,0.0,0.0,2019-06-08 01:45:58
2019-06-08 02:30:00,20.9,72.0,15.1,96.0,1014.6,827.2,3.6,6.1,14.5,15.1,0.0,0.0,2019-06-08 02:15:58
2019-06-08 03:00:00,20.8,72.0,15.0,96.0,1014.1,826.7,0.0,1.1,14.4,15.0,0.0,0.0,2019-06-08 02:45:58
2019-06-08 03:30:00,20.7,72.0,15.0,96.0,1014.1,826.7,2.5,3.6,14.4,15.0,0.0,0.0,2019-06-08 03:15:58
2019-06-08 04:00:00,20.6,71.0,15.4,93.0,1013.9,826.5,3.6,5.0,14.3,15.4,0.0,0.0,2019-06-08 03:45:58
2019-06-08 04:30:00,20.6,71.0,15.4,92.0,1013.9,826.5,5.0,6.1,14.1,15.4,0.0,0.0,2019-06-08 04:15:58
2019-06-08 05:00:00,20.5,71.0,15.0,91.0,1013.5,826.1,2.5,3.6,13.6,15.0,0.0,0.0,2019-06-08 04:45:58
2019-06-08 05:30:00,20.4,71.0,15.1,91.0,1013.5,826.1,1.1,2.5,13.7,15.1,0.0,0.0,2019-06-08 05:15:58
2019-06-08 06:00:00,20.4,70.0,15.0,91.0,1013.5,826.1,3.6,5.0,13.6,15.0,0.0,0.0,2019-06-08 05:45:58
2019-06-08 06:30:00,20.3,70.0,15.4,90.0,1013.7,826.3,1.1,3.6,13.8,15.4,0.0,120.0,2019-06-08 06:15:58
2019-06-08 07:00:00,20.2,70.0,15.1,90.0,1013.7,826.3,2.5,5.0,13.5,15.1,0.0,2078.0,2019-06-08 06:45:58
2019-06-08 07:30:00,20.1,70.0,15.4,90.0,1014.1,826.7,5.0,8.6,13.8,15.4,0.0,2876.0,2019-06-08 07:15:58
2019-06-08 08:00:00,20.2,71.0,18.8,75.0,1014.4,827.0,3.6,6.1,14.3,18.8,0.0,15710.5,2019-06-08 07:45:58
2019-06-08 08:30:00,20.5,71.0,22.2,61.0,1014.5,827.1,3.6,6.1,14.3,22.2,0.0,24245.7,2019-06-08 08:15:58
2019-06-08 09:00:00,20.8,70.0,21.2,64.0,1014.7,827.3,3.6,5.0,14.1,21.2,0.0,34134.5,2019-06-08 08:45:58
2019-06-08 09:30:00,21.4,70.0,22.1,64.0,1015.0,827.6,3.6,5.0,15.0,22.1,0.0,44399.3,2019-06-08 09:15:58
2019-06-08 10:00:00,22.0,69.0,22.3,63.0,1014.9,827.5,3.6,5.0,14.9,22.3,0.0,51256.6,2019-06-08 09:45:58
2019-06-08 10:30:00,22.5,68.0,22.4,66.0,1014.9,827.5,5.0,7.2,15.8,22.4,0.3,59397.0,2019-06-08 10:15:58
2019-06-08 11:00:00,23.3,68.0,23.3,66.0,1014.9,827.5,5.0,9.7,16.6,23.3,0.3,71682.8,2019-06-08 10:45:58
2019-06-08 11:30:00,24.0,69.0,23.6,69.0,1014.9,827.5,3.6,8.6,17.6,23.6,0.0,66921.7,2019-06-08 11:15:58
2019-06-08 12:00:00,24.6,68.0,24.4,65.0,1015.0,827.6,6.1,7.2,17.4,24.4,0.0,91700.1,2019-06-08 11:45:58
2019-06-08 12:30:00,25.2,66.0,23.4,70.0,1014.8,827.4,7.2,9.7,17.6,22.9,0.0,31248.7,2019-06-08 12:15:58
2019-06-08 13:00:00,25.1,67.0,24.4,67.0,1014.6,827.2,8.6,11.2,17.9,23.7,0.0,30590.7,2019-06-08 12:45:58
2019-06-08 13:30:00,25.2,67.0,22.4,72.0,1014.6,827.2,7.2,11.2,17.1,21.9,0.0,66569.2,2019-06-08 13:15:58
2019-06-08 14:00:00,25.0,67.0,22.2,75.0,1014.5,827.1,5.0,8.6,17.6,22.2,0.0,23474.9,2019-06-08 13:45:58
2019-06-08 14:30:00,24.5,69.0,19.2,83.0,1014.2,826.8,6.1,9.7,16.3,19.2,2.1,10742.6,2019-06-08 14:15:58
2019-06-08 15:00:00,23.8,69.0,18.2,90.0,1013.9,826.5,1.1,2.5,16.6,18.2,5.1,58400.6,2019-06-08 14:45:58
2019-06-08 15:30:00,23.8,69.0,23.1,66.0,1012.8,825.4,3.6,5.0,16.4,23.1,0.0,51087.4,2019-06-08 15:15:58
2019-06-08 16:00:00,24.4,67.0,25.0,51.0,1012.7,825.3,6.1,7.2,14.2,25.0,0.0,41245.6,2019-06-08 15:45:58
2019-06-08 16:30:00,24.7,63.0,25.4,56.0,1012.7,825.3,8.6,11.2,16.0,24.7,0.0,29763.5,2019-06-08 16:15:58
2019-06-08 17:00:00,24.8,63.0,21.4,74.0,1012.7,825.3,5.0,6.1,16.6,21.4,0.3,14855.1,2019-06-08 16:45:58
2019-06-08 17:30:00,24.5,65.0,22.2,73.0,1012.7,825.3,1.1,2.5,17.2,22.2,0.0,8546.0,2019-06-08 17:15:58
2019-06-08 18:00:00,24.1,67.0,20.3,83.0,1012.7,825.3,1.1,2.5,17.3,20.3,0.0,4910.0,2019-06-08 17:45:58
2019-06-08 18:30:00,23.8,70.0,20.3,83.0,1012.6,825.2,2.5,3.6,17.3,20.3,0.0,2738.0,2019-06-08 18:15:58
2019-06-08 19:00:00,23.6,72.0,18.8,88.0,1013.0,825.6,0.0,0.0,16.8,18.8,0.0,0.0,2019-06-08 18:45:58
2019-06-08 19:30:00,23.1,72.0,18.0,90.0,1013.3,825.9,2.5,3.6,16.4,18.0,0.0,0.0,2019-06-08 19:15:58
2019-06-08 20:00:00,22.8,70.0,17.4,90.0,1013.5,826.1,1.1,2.5,15.8,17.4,0.0,0.0,2019-06-08 19:45:58
2019-06-08 20:30:00,22.5,70.0,17.5,91.0,1013.5,826.1,0.0,2.5,16.0,17.5,0.0,0.0,2019-06-08 20:15:58
2019-06-08 21:00:00,22.5,70.0,17.1,92.0,1014.1,826.7,1.1,3.6,15.8,17.1,0.0,0.0,2019-06-08 20:45:58
2019-06-08 21:30:00,22.3,71.0,17.2,93.0,1014.4,827.0,2.5,5.0,16.1,17.2,0.0,0.0,2019-06-08 21:15:58
2019-06-08 22:00:00,22.2,71.0,17.0,93.0,1014.4,827.0,0.0,2.5,15.9,17.0,0.0,0.0,2019-06-08 21:45:58
2019-06-08 22:30:00,22.1,71.0,16.8,94.0,1014.5,827.1,1.1,2.5,15.8,16.8,0.0,0.0,2019-06-08 22:15:58
2019-06-08 23:00:00,22.0,70.0,16.8,92.0,1014.5,827.1,0.0,1.1,15.5,16.8,0.0,0.0,2019-06-08 22:45:58
2019-06-08 23:30:00,22.0,70.0,17.0,91.0,1014.6,827.2,2.5,3.6,15.5,17.0,0.0,0.0,2019-06-08 23:15:58
2019-06-09 00:00:00,21.8,71.0,17.0,90.0,1014.4,827.0,1.1,2.5,15.4,17.0,0.0,0.0,2019-06-08 23:45:58
2019-06-09 00:30:00,21.8,71.0,16.9,92.0,1014.6,827.2,1.1,2.5,15.6,16.9,0.0,0.0,2019-06-09 00:15:58
2019-06-09 01:00:00,21.7,71.0,16.8,91.0,1014.3,826.9,0.0,0.0,15.3,16.8,0.0,0.0,2019-06-09 00:45:58
2019-06-09 01:30:00,21.6,72.0,17.0,92.0,1014.2,826.8,0.0,1.1,15.7,17.0,0.0,0.0,2019-06-09 01:15:58
2019-06-09 02:00:00,21.6,72.0,17.0,92.0,1014.0,826.6,1.1,3.6,15.7,17.0,0.0,0.0,2019-06-09 01:45:58
2019-06-09 02:30:00,21.5,72.0,16.9,91.0,1014.0,826.6,3.6,5.0,15.4,16.9,0.0,0.0,2019-06-09 02:15:58
2019-06-09 03:00:00,21.5,72.0,16.8,90.0,1013.9,826.5,2.5,3.6,15.2,16.8,0.0,0.0,2019-06-09 02:45:58
2019-06-09 03:30:00,21.4,72.0,16.5,92.0,1013.3,825.9,0.0,1.1,15.2,16.5,0.0,0.0,2019-06-09 03:15:58
2019-06-09 04:00:00,21.3,72.0,16.4,93.0,1013.4,826.0,0.0,0.0,15.3,16.4,0.0,0.0,2019-06-09 03:45:58
2019-06-09 04:30:00,21.3,72.0,16.3,92.0,1013.3,825.9,0.0,0.0,15.0,16.3,0.0,0.0,2019-06-09 04:15:58
2019-06-09 05:00:00,21.2,72.0,16.2,93.0,1013.7,826.3,2.5,5.0,15.1,16.2,0.0,0.0,2019-06-09 04:45:58
2019-06-09 05:30:00,21.2,71.0,16.0,93.0,1013.6,826.2,1.1,3.6,14.9,16.0,0.0,0.0,2019-06-09 05:15:58
2019-06-09 06:00:00,21.1,71.0,16.1,93.0,1013.6,826.2,2.5,3.6,15.0,16.1,0.0,0.0,2019-06-09 05:45:58
2019-06-09 06:30:00,21.0,71.0,16.3,93.0,1014.0,826.6,2.5,3.6,15.2,16.3,0.0,112.5,2019-06-09 06:15:58
2019-06-09 07:00:00,21.0,71.0,16.5,94.0,1014.1,826.7,0.0,0.0,15.6,16.5,0.0,2654.0,2019-06-09 06:45:58
2019-06-09 07:30:00,21.0,72.0,17.0,91.0,1014.4,827.0,2.5,3.6,15.5,17.0,0.0,5702.0,2019-06-09 07:15:58
2019-06-09 08:00:00,21.1,72.0,19.2,84.0,1014.5,827.1,1.1,2.5,16.5,19.2,0.0,10230.3,2019-06-09 07:45:58
2019-06-09 08:30:00,21.3,73.0,19.1,83.0,1014.8,827.4,1.1,2.5,16.2,19.1,0.0,14873.9,2019-06-09 08:15:58
2019-06-09 09:00:00,21.3,73.0,18.8,86.0,1015.1,827.7,1.1,2.5,16.4,18.8,0.0,13750.6,2019-06-09 08:45:58
2019-06-09 09:30:00,21.6,73.0,23.1,72.0,1014.8,827.4,2.5,3.6,17.8,23.1,0.0,56064.7,2019-06-09 09:15:58
2019-06-09 10:00:00,22.2,72.0,23.7,65.0,1015.0,827.6,7.2,9.7,16.8,23.2,0.0,62879.7,2019-06-09 09:45:58
2019-06-09 10:30:00,22.9,70.0,22.5,69.0,1015.4,828.0,6.1,8.6,16.6,22.5,0.0,29829.3,2019-06-09 10:15:58
2019-06-09 11:00:00,23.3,70.0,21.5,74.0,1015.2,827.8,5.0,8.6,16.7,21.5,0.0,29641.3,2019-06-09 10:45:58
2019-06-09 11:30:00,23.6,70.0,22.4,70.0,1015.2,827.8,5.0,7.2,16.7,22.4,0.0,28583.8,2019-06-09 11:15:58
2019-06-09 12:00:00,23.7,70.0,22.6,72.0,1014.8,827.4,5.0,7.2,17.3,22.6,0.0,16363.8,2019-06-09 11:45:58
2019-06-09 12:30:00,23.9,71.0,23.3,72.0,1014.7,827.3,3.6,6.1,18.0,23.3,0.0,28391.1,2019-06-09 12:15:58
2019-06-09 13:00:00,24.3,70.0,23.6,68.0,1014.7,827.3,7.2,12.2,17.4,23.1,0.0,29951.5,2019-06-09 12:45:58
2019-06-09 13:30:00,24.6,68.0,24.2,66.0,1014.5,827.1,3.6,6.1,17.5,24.2,0.0,33387.2,2019-06-09 13:15:58
2019-06-09 14:00:00,24.8,67.0,23.8,67.0,1014.1,826.7,3.6,7.2,17.3,23.8,0.0,27958.7,2019-06-09 13:45:58
2019-06-09 14:30:00,24.9,67.0,23.0,70.0,1013.7,826.3,9.7,12.2,17.3,21.9,0.0,23465.5,2019-06-09 14:15:58
2019-06-09 15:00:00,25.0,65.0,25.1,61.0,1013.8,826.4,3.6,7.2,17.1,25.1,0.0,69168.3,2019-06-09 14:45:58
2019-06-09 15:30:00,25.3,65.0,24.3,62.0,1013.2,825.8,12.2,15.8,16.6,22.9,0.0,37730.0,2019-06-09 15:15:58
2019-06-09 16:00:00,25.3,63.0,24.5,62.0,1012.8,825.4,8.6,12.2,16.8,23.8,0.0,50213.2,2019-06-09 15:45:58
2019-06-09 16:30:00,25.6,62.0,25.2,56.0,1013.0,825.6,5.0,8.6,15.8,25.2,0.0,32038.3,2019-06-09 16:15:58
2019-06-09 17:00:00,25.7,61.0,23.0,64.0,1012.7,825.3,2.5,5.0,15.9,23.0,0.0,12166.7,2019-06-09 16:45:58
2019-06-09 17:30:00,25.5,61.0,24.8,57.0,1012.8,825.4,3.6,5.0,15.7,24.8,0.0,11414.7,2019-06-09 17:15:58
2019-06-09 18:00:00,25.2,60.0,24.8,57.0,1013.1,825.7,3.6,6.1,15.7,24.8,0.0,11696.7,2019-06-09 17:45:58
2019-06-09 18:30:00,25.3,60.0,22.3,68.0,1013.1,825.7,1.1,2.5,16.1,22.3,0.0,2372.0,2019-06-09 18:15:58
2019-06-09 19:00:00,25.0,62.0,21.0,77.0,1013.3,825.9,2.5,6.1,16.8,21.0,0.0,0.0,2019-06-09 18:45:58
2019-06-09 19:30:00,24.6,65.0,20.3,82.0,1013.7,826.3,1.1,2.5,17.2,20.3,0.0,0.0,2019-06-09 19:15:58
2019-06-09 20:00:00,24.2,66.0,19.9,85.0,1013.8,826.4,1.1,2.5,17.3,19.9,0.0,0.0,2019-06-09 19:45:58
2019-06-09 20:30:00,23.9,69.0,19.2,88.0,1014.0,826.6,1.1,3.6,17.2,19.2,0.0,0.0,2019-06-09 20:15:58
2019-06-09 21:00:00,23.6,70.0,18.9,90.0,1014.6,827.2,1.1,2.5,17.2,18.9,0.0,0.0,2019-06-09 20:45:58
2019-06-09 21:30:00,23.4,71.0,19.0,90.0,1015.1,827.7,1.1,2.5,17.3,19.0,0.0,0.0,2019-06-09 21:15:58
2019-06-09 22:00:00,23.2,72.0,18.7,92.0,1015.0,827.6,0.0,1.1,17.4,18.7,0.0,0.0,2019-06-09 21:45:58
2019-06-09 22:30:00,23.2,73.0,18.4,93.0,1015.0,827.6,2.5,3.6,17.3,18.4,0.3,0.0,2019-06-09 22:15:58
2019-06-09 23:00:00,22.9,73.0,18.4,94.0,1015.3,827.9,0.0,1.1,17.4,18.4,0.3,0.0,2019-06-09 22:45:58
2019-06-09 23:30:00,22.9,73.0,18.2,95.0,1015.3,827.9,0.0,1.1,17.4,18.2,0.0,0.0,2019-06-09 23:15:58
2019-06-10 00:00:00,22.6,73.0,18.0,95.0,1015.2,827.8,1.1,3.6,17.2,18.0,0.0,0.0,2019-06-09 23:45:58
2019-06-10 00:30:00,22.6,73.0,17.7,95.0,1014.9,827.5,0.0,1.1,16.9,17.7,0.0,0.0,2019-06-10 00:15:58
2019-06-10 01:00:00,22.6,73.0,18.0,96.0,1014.5,827.1,0.0,1.1,17.4,18.0,0.0,0.0,2019-06-10 00:45:58
2019-06-10 01:30:00,22.5,73.0,17.7,95.0,1014.2,826.8,0.0,1.1,16.9,17.7,0.0,0.0,2019-06-10 01:15:58
2019-06-10 02:00:00,22.4,73.0,17.4,95.0,1014.3,826.9,0.0,2.5,16.6,17.4,0.0,0.0,2019-06-10 01:45:58
2019-06-10 02:30:00,22.3,73.0,17.4,95.0,1014.1,826.7,2.5,5.0,16.6,17.4,0.0,0.0,2019-06-10 02:15:58
2019-06-10 03:00:00,22.3,72.0,17.3,93.0,1013.9,826.5,0.0,0.0,16.2,17.3,0.0,0.0,2019-06-10 02:45:58
2019-06-10 03:30:00,22.2,72.0,17.2,93.0,1013.3,825.9,1.1,2.5,16.1,17.2,0.0,0.0,2019-06-10 03:15:58
2019-06-10 04:00:00,22.1,72.0,17.3,93.0,1013.4,826.0,1.1,3.6,16.2,17.3,0.0,0.0,2019-06-10 03:45:58
2019-06-10 04:30:00,22.0,72.0,17.0,93.0,1013.6,826.2,1.1,2.5,15.9,17.0,0.0,0.0,2019-06-10 04:15:58
2019-06-10 05:00:00,22.0,72.0,17.0,94.0,1013.5,826.1,2.5,3.6,16.0,17.0,0.0,0.0,2019-06-10 04:45:58
2019-06-10 05:30:00,21.9,73.0,16.8,96.0,1013.4,826.0,1.1,2.5,16.2,16.8,0.0,0.0,2019-06-10 05:15:58
2019-06-10 06:00:00,21.8,73.0,16.7,96.0,1013.8,826.4,0.0,1.1,16.1,16.7,0.0,0.0,2019-06-10 05:45:58
2019-06-10 06:30:00,21.8,73.0,16.6,96.0,1014.2,826.8,0.0,0.0,16.0,16.6,0.0,52.5,2019-06-10 06:15:58
2019-06-10 07:00:00,21.6,73.0,16.7,96.0,1014.5,827.1,0.0,2.5,16.1,16.7,0.0,2600.0,2019-06-10 06:45:58
2019-06-10 07:30:00,21.6,73.0,17.3,95.0,1014.3,826.9,2.5,3.6,16.5,17.3,0.0,6086.0,2019-06-10 07:15:58
2019-06-10 08:00:00,21.7,73.0,18.3,93.0,1014.4,827.0,0.0,1.1,17.2,18.3,0.0,11057.5,2019-06-10 07:45:58
2019-06-10 08:30:00,21.9,73.0,18.6,89.0,1014.8,827.4,0.0,2.5,16.8,18.6,0.0,7592.0,2019-06-10 08:15:58
2019-06-10 09:00:00,21.9,74.0,18.3,91.0,1014.8,827.4,1.1,2.5,16.8,18.3,0.0,6578.0,2019-06-10 08:45:58
2019-06-10 09:30:00,21.9,74.0,19.2,88.0,1015.1,827.7,2.5,5.0,17.2,19.2,0.0,11598.0,2019-06-10 09:15:58
2019-06-10 10:00:00,22.0,74.0,20.6,84.0,1015.2,827.8,2.5,3.6,17.8,20.6,0.0,16020.7,2019-06-10 09:45:58
2019-06-10 10:30:00,22.2,74.0,20.1,83.0,1015.2,827.8,2.5,3.6,17.1,20.1,0.0,9812.0,2019-06-10 10:15:58
2019-06-10 11:00:00,22.3,74.0,21.0,80.0,1014.9,827.5,0.0,1.1,17.4,21.0,0.0,19808.9,2019-06-10 10:45:58
2019-06-10 11:30:00,22.5,73.0,22.0,73.0,1014.9,827.5,1.1,3.6,17.0,22.0,0.0,14944.4,2019-06-10 11:15:58
2019-06-10 12:00:00,22.5,72.0,22.8,70.0,1014.8,827.4,6.1,7.2,17.1,22.8,0.0,27451.1,2019-06-10 11:45:58
2019-06-10 12:30:00,23.0,73.0,22.2,71.0,1014.5,827.1,6.1,9.7,16.7,22.2,0.0,15936.1,2019-06-10 12:15:58
2019-06-10 13:00:00,23.3,72.0,22.8,71.0,1014.3,826.9,3.6,7.2,17.3,22.8,0.0,22304.6,2019-06-10 12:45:58
2019-06-10 13:30:00,23.5,72.0,22.0,74.0,1014.3,826.9,3.6,6.1,17.2,22.0,0.0,16476.6,2019-06-10 13:15:58
2019-06-10 14:00:00,23.6,72.0,22.5,74.0,1013.9,826.5,1.1,3.6,17.7,22.5,0.6,76401.6,2019-06-10 13:45:58
2019-06-10 14:30:00,23.8,73.0,22.3,75.0,1013.7,826.3,3.6,7.2,17.7,22.3,0.0,14399.2,2019-06-10 14:15:58
2019-06-10 15:00:00,23.7,73.0,22.8,71.0,1013.2,825.8,0.0,2.5,17.3,22.8,0.0,11659.1,2019-06-10 14:45:58
2019-06-10 15:30:00,23.5,72.0,20.0,83.0,1012.9,825.5,5.0,6.1,17.0,20.0,1.8,4838.0,2019-06-10 15:15:58
2019-06-10 16:00:00,23.2,73.0,21.0,80.0,1012.9,825.5,3.6,5.0,17.4,21.0,1.8,23366.8,2019-06-10 15:45:58
2019-06-10 16:30:00,23.2,73.0,19.8,87.0,1012.5,825.1,2.5,3.6,17.6,19.8,2.1,1140.7,2019-06-10 16:15:58
2019-06-10 17:00:00,22.8,74.0,18.3,94.0,1012.7,825.3,2.5,3.6,17.3,18.3,3.9,3584.0,2019-06-10 16:45:58
2019-06-10 17:30:00,22.5,74.0,18.4,93.0,1012.8,825.4,0.0,0.0,17.3,18.4,0.0,5348.0,2019-06-10 17:15:58
2019-06-10 18:00:00,22.5,74.0,18.4,93.0,1012.2,824.8,1.1,2.5,17.3,18.4,0.0,5174.0,2019-06-10 17:45:58
2019-06-10 18:30:00,22.5,74.0,18.2,93.0,1013.2,825.8,6.1,7.2,17.1,18.2,0.0,904.5,2019-06-10 18:15:58
2019-06-10 19:00:00,22.4,74.0,18.0,93.0,1013.3,825.9,1.1,2.5,16.9,18.0,0.0,0.0,2019-06-10 18:45:58
2019-06-10 19:30:00,22.3,73.0,17.3,91.0,1013.4,826.0,3.6,5.0,15.8,17.3,0.0,0.0,2019-06-10 19:15:58
2019-06-10 20:00:00,22.1,73.0,17.1,91.0,1013.6,826.2,0.0,1.1,15.6,17.1,0.0,0.0,2019-06-10 19:45:58
2019-06-10 20:30:00,22.0,72.0,17.2,91.0,1014.0,826.6,2.5,5.0,15.7,17.2,0.0,0.0,2019-06-10 20:15:58
2019-06-10 21:00:00,21.9,73.0,17.2,91.0,1014.2,826.8,2.5,3.6,15.7,17.2,0.0,0.0,2019-06-10 20:45:58
2019-06-10 21:30:00,21.8,73.0,16.9,93.0,1014.4,827.0,1.1,2.5,15.8,16.9,0.0,0.0,2019-06-10 21:15:58
2019-06-10 22:00:00,21.8,73.0,17.0,93.0,1014.5,827.1,0.0,0.0,15.9,17.0,0.3,0.0,2019-06-10 21:45:58
2019-06-10 22:30:00,21.7,73.0,17.0,94.0,1014.6,827.2,1.1,2.5,16.0,17.0,0.0,0.0,2019-06-10 22:15:58
2019-06-10 23:00:00,21.7,73.0,17.1,92.0,1014.7,827.3,5.0,7.2,15.8,17.1,0.0,0.0,2019-06-10 22:45:58
2019-06-10 23:30:00,21.6,73.0,17.0,92.0,1014.8,827.4,1.1,3.6,15.7,17.0,0.3,0.0,2019-06-10 23:15:58
2019-06-11 00:00:00,21.5,74.0,16.9,94.0,1014.9,827.5,1.1,2.5,15.9,16.9,0.3,0.0,2019-06-10 23:45:58
2019-06-11 00:30:00,21.5,74.0,16.9,95.0,1014.6,827.2,0.0,0.0,16.1,16.9,0.0,0.0,2019-06-11 00:15:58
2019-06-11 01:00:00,21.4,74.0,16.9,96.0,1014.4,827.0,1.1,3.6,16.3,16.9,0.0,0.0,2019-06-11 00:45:58
2019-06-11 01:30:00,21.4,75.0,16.7,96.0,1014.0,826.6,1.1,3.6,16.1,16.7,0.0,0.0,2019-06-11 01:15:58
2019-06-11 02:00:00,21.3,75.0,16.7,96.0,1013.9,826.5,0.0,0.0,16.1,16.7,0.0,0.0,2019-06-11 01:45:58
2019-06-11 02:30:00,21.3,75.0,16.7,96.0,1013.6,826.2,2.5,5.0,16.1,16.7,0.0,0.0,2019-06-11 02:15:58
2019-06-11 03:00:00,21.3,75.0,16.7,96.0,1013.8,826.4,0.0,1.1,16.1,16.7,0.0,0.0,2019-06-11 02:45:58
2019-06-11 03:30:00,21.2,75.0,16.6,97.0,1013.8,826.4,1.1,2.5,16.1,16.6,0.0,0.0,2019-06-11 03:15:58
2019-06-11 04:00:00,21.2,75.0,16.5,97.0,1013.9,826.5,0.0,1.1,16.0,16.5,0.0,0.0,2019-06-11 03:45:58
2019-06-11 04:30:00,21.2,75.0,16.6,97.0,1013.8,826.4,0.0,1.1,16.1,16.6,0.0,7.5,2019-06-11 04:15:58
2019-06-11 05:00:00,21.2,75.0,16.6,97.0,1013.9,826.5,0.0,1.1,16.1,16.6,0.0,0.0,2019-06-11 04:45:58
2019-06-11 05:30:00,21.2,75.0,16.5,97.0,1013.9,826.5,0.0,1.1,16.0,16.5,0.0,0.0,2019-06-11 05:15:58
2019-06-11 06:00:00,21.1,75.0,16.6,97.0,1013.8,826.4,0.0,0.0,16.1,16.6,0.0,7.5,2019-06-11 05:45:58
2019-06-11 06:30:00,21.1,75.0,16.7,97.0,1014.1,826.7,0.0,0.0,16.2,16.7,0.0,90.0,2019-06-11 06:15:58
2019-06-11 07:00:00,21.1,75.0,16.7,98.0,1014.3,826.9,0.0,1.1,16.4,16.7,0.0,2096.0,2019-06-11 06:45:58
2019-06-11 07:30:00,21.1,75.0,17.1,97.0,1014.8,827.4,2.5,3.6,16.6,17.1,0.0,2852.0,2019-06-11 07:15:58
2019-06-11 08:00:00,21.1,76.0,17.3,96.0,1015.0,827.6,1.1,2.5,16.7,17.3,0.0,5348.0,2019-06-11 07:45:58
2019-06-11 08:30:00,21.2,76.0,17.4,94.0,1015.2,827.8,1.1,2.5,16.4,17.4,0.0,4568.0,2019-06-11 08:15:58
2019-06-11 09:00:00,21.3,78.0,18.2,94.0,1015.5,828.1,1.1,2.5,17.2,18.2,0.0,14488.5,2019-06-11 08:45:58
2019-06-11 09:30:00,21.6,78.0,19.9,85.0,1015.7,828.3,0.0,1.1,17.3,19.9,0.0,22318.7,2019-06-11 09:15:58
2019-06-11 10:00:00,21.9,77.0,20.6,82.0,1015.8,828.4,2.5,6.1,17.4,20.6,0.0,16913.7,2019-06-11 09:45:58
2019-06-11 10:30:00,22.2,76.0,20.1,83.0,1016.0,828.6,5.0,6.1,17.1,20.1,0.0,12387.6,2019-06-11 10:15:58
2019-06-11 11:00:00,22.4,76.0,20.1,84.0,1015.7,828.3,2.5,5.0,17.3,20.1,0.0,24335.0,2019-06-11 10:45:58
2019-06-11 11:30:00,22.9,75.0,21.4,76.0,1015.5,828.1,2.5,5.0,17.0,21.4,0.0,14521.4,2019-06-11 11:15:58
2019-06-11 12:00:00,23.1,72.0,20.5,80.0,1015.3,827.9,3.6,7.2,17.0,20.5,0.0,50236.7,2019-06-11 11:45:58
2019-06-11 12:30:00,23.3,72.0,22.2,72.0,1015.2,827.8,8.6,12.2,16.9,21.3,0.0,18948.8,2019-06-11 12:15:58
2019-06-11 13:00:00,23.4,72.0,21.8,75.0,1014.8,827.4,5.0,7.2,17.2,21.8,0.0,16283.9,2019-06-11 12:45:58
2019-06-11 13:30:00,23.5,71.0,23.4,66.0,1014.5,827.1,5.0,7.2,16.7,23.4,0.0,35314.2,2019-06-11 13:15:58
2019-06-11 14:00:00,24.0,68.0,24.1,62.0,1014.1,826.7,8.6,9.7,16.4,23.3,0.0,91634.3,2019-06-11 13:45:58
2019-06-11 14:30:00,24.4,66.0,22.5,66.0,1013.9,826.5,6.1,7.2,15.9,22.5,0.0,12472.2,2019-06-11 14:15:58
2019-06-11 15:00:00,24.3,66.0,22.5,67.0,1013.2,825.8,6.1,8.6,16.1,22.5,0.0,68999.1,2019-06-11 14:45:58
2019-06-11 15:30:00,24.9,64.0,25.6,56.0,1013.1,825.7,2.5,6.1,16.2,25.6,0.0,63218.1,2019-06-11 15:15:58
2019-06-11 16:00:00,25.4,64.0,24.0,63.0,1012.8,825.4,11.2,15.8,16.6,22.7,0.0,15959.6,2019-06-11 15:45:58
2019-06-11 16:30:00,25.1,61.0,22.5,66.0,1012.3,824.9,6.1,11.2,15.9,22.5,0.0,7604.0,2019-06-11 16:15:58
2019-06-11 17:00:00,24.9,61.0,23.0,62.0,1012.3,824.9,6.1,7.2,15.4,23.0,0.0,27075.1,2019-06-11 16:45:58
2019-06-11 17:30:00,25.0,61.0,22.2,66.0,1012.4,825.0,1.1,2.5,15.6,22.2,0.0,2390.0,2019-06-11 17:15:58
2019-06-11 18:00:00,24.7,64.0,20.5,76.0,1012.4,825.0,2.5,3.6,16.1,20.5,0.0,3074.0,2019-06-11 17:45:58
2019-06-11 18:30:00,24.4,65.0,20.2,78.0,1012.5,825.1,0.0,1.1,16.3,20.2,0.0,2594.0,2019-06-11 18:15:58
2019-06-11 19:00:00,24.1,66.0,19.4,82.0,1012.6,825.2,0.0,1.1,16.3,19.4,0.0,0.0,2019-06-11 18:45:58
2019-06-11 19:30:00,23.8,67.0,19.3,83.0,1013.1,825.7,0.0,0.0,16.4,19.3,0.0,0.0,2019-06-11 19:15:58
2019-06-11 20:00:00,23.4,68.0,18.8,85.0,1013.6,826.2,2.5,5.0,16.2,18.8,0.0,0.0,2019-06-11 19:45:58
2019-06-11 20:30:00,23.2,68.0,18.1,88.0,1013.8,826.4,1.1,3.6,16.1,18.1,0.0,0.0,2019-06-11 20:15:58
2019-06-11 21:00:00,22.9,69.0,18.2,88.0,1014.2,826.8,1.1,3.6,16.2,18.2,0.0,0.0,2019-06-11 20:45:58
2019-06-11 21:30:00,22.8,69.0,18.3,88.0,1014.2,826.8,3.6,5.0,16.3,18.3,0.0,0.0,2019-06-11 21:15:58
2019-06-11 22:00:00,22.5,69.0,18.3,87.0,1014.3,826.9,2.5,5.0,16.1,18.3,0.0,0.0,2019-06-11 21:45:58
2019-06-11 22:30:00,22.5,69.0,17.8,89.0,1014.3,826.9,1.1,3.6,16.0,17.8,0.0,0.0,2019-06-11 22:15:58
2019-06-11 23:00:00,22.5,70.0,17.8,90.0,1014.6,827.2,1.1,3.6,16.2,17.8,0.0,0.0,2019-06-11 22:45:58
2019-06-11 23:30:00,22.5,70.0,17.8,90.0,1014.4,827.0,0.0,2.5,16.2,17.8,0.0,0.0,2019-06-11 23:15:58
2019-06-12 00:00:00,22.4,70.0,17.8,89.0,1014.1,826.7,0.0,1.1,16.0,17.8,0.0,0.0,2019-06-11 23:45:58
2019-06-12 00:30:00,22.3,70.0,17.5,90.0,1014.3,826.9,0.0,0.0,15.9,17.5,0.0,0.0,2019-06-12 00:15:58
2019-06-12 01:00:00,22.2,70.0,17.7,90.0,1014.7,827.3,0.0,1.1,16.1,17.7,0.0,0.0,2019-06-12 00:45:58
2019-06-12 01:30:00,22.2,70.0,17.7,91.0,1014.2,826.8,1.1,2.5,16.2,17.7,0.0,0.0,2019-06-12 01:15:58
2019-06-12 02:00:00,22.2,71.0,17.6,94.0,1013.8,826.4,7.2,9.7,16.6,16.8,0.0,0.0,2019-06-12 01:45:58
2019-06-12 02:30:00,22.2,71.0,17.4,95.0,1014.0,826.6,3.6,5.0,16.6,17.4,0.0,0.0,2019-06-12 02:15:58
2019-06-12 03:00:00,22.1,72.0,17.0,95.0,1013.8,826.4,5.0,8.6,16.2,17.0,0.0,0.0,2019-06-12 02:45:58
2019-06-12 03:30:00,22.1,71.0,17.1,94.0,1013.6,826.2,0.0,0.0,16.1,17.1,0.0,0.0,2019-06-12 03:15:58
2019-06-12 04:00:00,22.0,71.0,17.1,94.0,1013.7,826.3,0.0,1.1,16.1,17.1,0.0,0.0,2019-06-12 03:45:58
2019-06-12 04:30:00,21.9,72.0,17.2,94.0,1013.6,826.2,0.0,0.0,16.2,17.2,0.0,0.0,2019-06-12 04:15:58
2019-06-12 05:00:00,21.9,72.0,17.1,93.0,1013.8,826.4,0.0,0.0,16.0,17.1,0.0,0.0,2019-06-12 04:45:58
2019-06-12 05:30:00,21.8,72.0,17.0,94.0,1013.9,826.5,0.0,1.1,16.0,17.0,0.0,0.0,2019-06-12 05:15:58
2019-06-12 06:00:00,21.8,73.0,16.8,96.0,1014.2,826.8,1.1,2.5,16.2,16.8,0.0,0.0,2019-06-12 05:45:58
2019-06-12 06:30:00,21.8,73.0,16.6,96.0,1014.3,826.9,0.0,1.1,16.0,16.6,0.0,0.0,2019-06-12 06:15:58
2019-06-12 07:00:00,21.7,73.0,16.5,97.0,1014.8,827.4,1.1,3.6,16.0,16.5,0.0,2654.0,2019-06-12 06:45:58
2019-06-12 07:30:00,21.6,73.0,16.9,97.0,1015.0,827.6,1.1,2.5,16.4,16.9,0.0,5288.0,2019-06-12 07:15:58
2019-06-12 08:00:00,21.7,73.0,17.4,96.0,1015.2,827.8,1.1,2.5,16.8,17.4,0.0,6386.0,2019-06-12 07:45:58
2019-06-12 08:30:00,21.8,73.0,18.6,93.0,1015.6,828.2,1.1,2.5,17.5,18.6,0.0,14695.3,2019-06-12 08:15:58
2019-06-12 09:00:00,22.1,73.0,21.0,80.0,1015.7,828.3,1.1,3.6,17.4,21.0,0.0,19212.0,2019-06-12 08:45:58
2019-06-12 09:30:00,22.5,73.0,20.7,80.0,1016.0,828.6,2.5,5.0,17.2,20.7,0.0,23930.8,2019-06-12 09:15:58
2019-06-12 10:00:00,22.8,73.0,23.5,70.0,1016.3,828.9,3.6,5.0,17.7,23.5,0.0,21195.4,2019-06-12 09:45:58
2019-06-12 10:30:00,23.4,72.0,21.4,77.0,1016.4,829.0,6.1,7.2,17.2,21.4,0.0,21425.7,2019-06-12 10:15:58
2019-06-12 11:00:00,23.8,72.0,21.5,74.0,1016.2,828.8,5.0,7.2,16.7,21.5,0.0,18196.8,2019-06-12 10:45:58
2019-06-12 11:30:00,24.0,71.0,21.6,77.0,1016.3,828.9,2.5,3.6,17.4,21.6,0.0,17007.7,2019-06-12 11:15:58
2019-06-12 12:00:00,24.1,69.0,20.9,80.0,1016.0,828.6,2.5,5.0,17.3,20.9,0.0,8618.0,2019-06-12 11:45:58
2019-06-12 12:30:00,23.9,70.0,18.9,87.0,1016.0,828.6,8.6,11.2,16.7,17.7,2.4,10977.6,2019-06-12 12:15:58
2019-06-12 13:00:00,24.0,70.0,20.8,88.0,1015.9,828.5,2.5,3.6,18.8,20.8,3.3,49950.0,2019-06-12 12:45:58
2019-06-12 13:30:00,25.0,67.0,23.2,72.0,1015.3,827.9,3.6,6.1,17.9,23.2,0.0,37612.5,2019-06-12 13:15:58
2019-06-12 14:00:00,25.1,65.0,21.6,74.0,1015.2,827.8,2.5,5.0,16.8,21.6,0.6,11588.6,2019-06-12 13:45:58
2019-06-12 14:30:00,25.0,67.0,21.2,81.0,1014.9,827.5,0.0,2.5,17.8,21.2,1.2,25199.8,2019-06-12 14:15:58
2019-06-12 15:00:00,24.8,67.0,22.5,78.0,1014.4,827.0,2.5,5.0,18.5,22.5,1.2,56022.4,2019-06-12 14:45:58
2019-06-12 15:30:00,25.0,66.0,24.9,64.0,1013.8,826.4,2.5,3.6,17.7,24.9,0.0,46645.9,2019-06-12 15:15:58
2019-06-12 16:00:00,25.5,63.0,27.6,50.0,1013.7,826.3,1.1,2.5,16.3,27.6,0.0,31671.7,2019-06-12 15:45:58
2019-06-12 16:30:00,26.2,57.0,24.6,58.0,1013.6,826.2,5.0,11.2,15.8,24.6,0.0,16575.3,2019-06-12 16:15:58
2019-06-12 17:00:00,26.0,57.0,22.6,67.0,1013.8,826.4,2.5,3.6,16.2,22.6,0.0,23733.4,2019-06-12 16:45:58
2019-06-12 17:30:00,26.3,59.0,26.5,57.0,1014.0,826.6,5.0,8.6,17.3,26.5,0.3,18967.6,2019-06-12 17:15:58
2019-06-12 18:00:00,26.3,60.0,22.2,69.0,1014.2,826.8,5.0,6.1,16.3,22.2,0.3,4664.0,2019-06-12 17:45:58
2019-06-12 18:30:00,25.7,62.0,21.3,77.0,1014.3,826.9,3.6,5.0,17.1,21.3,0.0,1255.5,2019-06-12 18:15:58
2019-06-12 19:00:00,25.6,65.0,19.4,89.0,1014.4,827.0,2.5,5.0,17.6,19.4,0.6,15.0,2019-06-12 18:45:58
2019-06-12 19:30:00,25.1,66.0,18.7,93.0,1014.6,827.2,1.1,3.6,17.6,18.7,0.0,0.0,2019-06-12 19:15:58
2019-06-12 20:00:00,24.4,66.0,17.9,90.0,1014.7,827.3,3.6,6.1,16.3,17.9,0.0,0.0,2019-06-12 19:45:58
2019-06-12 20:30:00,24.0,65.0,17.3,89.0,1014.8,827.4,1.1,2.5,15.5,17.3,0.0,0.0,2019-06-12 20:15:58
2019-06-12 21:00:00,23.8,66.0,17.3,89.0,1014.9,827.5,3.6,6.1,15.5,17.3,0.0,0.0,2019-06-12 20:45:58
2019-06-12 21:30:00,23.6,66.0,17.7,87.0,1014.9,827.5,1.1,2.5,15.5,17.7,0.0,0.0,2019-06-12 21:15:58
2019-06-12 22:00:00,23.4,66.0,17.6,89.0,1015.3,827.9,2.5,3.6,15.8,17.6,0.0,0.0,2019-06-12 21:45:58
2019-06-12 22:30:00,23.4,66.0,17.5,87.0,1014.9,827.5,3.6,5.0,15.3,17.5,0.0,0.0,2019-06-12 22:15:58
2019-06-12 23:00:00,23.3,65.0,17.5,87.0,1015.2,827.8,1.1,2.5,15.3,17.5,0.0,0.0,2019-06-12 22:45:58
2019-06-12 23:30:00,23.2,65.0,17.8,83.0,1015.5,828.1,2.5,3.6,14.9,17.8,0.0,0.0,2019-06-12 23:15:58
2019-06-13 00:00:00,23.0,65.0,17.5,87.0,1015.5,828.1,2.5,3.6,15.3,17.5,0.0,0.0,2019-06-12 23:45:58
2019-06-13 00:30:00,22.9,66.0,17.4,88.0,1015.2,827.8,0.0,1.1,15.4,17.4,0.0,0.0,2019-06-13 00:15:58
2019-06-13 01:00:00,22.8,66.0,17.7,87.0,1015.3,827.9,3.6,5.0,15.5,17.7,0.0,0.0,2019-06-13 00:45:58
2019-06-13 01:30:00,22.8,67.0,17.9,89.0,1014.8,827.4,0.0,1.1,16.1,17.9,0.0,0.0,2019-06-13 01:15:58
2019-06-13 02:00:00,22.8,68.0,17.8,92.0,1014.7,827.3,1.1,2.5,16.5,17.8,0.0,0.0,2019-06-13 01:45:58
2019-06-13 02:30:00,22.8,69.0,17.7,92.0,1014.4,827.0,0.0,2.5,16.4,17.7,0.0,0.0,2019-06-13 02:15:58
2019-06-13 03:00:00,22.5,69.0,17.6,93.0,1013.7,826.3,0.0,1.1,16.5,17.6,0.0,0.0,2019-06-13 02:45:58
2019-06-13 03:30:00,22.5,69.0,17.7,91.0,1013.8,826.4,1.1,2.5,16.2,17.7,0.0,0.0,2019-06-13 03:15:58
2019-06-13 04:00:00,22.5,69.0,17.6,92.0,1013.9,826.5,0.0,0.0,16.3,17.6,0.0,0.0,2019-06-13 03:45:58
2019-06-13 04:30:00,22.5,69.0,17.6,92.0,1014.1,826.7,0.0,0.0,16.3,17.6,0.0,0.0,2019-06-13 04:15:58
2019-06-13 05:00:00,22.5,69.0,17.5,93.0,1014.1,826.7,1.1,2.5,16.4,17.5,0.0,0.0,2019-06-13 04:45:58
2019-06-13 05:30:00,22.6,70.0,17.3,93.0,1014.2,826.8,1.1,2.5,16.2,17.3,0.0,0.0,2019-06-13 05:15:58
2019-06-13 06:00:00,22.5,70.0,17.7,91.0,1014.4,827.0,2.5,5.0,16.2,17.7,0.0,0.0,2019-06-13 05:45:58
2019-06-13 06:30:00,22.5,70.0,17.4,91.0,1014.6,827.2,1.1,2.5,15.9,17.4,0.0,22.5,2019-06-13 06:15:58
2019-06-13 07:00:00,22.4,70.0,17.2,92.0,1014.9,827.5,2.5,3.6,15.9,17.2,0.0,1505.2,2019-06-13 06:45:58
2019-06-13 07:30:00,22.4,70.0,17.8,92.0,1015.2,827.8,0.0,2.5,16.5,17.8,0.0,5726.0,2019-06-13 07:15:58
2019-06-13 08:00:00,22.4,70.0,17.5,91.0,1015.8,828.4,0.0,0.0,16.0,17.5,0.0,5174.0,2019-06-13 07:45:58
2019-06-13 08:30:00,22.4,71.0,18.1,92.0,1016.1,828.7,1.1,2.5,16.8,18.1,0.0,4010.0,2019-06-13 08:15:58
2019-06-13 09:00:00,22.5,72.0,19.2,90.0,1016.6,829.2,1.1,2.5,17.5,19.2,0.0,15235.8,2019-06-13 08:45:58
2019-06-13 09:30:00,22.8,71.0,21.1,81.0,1016.9,829.5,1.1,2.5,17.7,21.1,0.0,29368.7,2019-06-13 09:15:58
2019-06-13 10:00:00,23.3,72.0,20.7,80.0,1017.2,829.8,1.1,3.6,17.2,20.7,0.0,12570.9,2019-06-13 09:45:58
2019-06-13 10:30:00,23.5,72.0,20.8,81.0,1017.0,829.6,1.1,2.5,17.4,20.8,0.0,12998.6,2019-06-13 10:15:58
2019-06-13 11:00:00,23.8,72.0,21.5,79.0,1016.8,829.4,2.5,3.6,17.7,21.5,0.0,21026.2,2019-06-13 10:45:58
2019-06-13 11:30:00,23.9,72.0,22.0,77.0,1016.6,829.2,1.1,2.5,17.8,22.0,0.0,20452.8,2019-06-13 11:15:58
2019-06-13 12:00:00,24.3,69.0,23.3,73.0,1016.6,829.2,0.0,1.1,18.2,23.3,0.0,38209.4,2019-06-13 11:45:58
2019-06-13 12:30:00,24.6,69.0,23.5,74.0,1016.2,828.8,1.1,2.5,18.6,23.5,0.0,49381.3,2019-06-13 12:15:58
2019-06-13 13:00:00,25.0,65.0,22.7,74.0,1016.0,828.6,5.0,7.2,17.9,22.7,0.0,14103.1,2019-06-13 12:45:58
2019-06-13 13:30:00,24.8,70.0,20.9,86.0,1015.6,828.2,2.5,5.0,18.5,20.9,1.8,22478.5,2019-06-13 13:15:58
2019-06-13 14:00:00,24.8,71.0,21.2,86.0,1015.1,827.7,2.5,5.0,18.8,21.2,2.1,26694.4,2019-06-13 13:45:58
2019-06-13 14:30:00,24.7,71.0,22.1,80.0,1014.7,827.3,1.1,2.5,18.5,22.1,0.3,19888.8,2019-06-13 14:15:58
2019-06-13 15:00:00,25.0,70.0,23.1,75.0,1014.3,826.9,5.0,7.2,18.5,23.1,0.3,26337.2,2019-06-13 14:45:58
2019-06-13 15:30:00,25.3,67.0,22.0,74.0,1013.8,826.4,3.6,6.1,17.2,22.0,0.0,9932.0,2019-06-13 15:15:58
2019-06-13 16:00:00,25.5,66.0,22.8,72.0,1013.5,826.1,3.6,5.0,17.5,22.8,0.0,50918.2,2019-06-13 15:45:58
2019-06-13 16:30:00,25.8,64.0,25.7,59.0,1013.5,826.1,2.5,5.0,17.1,25.7,0.0,21674.8,2019-06-13 16:15:58
2019-06-13 17:00:00,26.0,62.0,22.5,71.0,1013.5,826.1,6.1,8.6,17.0,22.5,0.0,10897.7,2019-06-13 16:45:58
2019-06-13 17:30:00,25.8,63.0,21.3,79.0,1013.6,826.2,1.1,3.6,17.5,21.3,0.0,5630.0,2019-06-13 17:15:58
2019-06-13 18:00:00,25.4,63.0,19.9,83.0,1013.9,826.5,3.6,5.0,17.0,19.9,0.0,1653.7,2019-06-13 17:45:58
2019-06-13 18:30:00,25.0,64.0,17.7,93.0,1014.5,827.1,2.5,3.6,16.6,17.7,3.0,172.5,2019-06-13 18:15:58
2019-06-13 19:00:00,24.8,66.0,17.3,95.0,1014.4,827.0,3.6,5.0,16.5,17.3,4.8,0.0,2019-06-13 18:45:58
2019-06-13 19:30:00,24.7,67.0,17.4,97.0,1014.3,826.9,1.1,2.5,16.9,17.4,0.6,0.0,2019-06-13 19:15:58
2019-06-13 20:00:00,24.5,67.0,17.4,97.0,1015.3,827.9,1.1,2.5,16.9,17.4,0.9,0.0,2019-06-13 19:45:58
2019-06-13 20:30:00,24.3,67.0,17.1,97.0,1015.8,828.4,0.0,1.1,16.6,17.1,0.3,0.0,2019-06-13 20:15:58
2019-06-13 21:00:00,23.9,68.0,17.2,97.0,1016.0,828.6,0.0,0.0,16.7,17.2,0.3,0.0,2019-06-13 20:45:58
2019-06-13 21:30:00,23.8,68.0,17.1,97.0,1016.2,828.8,0.0,0.0,16.6,17.1,0.0,0.0,2019-06-13 21:15:58
2019-06-13 22:00:00,23.6,68.0,17.0,97.0,1016.3,828.9,0.0,1.1,16.5,17.0,0.0,0.0,2019-06-13 21:45:58
2019-06-13 22:30:00,23.4,68.0,16.7,98.0,1016.2,828.8,1.1,2.5,16.4,16.7,0.0,0.0,2019-06-13 22:15:58
2019-06-13 23:00:00,23.3,68.0,16.7,98.0,1016.0,828.6,0.0,1.1,16.4,16.7,0.0,0.0,2019-06-13 22:45:58
2019-06-13 23:30:00,23.0,69.0,16.5,98.0,1016.1,828.7,0.0,0.0,16.2,16.5,0.0,0.0,2019-06-13 23:15:58
2019-06-14 00:00:00,23.0,68.0,16.4,98.0,1016.0,828.6,0.0,0.0,16.1,16.4,0.0,0.0,2019-06-13 23:45:58
2019-06-14 00:30:00,22.8,68.0,16.4,97.0,1015.8,828.4,1.1,2.5,15.9,16.4,0.0,0.0,2019-06-14 00:15:58
2019-06-14 01:00:00,22.8,68.0,16.4,97.0,1015.9,828.5,5.0,6.1,15.9,16.4,0.0,7.5,2019-06-14 00:45:58
2019-06-14 01:30:00,22.5,68.0,16.4,97.0,1015.4,828.0,0.0,1.1,15.9,16.4,0.0,0.0,2019-06-14 01:15:58
2019-06-14 02:00:00,22.5,68.0,16.3,98.0,1015.3,827.9,1.1,2.5,16.0,16.3,0.0,0.0,2019-06-14 01:45:58
2019-06-14 02:30:00,22.5,68.0,16.4,95.0,1014.6,827.2,0.0,1.1,15.6,16.4,0.0,0.0,2019-06-14 02:15:58
2019-06-14 03:00:00,22.5,68.0,16.0,95.0,1014.4,827.0,2.5,3.6,15.2,16.0,0.0,0.0,2019-06-14 02:45:58
2019-06-14 03:30:00,22.5,68.0,16.4,94.0,1014.2,826.8,5.0,7.2,15.5,16.4,0.0,0.0,2019-06-14 03:15:58
2019-06-14 04:00:00,22.4,68.0,16.3,92.0,1013.9,826.5,3.6,6.1,15.0,16.3,0.0,0.0,2019-06-14 03:45:58
2019-06-14 04:30:00,22.3,68.0,16.2,93.0,1014.0,826.6,3.6,5.0,15.1,16.2,0.0,0.0,2019-06-14 04:15:58
2019-06-14 05:00:00,22.2,68.0,16.1,93.0,1013.8,826.4,1.1,2.5,15.0,16.1,0.0,0.0,2019-06-14 04:45:58
2019-06-14 05:30:00,22.1,68.0,15.9,94.0,1014.2,826.8,1.1,2.5,15.0,15.9,0.0,0.0,2019-06-14 05:15:58
2019-06-14 06:00:00,22.0,67.0,15.6,95.0,1014.1,826.7,2.5,3.6,14.8,15.6,0.0,0.0,2019-06-14 05:45:58
2019-06-14 06:30:00,21.9,68.0,15.7,94.0,1014.6,827.2,5.0,6.1,14.8,15.7,0.0,225.0,2019-06-14 06:15:58
2019-06-14 07:00:00,21.8,68.0,15.8,93.0,1015.0,827.6,0.0,1.1,14.7,15.8,0.0,4178.0,2019-06-14 06:45:58
2019-06-14 07:30:00,21.8,68.0,17.2,86.0,1015.0,827.6,3.6,6.1,14.9,17.2,0.0,8246.0,2019-06-14 07:15:58
2019-06-14 08:00:00,22.0,68.0,18.2,86.0,1015.6,828.2,1.1,2.5,15.8,18.2,0.0,20180.2,2019-06-14 07:45:58
2019-06-14 08:30:00,22.3,68.0,20.7,78.0,1015.9,828.5,2.5,3.6,16.8,20.7,0.0,22497.3,2019-06-14 08:15:58
2019-06-14 09:00:00,22.6,69.0,23.4,65.0,1015.4,828.0,3.6,5.0,16.5,23.4,0.0,38843.9,2019-06-14 08:45:58
2019-06-14 09:30:00,23.0,69.0,23.8,67.0,1016.2,828.8,6.1,8.6,17.3,23.8,0.0,53301.1,2019-06-14 09:15:58
2019-06-14 10:00:00,23.7,69.0,21.1,77.0,1016.5,829.1,2.5,3.6,16.9,21.1,0.0,27822.4,2019-06-14 09:45:58
2019-06-14 10:30:00,24.1,68.0,21.5,76.0,1016.3,828.9,5.0,6.1,17.1,21.5,0.0,34736.1,2019-06-14 10:15:58
2019-06-14 11:00:00,24.6,67.0,24.5,65.0,1016.2,828.8,3.6,6.1,17.5,24.5,0.0,45846.9,2019-06-14 10:45:58
2019-06-14 11:30:00,25.0,65.0,22.1,76.0,1016.2,828.8,7.2,9.7,17.7,21.6,0.0,24396.1,2019-06-14 11:15:58
2019-06-14 12:00:00,25.1,65.0,20.9,81.0,1015.9,828.5,6.1,9.7,17.5,20.9,0.0,13576.7,2019-06-14 11:45:58
2019-06-14 12:30:00,25.1,65.0,21.0,80.0,1015.7,828.3,6.1,8.6,17.4,21.0,0.0,22638.3,2019-06-14 12:15:58
2019-06-14 13:00:00,25.0,65.0,21.9,74.0,1015.5,828.1,2.5,5.0,17.1,21.9,0.0,18713.8,2019-06-14 12:45:58
2019-06-14 13:30:00,24.9,66.0,22.0,75.0,1015.2,827.8,5.0,8.6,17.4,22.0,0.0,12773.0,2019-06-14 13:15:58
2019-06-14 14:00:00,25.1,65.0,22.2,75.0,1014.9,827.5,5.0,8.6,17.6,22.2,0.0,24062.4,2019-06-14 13:45:58
2019-06-14 14:30:00,25.2,64.0,22.5,70.0,1014.6,827.2,6.1,9.7,16.8,22.5,0.0,25857.8,2019-06-14 14:15:58
2019-06-14 15:00:00,25.3,63.0,21.9,75.0,1014.5,827.1,7.2,9.7,17.3,21.4,0.0,14653.0,2019-06-14 14:45:58
2019-06-14 15:30:00,25.2,65.0,21.6,78.0,1014.3,826.9,3.6,6.1,17.6,21.6,0.0,26755.5,2019-06-14 15:15:58
2019-06-14 16:00:00,25.2,64.0,22.2,68.0,1014.0,826.6,2.5,3.6,16.0,22.2,0.0,13788.2,2019-06-14 15:45:58
2019-06-14 16:30:00,25.2,63.0,22.3,70.0,1013.7,826.3,1.1,5.0,16.6,22.3,0.0,11306.6,2019-06-14 16:15:58
2019-06-14 17:00:00,25.5,63.0,22.4,71.0,1013.7,826.3,2.5,3.6,16.9,22.4,0.0,13092.6,2019-06-14 16:45:58
2019-06-14 17:30:00,25.3,63.0,22.1,74.0,1013.6,826.2,1.1,2.5,17.3,22.1,0.0,8204.0,2019-06-14 17:15:58
2019-06-14 18:00:00,25.6,65.0,21.3,80.0,1013.7,826.3,1.1,2.5,17.7,21.3,0.0,5762.0,2019-06-14 17:45:58
2019-06-14 18:30:00,25.6,66.0,20.4,84.0,1014.1,826.7,0.0,1.1,17.6,20.4,0.0,1794.0,2019-06-14 18:15:58
2019-06-14 19:00:00,25.3,66.0,19.4,88.0,1014.7,827.3,0.0,0.0,17.4,19.4,0.0,15.0,2019-06-14 18:45:58
2019-06-14 19:30:00,25.0,66.0,19.1,91.0,1014.5,827.1,1.1,2.5,17.6,19.1,0.0,0.0,2019-06-14 19:15:58
2019-06-14 20:00:00,24.5,68.0,18.8,91.0,1014.6,827.2,2.5,3.6,17.3,18.8,0.0,0.0,2019-06-14 19:45:58
2019-06-14 20:30:00,24.3,67.0,18.3,90.0,1015.1,827.7,1.1,2.5,16.7,18.3,0.0,0.0,2019-06-14 20:15:58
2019-06-14 21:00:00,24.0,67.0,18.3,92.0,1015.2,827.8,0.0,0.0,17.0,18.3,0.0,0.0,2019-06-14 20:45:58
2019-06-14 21:30:00,24.0,67.0,18.2,92.0,1015.4,828.0,0.0,0.0,16.9,18.2,0.0,0.0,2019-06-14 21:15:58
2019-06-14 22:00:00,23.7,68.0,18.2,93.0,1015.4,828.0,0.0,1.1,17.1,18.2,0.0,0.0,2019-06-14 21:45:58
2019-06-14 22:30:00,23.7,69.0,18.2,93.0,1015.6,828.2,1.1,2.5,17.1,18.2,0.0,0.0,2019-06-14 22:15:58
2019-06-14 23:00:00,23.5,69.0,17.7,92.0,1015.4,828.0,1.1,2.5,16.4,17.7,0.0,0.0,2019-06-14 22:45:58
2019-06-14 23:30:00,23.4,69.0,17.6,93.0,1015.4,828.0,1.1,3.6,16.5,17.6,0.0,0.0,2019-06-14 23:15:58
2019-06-15 00:00:00,23.3,69.0,17.8,93.0,1015.7,828.3,1.1,2.5,16.7,17.8,0.0,0.0,2019-06-14 23:45:58
2019-06-15 00:30:00,23.3,69.0,17.7,92.0,1015.3,827.9,0.0,0.0,16.4,17.7,0.0,0.0,2019-06-15 00:15:58
2019-06-15 01:00:00,23.2,69.0,17.4,93.0,1015.2,827.8,2.5,3.6,16.3,17.4,0.0,0.0,2019-06-15 00:45:58
2019-06-15 01:30:00,23.0,69.0,17.5,94.0,1015.1,827.7,0.0,1.1,16.5,17.5,0.0,0.0,2019-06-15 01:15:58
2019-06-15 02:00:00,23.0,70.0,17.5,94.0,1014.2,826.8,0.0,1.1,16.5,17.5,0.0,0.0,2019-06-15 01:45:58
2019-06-15 02:30:00,22.9,69.0,17.0,94.0,1014.2,826.8,0.0,1.1,16.0,17.0,0.0,0.0,2019-06-15 02:15:58
2019-06-15 03:00:00,22.8,69.0,16.9,96.0,1014.3,826.9,1.1,2.5,16.3,16.9,0.0,0.0,2019-06-15 02:45:58
2019-06-15 03:30:00,22.8,69.0,17.1,95.0,1014.3,826.9,0.0,0.0,16.3,17.1,0.0,0.0,2019-06-15 03:15:58
2019-06-15 04:00:00,22.8,69.0,17.2,94.0,1014.1,826.7,0.0,0.0,16.2,17.2,0.0,0.0,2019-06-15 03:45:58
2019-06-15 04:30:00,22.8,69.0,17.3,94.0,1014.0,826.6,1.1,2.5,16.3,17.3,0.0,0.0,2019-06-15 04:15:58
2019-06-15 05:00:00,22.8,69.0,16.9,96.0,1014.7,827.3,0.0,0.0,16.3,16.9,0.0,0.0,2019-06-15 04:45:58
2019-06-15 05:30:00,22.5,69.0,16.7,96.0,1014.3,826.9,1.1,3.6,16.1,16.7,0.0,0.0,2019-06-15 05:15:58
2019-06-15 06:00:00,22.5,69.0,16.2,95.0,1014.8,827.4,0.0,1.1,15.4,16.2,0.0,0.0,2019-06-15 05:45:58
2019-06-15 06:30:00,22.5,68.0,15.9,96.0,1014.9,827.5,1.1,2.5,15.3,15.9,0.0,105.0,2019-06-15 06:15:58
2019-06-15 07:00:00,22.4,68.0,16.1,96.0,1015.0,827.6,1.1,2.5,15.5,16.1,0.0,1431.0,2019-06-15 06:45:58
2019-06-15 07:30:00,22.4,68.0,18.2,94.0,1015.2,827.8,0.0,0.0,17.2,18.2,0.0,10075.2,2019-06-15 07:15:58
2019-06-15 08:00:00,22.5,68.0,19.6,78.0,1015.2,827.8,5.0,6.1,15.7,19.6,0.0,13426.3,2019-06-15 07:45:58
2019-06-15 08:30:00,22.6,67.0,21.1,71.0,1015.7,828.3,1.1,2.5,15.7,21.1,0.0,28273.6,2019-06-15 08:15:58
2019-06-15 09:00:00,23.2,66.0,25.3,55.0,1015.8,828.4,2.5,5.0,15.6,25.3,0.0,45626.0,2019-06-15 08:45:58
2019-06-15 09:30:00,24.3,65.0,20.8,76.0,1016.2,828.8,3.6,5.0,16.4,20.8,0.0,12683.7,2019-06-15 09:15:58
2019-06-15 10:00:00,24.6,66.0,22.4,71.0,1016.1,828.7,1.1,2.5,16.9,22.4,0.0,24833.2,2019-06-15 09:45:58
2019-06-15 10:30:00,24.7,65.0,20.7,78.0,1016.1,828.7,3.6,5.0,16.8,20.7,0.0,21989.7,2019-06-15 10:15:58
2019-06-15 11:00:00,24.9,65.0,21.2,79.0,1015.9,828.5,5.0,6.1,17.4,21.2,0.0,16401.4,2019-06-15 10:45:58
2019-06-15 11:30:00,25.0,64.0,21.3,76.0,1015.9,828.5,2.5,6.1,16.9,21.3,0.0,18004.1,2019-06-15 11:15:58
2019-06-15 12:00:00,25.2,64.0,22.7,69.0,1015.8,828.4,7.2,9.7,16.7,22.2,0.0,13684.8,2019-06-15 11:45:58
2019-06-15 12:30:00,25.6,64.0,24.0,64.0,1015.7,828.3,7.2,11.2,16.8,23.6,0.0,25881.3,2019-06-15 12:15:58
2019-06-15 13:00:00,25.9,62.0,22.1,71.0,1015.5,828.1,3.6,6.1,16.6,22.1,0.0,16142.9,2019-06-15 12:45:58
2019-06-15 13:30:00,25.8,62.0,23.2,68.0,1014.9,827.5,6.1,9.7,17.0,23.2,0.0,25839.0,2019-06-15 13:15:58
2019-06-15 14:00:00,25.9,62.0,22.7,70.0,1014.6,827.2,5.0,8.6,17.0,22.7,0.0,18610.4,2019-06-15 13:45:58
2019-06-15 14:30:00,26.0,61.0,24.4,63.0,1014.3,826.9,5.0,9.7,16.9,24.4,0.0,23963.7,2019-06-15 14:15:58
2019-06-15 15:00:00,26.3,60.0,24.1,63.0,1013.9,826.5,7.2,9.7,16.6,23.7,0.0,13581.4,2019-06-15 14:45:58
2019-06-15 15:30:00,26.6,59.0,25.2,56.0,1013.5,826.1,6.1,7.2,15.8,25.2,0.0,20311.8,2019-06-15 15:15:58
2019-06-15 16:00:00,26.8,59.0,24.5,65.0,1013.2,825.8,8.6,11.2,17.5,23.8,0.0,16110.0,2019-06-15 15:45:58
2019-06-15 16:30:00,,,,,,,,,,,,,
2019-06-15 17:00:00,26.4,59.0,22.0,74.0,1013.0,825.6,1.1,3.6,17.2,22.0,0.0,3416.0,2019-06-15 16:45:58
2019-06-15 17:30:00,26.0,60.0,21.7,79.0,1013.1,825.7,2.5,3.6,17.9,21.7,0.0,5312.0,2019-06-15 17:15:58
2019-06-15 18:00:00,25.8,63.0,21.7,78.0,1013.3,825.9,1.1,2.5,17.7,21.7,0.0,5858.0,2019-06-15 17:45:58
2019-06-15 18:30:00,25.6,64.0,19.7,89.0,1013.4,826.0,3.6,5.0,17.9,19.7,1.2,2366.0,2019-06-15 18:15:58
2019-06-15 19:00:00,25.2,66.0,18.7,92.0,1013.4,826.0,1.1,2.5,17.4,18.7,1.2,7.5,2019-06-15 18:45:58
2019-06-15 19:30:00,24.8,67.0,18.0,94.0,1013.5,826.1,1.1,3.6,17.0,18.0,0.0,0.0,2019-06-15 19:15:58
2019-06-15 20:00:00,24.5,67.0,17.6,94.0,1013.9,826.5,2.5,5.0,16.6,17.6,0.0,0.0,2019-06-15 19:45:58
2019-06-15 20:30:00,24.3,66.0,17.4,93.0,1014.4,827.0,2.5,3.6,16.3,17.4,0.0,0.0,2019-06-15 20:15:58
2019-06-15 21:00:00,24.0,66.0,17.3,93.0,1014.7,827.3,1.1,2.5,16.2,17.3,0.0,0.0,2019-06-15 20:45:58
2019-06-15 21:30:00,24.0,65.0,17.3,93.0,1015.3,827.9,0.0,2.5,16.2,17.3,0.0,0.0,2019-06-15 21:15:58
2019-06-15 22:00:00,23.8,67.0,17.3,93.0,1014.5,827.1,3.6,5.0,16.2,17.3,0.0,0.0,2019-06-15 21:45:58
2019-06-15 22:30:00,23.7,67.0,17.6,92.0,1015.1,827.7,1.1,3.6,16.3,17.6,0.0,0.0,2019-06-15 22:15:58
2019-06-15 23:00:00,23.6,67.0,18.0,93.0,1015.1,827.7,1.1,2.5,16.9,18.0,0.0,0.0,2019-06-15 22:45:58
2019-06-15 23:30:00,23.7,68.0,18.0,94.0,1015.1,827.7,0.0,2.5,17.0,18.0,0.0,0.0,2019-06-15 23:15:58
2019-06-16 00:00:00,23.6,69.0,17.8,93.0,1015.2,827.8,1.1,2.5,16.7,17.8,0.0,0.0,2019-06-15 23:45:58
2019-06-16 00:30:00,23.6,69.0,17.8,93.0,1015.2,827.8,3.6,6.1,16.7,17.8,0.0,0.0,2019-06-16 00:15:58
2019-06-16 01:00:00,23.5,69.0,17.6,94.0,1014.8,827.4,1.1,2.5,16.6,17.6,0.0,0.0,2019-06-16 00:45:58
2019-06-16 01:30:00,23.5,69.0,17.8,94.0,1014.8,827.4,3.6,5.0,16.8,17.8,0.0,0.0,2019-06-16 01:15:58
2019-06-16 02:00:00,23.5,69.0,17.3,94.0,1014.8,827.4,5.0,8.6,16.3,17.3,4.8,0.0,2019-06-16 01:45:58
2019-06-16 02:30:00,23.4,69.0,16.6,96.0,1014.1,826.7,0.0,2.5,16.0,16.6,4.2,0.0,2019-06-16 02:15:58
2019-06-16 03:00:00,23.3,69.0,16.5,98.0,1014.1,826.7,1.1,2.5,16.2,16.5,4.2,0.0,2019-06-16 02:45:58
2019-06-16 03:30:00,23.2,69.0,16.5,98.0,1013.8,826.4,0.0,0.0,16.2,16.5,0.0,0.0,2019-06-16 03:15:58
2019-06-16 04:00:00,23.1,69.0,16.6,98.0,1013.9,826.5,0.0,0.0,16.3,16.6,0.0,0.0,2019-06-16 03:45:58
2019-06-16 04:30:00,23.0,69.0,16.6,98.0,1014.0,826.6,1.1,3.6,16.3,16.6,0.0,7.5,2019-06-16 04:15:58
2019-06-16 05:00:00,23.0,69.0,16.6,98.0,1014.1,826.7,0.0,0.0,16.3,16.6,0.0,0.0,2019-06-16 04:45:58
2019-06-16 05:30:00,22.9,69.0,16.8,98.0,1014.1,826.7,0.0,2.5,16.5,16.8,0.0,7.5,2019-06-16 05:15:58
2019-06-16 06:00:00,22.9,69.0,16.7,98.0,1013.6,826.2,0.0,0.0,16.4,16.7,0.0,15.0,2019-06-16 05:45:58
2019-06-16 06:30:00,22.8,69.0,16.5,98.0,1013.6,826.2,0.0,0.0,16.2,16.5,0.0,105.0,2019-06-16 06:15:58
2019-06-16 07:00:00,22.8,69.0,16.5,98.0,1014.0,826.6,1.1,2.5,16.2,16.5,0.0,1674.0,2019-06-16 06:45:58
2019-06-16 07:30:00,22.8,69.0,16.7,98.0,1014.7,827.3,2.5,3.6,16.4,16.7,0.0,5342.0,2019-06-16 07:15:58
2019-06-16 08:00:00,22.8,69.0,17.3,97.0,1014.7,827.3,1.1,3.6,16.8,17.3,0.0,10319.6,2019-06-16 07:45:58
2019-06-16 08:30:00,22.8,70.0,18.5,97.0,1014.9,827.5,2.5,3.6,18.0,18.5,0.0,17947.7,2019-06-16 08:15:58
2019-06-16 09:00:00,23.1,70.0,22.6,75.0,1015.2,827.8,5.0,7.2,18.0,22.6,0.0,13351.1,2019-06-16 08:45:58
2019-06-16 09:30:00,23.3,70.0,19.1,88.0,1015.3,827.9,5.0,8.6,17.1,19.1,0.3,9722.0,2019-06-16 09:15:58
2019-06-16 10:00:00,23.3,70.0,19.2,87.0,1015.5,828.1,5.0,6.1,17.0,19.2,0.3,20546.8,2019-06-16 09:45:58
2019-06-16 10:30:00,23.6,70.0,20.8,77.0,1015.3,827.9,6.1,8.6,16.6,20.8,0.0,62931.4,2019-06-16 10:15:58
2019-06-16 11:00:00,23.8,68.0,22.2,70.0,1015.2,827.8,5.0,6.1,16.5,22.2,0.0,30755.2,2019-06-16 10:45:58
2019-06-16 11:30:00,24.3,66.0,23.6,66.0,1015.3,827.9,5.0,7.2,16.9,23.6,0.0,59965.7,2019-06-16 11:15:58
2019-06-16 12:00:00,24.9,65.0,21.5,71.0,1015.2,827.8,2.5,5.0,16.0,21.5,0.0,21092.0,2019-06-16 11:45:58
2019-06-16 12:30:00,25.0,63.0,22.4,68.0,1014.8,827.4,2.5,6.1,16.2,22.4,0.0,30383.9,2019-06-16 12:15:58
2019-06-16 13:00:00,25.0,62.0,23.5,65.0,1014.6,827.2,2.5,5.0,16.6,23.5,0.0,32381.4,2019-06-16 12:45:58
2019-06-16 13:30:00,25.2,62.0,24.5,63.0,1014.3,826.9,3.6,7.2,17.0,24.5,0.0,67537.4,2019-06-16 13:15:58
2019-06-16 14:00:00,25.7,61.0,26.0,55.0,1014.1,826.7,8.6,13.3,16.3,25.4,0.0,37222.4,2019-06-16 13:45:58
2019-06-16 14:30:00,26.4,59.0,25.1,61.0,1013.8,826.4,6.1,7.2,17.1,25.1,0.0,25021.2,2019-06-16 14:15:58
2019-06-16 15:00:00,26.4,59.0,24.0,64.0,1013.3,825.9,3.6,5.0,16.8,24.0,0.0,24100.0,2019-06-16 14:45:58
2019-06-16 15:30:00,26.4,59.0,25.2,59.0,1013.2,825.8,2.5,3.6,16.6,25.2,0.0,21881.6,2019-06-16 15:15:58
2019-06-16 16:00:00,26.6,59.0,25.8,61.0,1012.9,825.5,6.1,9.7,17.7,25.8,0.0,32889.0,2019-06-16 15:45:58
2019-06-16 16:30:00,,,,,,,,,,,,,
2019-06-16 17:00:00,,,,,,,,,,,,,
2019-06-16 17:30:00,26.1,62.0,20.9,89.0,1012.7,825.3,1.1,2.5,19.0,20.9,2.4,9218.0,2019-06-16 17:15:58
2019-06-16 18:00:00,25.7,66.0,21.3,86.0,1012.7,825.3,1.1,2.5,18.9,21.3,2.7,4634.0,2019-06-16 17:45:58
2019-06-16 18:30:00,25.4,68.0,20.0,89.0,1013.2,825.8,5.0,6.1,18.2,20.0,0.0,1356.7,2019-06-16 18:15:58
2019-06-16 19:00:00,25.1,68.0,18.7,92.0,1013.4,826.0,3.6,6.1,17.4,18.7,0.0,0.0,2019-06-16 18:45:58
2019-06-16 19:30:00,24.7,68.0,18.1,93.0,1013.5,826.1,2.5,5.0,17.0,18.1,0.0,0.0,2019-06-16 19:15:58
2019-06-16 20:00:00,24.5,67.0,18.1,93.0,1013.5,826.1,2.5,3.6,17.0,18.1,0.0,0.0,2019-06-16 19:45:58
2019-06-16 20:30:00,24.2,67.0,18.0,94.0,1013.9,826.5,0.0,1.1,17.0,18.0,0.0,0.0,2019-06-16 20:15:58
2019-06-16 21:00:00,24.1,67.0,17.9,92.0,1013.9,826.5,2.5,3.6,16.6,17.9,0.0,0.0,2019-06-16 20:45:58
2019-06-16 21:30:00,24.0,67.0,17.7,91.0,1013.8,826.4,0.0,1.1,16.2,17.7,0.0,0.0,2019-06-16 21:15:58
2019-06-16 22:00:00,23.8,67.0,17.5,92.0,1013.9,826.5,3.6,6.1,16.2,17.5,0.0,0.0,2019-06-16 21:45:58
2019-06-16 22:30:00,23.6,67.0,17.4,90.0,1014.0,826.6,3.6,5.0,15.8,17.4,0.0,0.0,2019-06-16 22:15:58
2019-06-16 23:00:00,23.4,67.0,17.1,92.0,1013.7,826.3,1.1,2.5,15.8,17.1,0.0,0.0,2019-06-16 22:45:58
2019-06-16 23:30:00,23.3,66.0,17.0,91.0,1014.0,826.6,3.6,5.0,15.5,17.0,0.0,0.0,2019-06-16 23:15:58
2019-06-17 00:00:00,23.2,66.0,16.8,92.0,1013.7,826.3,0.0,1.1,15.5,16.8,0.0,0.0,2019-06-16 23:45:58
2019-06-17 00:30:00,23.0,66.0,16.7,93.0,1013.4,826.0,3.6,5.0,15.6,16.7,0.0,0.0,2019-06-17 00:15:58
2019-06-17 01:00:00,22.9,66.0,16.6,93.0,1013.2,825.8,1.1,3.6,15.5,16.6,0.0,0.0,2019-06-17 00:45:58
2019-06-17 01:30:00,22.8,66.0,16.5,92.0,1012.9,825.5,2.5,5.0,15.2,16.5,0.0,0.0,2019-06-17 01:15:58
2019-06-17 02:00:00,22.8,65.0,16.3,91.0,1012.7,825.3,1.1,2.5,14.8,16.3,0.0,0.0,2019-06-17 01:45:58
2019-06-17 02:30:00,22.6,65.0,16.2,92.0,1012.3,824.9,1.1,3.6,14.9,16.2,0.0,0.0,2019-06-17 02:15:58
2019-06-17 03:00:00,22.5,65.0,16.2,90.0,1012.3,824.9,1.1,2.5,14.6,16.2,0.0,0.0,2019-06-17 02:45:58
2019-06-17 03:30:00,22.5,64.0,15.9,90.0,1012.1,824.7,3.6,6.1,14.3,15.9,0.0,0.0,2019-06-17 03:15:58
2019-06-17 04:00:00,22.5,64.0,16.4,85.0,1012.4,825.0,1.1,2.5,13.9,16.4,0.0,0.0,2019-06-17 03:45:58
2019-06-17 04:30:00,22.5,63.0,16.7,83.0,1012.1,824.7,2.5,3.6,13.8,16.7,0.0,0.0,2019-06-17 04:15:58
2019-06-17 05:00:00,22.4,62.0,16.1,85.0,1012.6,825.2,3.6,5.0,13.6,16.1,0.0,0.0,2019-06-17 04:45:58
2019-06-17 05:30:00,22.3,62.0,16.5,82.0,1012.7,825.3,2.5,3.6,13.4,16.5,0.0,0.0,2019-06-17 05:15:58
2019-06-17 06:00:00,22.2,62.0,15.9,86.0,1012.5,825.1,6.1,7.2,13.6,15.9,0.0,0.0,2019-06-17 05:45:58
2019-06-17 06:30:00,22.2,62.0,16.0,86.0,1012.4,825.0,2.5,3.6,13.7,16.0,0.0,157.5,2019-06-17 06:15:58
2019-06-17 07:00:00,22.1,62.0,16.1,87.0,1012.8,825.4,2.5,3.6,14.0,16.1,0.0,2270.0,2019-06-17 06:45:58
2019-06-17 07:30:00,22.1,62.0,17.0,83.0,1013.3,825.9,1.1,3.6,14.1,17.0,0.0,3404.0,2019-06-17 07:15:58
2019-06-17 08:00:00,22.1,63.0,17.9,81.0,1013.5,826.1,1.1,2.5,14.6,17.9,0.0,5486.0,2019-06-17 07:45:58
2019-06-17 08:30:00,22.3,63.0,23.4,62.0,1013.5,826.1,1.1,3.6,15.7,23.4,0.0,27046.9,2019-06-17 08:15:58
2019-06-17 09:00:00,22.6,63.0,25.1,53.0,1013.8,826.4,1.1,3.6,14.9,25.1,0.0,36724.2,2019-06-17 08:45:58
2019-06-17 09:30:00,23.1,63.0,26.4,48.0,1014.0,826.6,0.0,1.1,14.5,26.4,0.0,45997.3,2019-06-17 09:15:58
2019-06-17 10:00:00,23.7,62.0,26.9,45.0,1014.2,826.8,1.1,2.5,14.0,26.9,0.0,53606.6,2019-06-17 09:45:58
2019-06-17 10:30:00,24.4,60.0,25.3,53.0,1014.3,826.9,5.0,7.2,15.1,25.3,0.0,62466.1,2019-06-17 10:15:58
2019-06-17 11:00:00,25.0,58.0,25.7,52.0,1014.3,826.9,6.1,8.6,15.1,25.7,0.0,68848.7,2019-06-17 10:45:58
2019-06-17 11:30:00,25.5,56.0,25.6,47.0,1014.3,826.9,9.7,12.2,13.5,24.8,0.0,29763.5,2019-06-17 11:15:58
2019-06-17 12:00:00,26.0,52.0,26.0,49.0,1014.2,826.8,7.2,11.2,14.5,25.7,0.0,36348.2,2019-06-17 11:45:58
2019-06-17 12:30:00,26.2,52.0,25.3,51.0,1014.5,827.1,6.1,7.2,14.5,25.3,0.0,25669.8,2019-06-17 12:15:58
2019-06-17 13:00:00,26.3,53.0,27.7,44.0,1013.8,826.4,2.5,5.0,14.4,27.7,0.0,44291.2,2019-06-17 12:45:58
2019-06-17 13:30:00,26.9,52.0,26.6,51.0,1013.8,826.4,5.0,7.2,15.7,26.6,0.0,45931.5,2019-06-17 13:15:58
2019-06-17 14:00:00,27.0,51.0,26.4,49.0,1013.5,826.1,1.1,3.6,14.9,26.4,0.0,28419.3,2019-06-17 13:45:58
2019-06-17 14:30:00,27.1,50.0,25.9,48.0,1013.2,825.8,2.5,6.1,14.1,25.9,0.0,84217.7,2019-06-17 14:15:58
2019-06-17 15:00:00,27.1,49.0,27.7,42.0,1013.0,825.6,5.0,8.6,13.7,27.7,0.0,37302.3,2019-06-17 14:45:58
2019-06-17 15:30:00,27.4,48.0,28.4,43.0,1012.6,825.2,2.5,3.6,14.7,28.4,0.0,59773.0,2019-06-17 15:15:58
2019-06-17 16:00:00,27.5,49.0,27.7,49.0,1012.5,825.1,5.0,9.7,16.0,27.7,0.0,44042.1,2019-06-17 15:45:58
2019-06-17 16:30:00,27.9,50.0,26.2,54.0,1012.4,825.0,7.2,9.7,16.2,25.9,0.0,9050.0,2019-06-17 16:15:58
2019-06-17 17:00:00,27.5,51.0,26.2,57.0,1012.5,825.1,5.0,8.6,17.0,26.2,0.0,24955.4,2019-06-17 16:45:58
2019-06-17 17:30:00,27.5,52.0,27.2,50.0,1012.6,825.2,3.6,6.1,15.9,27.2,0.0,8660.0,2019-06-17 17:15:58
2019-06-17 18:00:00,,,,,,,,,,,,,
2019-06-17 18:30:00,27.0,55.0,22.6,70.0,1013.0,825.6,0.0,1.1,16.9,22.6,0.0,1866.0,2019-06-17 18:15:58
2019-06-17 19:00:00,26.7,57.0,21.2,75.0,1013.1,825.7,3.6,5.0,16.6,21.2,0.0,0.0,2019-06-17 18:45:58
2019-06-17 19:30:00,26.0,58.0,20.1,76.0,1013.0,825.6,2.5,5.0,15.8,20.1,0.0,0.0,2019-06-17 19:15:58
2019-06-17 20:00:00,25.8,59.0,19.8,78.0,1013.1,825.7,1.1,3.6,15.9,19.8,0.0,0.0,2019-06-17 19:45:58
2019-06-17 20:30:00,25.5,59.0,19.4,80.0,1013.4,826.0,1.1,2.5,15.9,19.4,0.0,0.0,2019-06-17 20:15:58
2019-06-17 21:00:00,25.3,59.0,19.3,81.0,1013.6,826.2,1.1,2.5,16.0,19.3,0.0,0.0,2019-06-17 20:45:58
2019-06-17 21:30:00,25.0,59.0,19.1,81.0,1013.6,826.2,3.6,5.0,15.8,19.1,0.0,0.0,2019-06-17 21:15:58
2019-06-17 22:00:00,24.9,60.0,19.3,81.0,1013.7,826.3,2.5,3.6,16.0,19.3,0.0,0.0,2019-06-17 21:45:58
2019-06-17 22:30:00,24.8,61.0,19.1,82.0,1013.9,826.5,1.1,3.6,16.0,19.1,0.0,0.0,2019-06-17 22:15:58
2019-06-17 23:00:00,24.6,61.0,19.0,83.0,1014.0,826.6,3.6,5.0,16.1,19.0,0.0,0.0,2019-06-17 22:45:58
2019-06-17 23:30:00,24.6,61.0,18.9,83.0,1013.7,826.3,2.5,5.0,16.0,18.9,0.0,0.0,2019-06-17 23:15:58
2019-06-18 00:00:00,24.6,61.0,18.9,84.0,1013.7,826.3,1.1,3.6,16.2,18.9,0.0,0.0,2019-06-17 23:45:58
2019-06-18 00:30:00,24.4,61.0,18.9,85.0,1013.7,826.3,2.5,3.6,16.3,18.9,0.0,0.0,2019-06-18 00:15:58
2019-06-18 01:00:00,24.4,62.0,19.1,84.0,1013.6,826.2,2.5,5.0,16.4,19.1,0.0,0.0,2019-06-18 00:45:58
2019-06-18 01:30:00,24.3,62.0,19.2,85.0,1013.2,825.8,3.6,6.1,16.6,19.2,0.0,0.0,2019-06-18 01:15:58
2019-06-18 02:00:00,24.3,62.0,19.0,85.0,1013.0,825.6,2.5,5.0,16.4,19.0,0.0,0.0,2019-06-18 01:45:58
2019-06-18 02:30:00,24.2,62.0,19.0,85.0,1012.5,825.1,2.5,3.6,16.4,19.0,0.0,0.0,2019-06-18 02:15:58
2019-06-18 03:00:00,24.2,63.0,19.2,83.0,1012.8,825.4,1.1,2.5,16.3,19.2,0.0,0.0,2019-06-18 02:45:58
2019-06-18 03:30:00,24.1,63.0,18.3,87.0,1013.0,825.6,0.0,1.1,16.1,18.3,0.0,0.0,2019-06-18 03:15:58
2019-06-18 04:00:00,24.0,63.0,18.1,88.0,1012.6,825.2,1.1,2.5,16.1,18.1,0.0,0.0,2019-06-18 03:45:58
2019-06-18 04:30:00,23.9,64.0,18.2,86.0,1012.9,825.5,3.6,5.0,15.8,18.2,0.0,0.0,2019-06-18 04:15:58
2019-06-18 05:00:00,23.8,64.0,18.1,86.0,1012.7,825.3,3.6,6.1,15.7,18.1,0.0,0.0,2019-06-18 04:45:58
2019-06-18 05:30:00,23.6,64.0,17.8,87.0,1012.5,825.1,1.1,3.6,15.6,17.8,0.0,0.0,2019-06-18 05:15:58
2019-06-18 06:00:00,23.5,64.0,17.7,88.0,1012.9,825.5,0.0,1.1,15.7,17.7,0.0,0.0,2019-06-18 05:45:58
2019-06-18 06:30:00,23.4,64.0,17.2,89.0,1012.6,825.2,1.1,1.1,15.4,17.2,0.0,30.0,2019-06-18 06:15:58
2019-06-18 07:00:00,23.3,64.0,17.2,89.0,1013.5,826.1,2.5,3.6,15.4,17.2,0.0,2660.0,2019-06-18 06:45:58
2019-06-18 07:30:00,23.3,64.0,18.2,87.0,1013.7,826.3,1.1,2.5,16.0,18.2,0.0,6506.0,2019-06-18 07:15:58
2019-06-18 08:00:00,23.4,65.0,23.0,70.0,1014.0,826.6,1.1,2.5,17.3,23.0,0.0,19033.4,2019-06-18 07:45:58
2019-06-18 08:30:00,23.8,65.0,21.8,73.0,1014.2,826.8,0.0,2.5,16.8,21.8,0.0,14234.7,2019-06-18 08:15:58
2019-06-18 09:00:00,24.0,65.0,25.3,60.0,1014.1,826.7,1.1,2.5,17.0,25.3,0.0,12594.4,2019-06-18 08:45:58
2019-06-18 09:30:00,24.9,64.0,24.9,57.0,1014.2,826.8,6.1,8.6,15.8,24.9,0.0,52154.3,2019-06-18 09:15:58
2019-06-18 10:00:00,25.6,61.0,23.6,64.0,1014.5,827.1,6.1,8.6,16.4,23.6,0.0,23442.0,2019-06-18 09:45:58
2019-06-18 10:30:00,26.0,59.0,26.8,52.0,1014.6,827.2,2.5,7.2,16.2,26.8,0.0,35422.3,2019-06-18 10:15:58
2019-06-18 11:00:00,26.3,57.0,23.9,63.0,1014.9,827.5,3.6,6.1,16.5,23.9,0.0,24748.6,2019-06-18 10:45:58
2019-06-18 11:30:00,26.3,57.0,24.5,62.0,1014.7,827.3,5.0,8.6,16.8,24.5,0.0,24682.8,2019-06-18 11:15:58
2019-06-18 12:00:00,26.7,58.0,25.6,60.0,1014.5,827.1,2.5,3.6,17.3,25.6,0.0,28095.0,2019-06-18 11:45:58
2019-06-18 12:30:00,27.1,55.0,27.0,52.0,1014.3,826.9,8.6,13.3,16.3,26.5,0.0,76223.0,2019-06-18 12:15:58
2019-06-18 13:00:00,28.0,52.0,27.5,48.0,1014.1,826.7,3.6,5.0,15.5,27.5,0.0,53315.2,2019-06-18 12:45:58
2019-06-18 13:30:00,28.8,49.0,27.0,46.0,1014.2,826.8,9.7,12.2,14.4,26.3,0.0,101776.6,2019-06-18 13:15:58
2019-06-18 14:00:00,28.9,47.0,28.3,45.0,1013.7,826.3,5.0,9.7,15.3,28.3,0.0,27719.0,2019-06-18 13:45:58
2019-06-18 14:30:00,29.0,46.0,26.1,54.0,1013.7,826.3,6.1,8.6,16.1,26.1,0.0,49531.7,2019-06-18 14:15:58
2019-06-18 15:00:00,29.0,47.0,26.2,52.0,1013.3,825.9,3.6,6.1,15.6,26.2,0.0,26534.6,2019-06-18 14:45:58
2019-06-18 15:30:00,29.1,50.0,26.1,55.0,1013.1,825.7,7.2,9.7,16.4,25.8,0.0,19935.8,2019-06-18 15:15:58
2019-06-18 16:00:00,28.8,48.0,25.6,55.0,1013.0,825.6,9.7,15.8,15.9,24.8,0.0,30402.7,2019-06-18 15:45:58
2019-06-18 16:30:00,28.8,48.0,25.1,60.0,1012.9,825.5,9.7,13.3,16.8,24.2,0.0,17886.6,2019-06-18 16:15:58
2019-06-18 17:00:00,28.7,51.0,24.5,63.0,1012.9,825.5,1.1,2.5,17.0,24.5,0.0,10968.2,2019-06-18 16:45:58
2019-06-18 17:30:00,28.6,52.0,23.7,67.0,1012.7,825.3,1.1,2.5,17.2,23.7,0.0,6488.0,2019-06-18 17:15:58
2019-06-18 18:00:00,28.4,53.0,22.4,69.0,1012.9,825.5,1.1,2.5,16.5,22.4,0.0,2936.0,2019-06-18 17:45:58
2019-06-18 18:30:00,27.9,53.0,21.8,74.0,1013.0,825.6,1.1,2.5,17.0,21.8,0.0,951.7,2019-06-18 18:15:58
2019-06-18 19:00:00,27.5,52.0,20.9,75.0,1013.0,825.6,0.0,1.1,16.3,20.9,0.0,0.0,2019-06-18 18:45:58
2019-06-18 19:30:00,27.2,52.0,20.3,78.0,1013.3,825.9,2.5,3.6,16.4,20.3,0.0,0.0,2019-06-18 19:15:58
2019-06-18 20:00:00,26.7,54.0,20.2,78.0,1013.4,826.0,1.1,3.6,16.3,20.2,0.0,0.0,2019-06-18 19:45:58
2019-06-18 20:30:00,26.4,54.0,20.2,78.0,1013.9,826.5,2.5,3.6,16.3,20.2,0.0,0.0,2019-06-18 20:15:58
2019-06-18 21:00:00,26.2,55.0,19.6,81.0,1013.8,826.4,2.5,3.6,16.3,19.6,0.0,0.0,2019-06-18 20:45:58
2019-06-18 21:30:00,26.0,55.0,19.7,81.0,1014.0,826.6,0.0,1.1,16.4,19.7,0.0,0.0,2019-06-18 21:15:58
2019-06-18 22:00:00,25.9,57.0,19.3,82.0,1014.1,826.7,2.5,3.6,16.2,19.3,0.0,0.0,2019-06-18 21:45:58
2019-06-18 22:30:00,25.7,57.0,19.2,82.0,1014.1,826.7,2.5,3.6,16.1,19.2,0.0,0.0,2019-06-18 22:15:58
2019-06-18 23:00:00,25.6,57.0,19.4,81.0,1014.0,826.6,2.5,5.0,16.1,19.4,0.0,0.0,2019-06-18 22:45:58
2019-06-18 23:30:00,25.4,57.0,19.2,81.0,1014.1,826.7,1.1,2.5,15.9,19.2,0.0,0.0,2019-06-18 23:15:58
2019-06-19 00:00:00,25.3,57.0,19.0,81.0,1013.9,826.5,1.1,2.5,15.7,19.0,0.0,0.0,2019-06-18 23:45:58
2019-06-19 00:30:00,25.1,58.0,18.6,84.0,1013.5,826.1,1.1,2.5,15.9,18.6,0.0,0.0,2019-06-19 00:15:58
2019-06-19 01:00:00,25.1,58.0,18.6,84.0,1013.6,826.2,2.5,3.6,15.9,18.6,0.0,0.0,2019-06-19 00:45:58
2019-06-19 01:30:00,25.0,58.0,18.3,85.0,1013.4,826.0,3.6,5.0,15.8,18.3,0.0,0.0,2019-06-19 01:15:58
2019-06-19 02:00:00,24.9,60.0,18.3,87.0,1012.5,825.1,2.5,5.0,16.1,18.3,0.0,0.0,2019-06-19 01:45:58
2019-06-19 02:30:00,24.8,61.0,18.3,85.0,1012.8,825.4,1.1,2.5,15.8,18.3,0.0,0.0,2019-06-19 02:15:58
2019-06-19 03:00:00,24.8,61.0,18.3,87.0,1012.4,825.0,1.1,2.5,16.1,18.3,0.0,0.0,2019-06-19 02:45:58
2019-06-19 03:30:00,24.7,61.0,18.2,89.0,1012.5,825.1,1.1,2.5,16.4,18.2,0.0,0.0,2019-06-19 03:15:58
2019-06-19 04:00:00,24.7,61.0,18.2,89.0,1012.9,825.5,1.1,3.6,16.4,18.2,0.0,0.0,2019-06-19 03:45:58
2019-06-19 04:30:00,24.6,62.0,18.3,88.0,1013.1,825.7,2.5,5.0,16.3,18.3,0.0,0.0,2019-06-19 04:15:58
2019-06-19 05:00:00,24.6,62.0,18.2,88.0,1013.4,826.0,0.0,1.1,16.2,18.2,0.0,0.0,2019-06-19 04:45:58
2019-06-19 05:30:00,24.5,62.0,17.8,88.0,1013.1,825.7,1.1,2.5,15.8,17.8,0.0,0.0,2019-06-19 05:15:58
2019-06-19 06:00:00,24.2,62.0,17.6,89.0,1013.2,825.8,1.1,3.6,15.8,17.6,0.0,0.0,2019-06-19 05:45:58
2019-06-19 06:30:00,24.3,62.0,17.5,89.0,1013.5,826.1,0.0,1.1,15.7,17.5,0.0,0.0,2019-06-19 06:15:58
2019-06-19 07:00:00,24.2,62.0,17.7,89.0,1013.5,826.1,1.1,2.5,15.9,17.7,0.0,1289.2,2019-06-19 06:45:58
2019-06-19 07:30:00,24.2,62.0,17.9,89.0,1014.0,826.6,1.1,2.5,16.1,17.9,0.0,3152.0,2019-06-19 07:15:58
2019-06-19 08:00:00,24.2,63.0,18.6,89.0,1014.2,826.8,0.0,1.1,16.8,18.6,0.0,3692.0,2019-06-19 07:45:58
2019-06-19 08:30:00,24.5,64.0,19.6,84.0,1014.3,826.9,3.6,6.1,16.8,19.6,0.0,11616.8,2019-06-19 08:15:58
2019-06-19 09:00:00,24.8,64.0,20.7,80.0,1014.9,827.5,1.1,2.5,17.2,20.7,0.0,14018.5,2019-06-19 08:45:58
2019-06-19 09:30:00,25.3,62.0,22.7,71.0,1015.0,827.6,2.5,3.6,17.2,22.7,0.0,23724.0,2019-06-19 09:15:58
2019-06-19 10:00:00,25.8,61.0,22.7,70.0,1015.3,827.9,5.0,6.1,17.0,22.7,0.0,35690.2,2019-06-19 09:45:58
2019-06-19 10:30:00,26.4,60.0,23.7,67.0,1015.1,827.7,6.1,7.2,17.2,23.7,0.0,35995.7,2019-06-19 10:15:58
2019-06-19 11:00:00,27.0,58.0,26.4,58.0,1015.1,827.7,8.6,11.2,17.5,25.8,0.0,81524.6,2019-06-19 10:45:58
2019-06-19 11:30:00,27.5,56.0,24.9,63.0,1015.0,827.6,13.3,15.8,17.4,23.4,0.0,40362.0,2019-06-19 11:15:58
2019-06-19 12:00:00,27.9,54.0,24.6,63.0,1014.5,827.1,5.0,7.2,17.1,24.6,0.0,50514.0,2019-06-19 11:45:58
2019-06-19 12:30:00,27.9,55.0,25.7,61.0,1014.3,826.9,5.0,8.6,17.6,25.7,0.0,91949.2,2019-06-19 12:15:58
2019-06-19 13:00:00,28.2,54.0,27.2,58.0,1014.1,826.7,6.1,8.6,18.3,27.2,0.0,65413.0,2019-06-19 12:45:58
2019-06-19 13:30:00,28.8,52.0,25.1,64.0,1013.8,826.4,9.7,12.2,17.8,24.2,0.0,47078.3,2019-06-19 13:15:58
2019-06-19 14:00:00,28.8,53.0,25.3,62.0,1013.6,826.2,5.0,8.6,17.5,25.3,0.0,21472.7,2019-06-19 13:45:58
2019-06-19 14:30:00,28.8,53.0,24.7,67.0,1013.2,825.8,11.2,13.3,18.2,23.5,0.0,26384.2,2019-06-19 14:15:58
2019-06-19 15:00:00,28.6,55.0,25.5,65.0,1013.0,825.6,8.6,11.2,18.5,24.8,0.0,31347.4,2019-06-19 14:45:58
2019-06-19 15:30:00,28.5,55.0,24.4,70.0,1012.7,825.3,5.0,7.2,18.6,24.4,0.0,20499.8,2019-06-19 15:15:58
2019-06-19 16:00:00,28.0,55.0,23.3,73.0,1012.7,825.3,3.6,7.2,18.2,23.3,0.0,10267.9,2019-06-19 15:45:58
2019-06-19 16:30:00,27.5,58.0,22.3,77.0,1012.6,825.2,5.0,8.6,18.1,22.3,0.0,6860.0,2019-06-19 16:15:58
2019-06-19 17:00:00,27.5,57.0,21.9,77.0,1012.7,825.3,5.0,6.1,17.7,21.9,0.0,7424.0,2019-06-19 16:45:58
2019-06-19 17:30:00,27.5,57.0,22.1,76.0,1012.8,825.4,0.0,1.1,17.7,22.1,0.0,5126.0,2019-06-19 17:15:58
2019-06-19 18:00:00,27.3,58.0,21.5,74.0,1012.6,825.2,2.5,3.6,16.7,21.5,0.0,2636.0,2019-06-19 17:45:58
2019-06-19 18:30:00,27.1,58.0,21.2,77.0,1012.8,825.4,1.1,2.5,17.0,21.2,0.0,1539.0,2019-06-19 18:15:58
2019-06-19 19:00:00,26.8,58.0,20.5,79.0,1013.0,825.6,2.5,5.0,16.8,20.5,0.0,0.0,2019-06-19 18:45:58
2019-06-19 19:30:00,26.6,58.0,20.0,83.0,1013.0,825.6,1.1,2.5,17.0,20.0,0.0,0.0,2019-06-19 19:15:58
2019-06-19 20:00:00,26.3,59.0,19.5,87.0,1013.2,825.8,1.1,2.5,17.3,19.5,0.0,0.0,2019-06-19 19:45:58
2019-06-19 20:30:00,26.0,60.0,19.2,89.0,1013.7,826.3,2.5,2.5,17.4,19.2,0.0,0.0,2019-06-19 20:15:58
2019-06-19 21:00:00,25.9,62.0,19.0,90.0,1013.7,826.3,1.1,2.5,17.3,19.0,0.0,0.0,2019-06-19 20:45:58
2019-06-19 21:30:00,25.7,62.0,18.7,92.0,1013.9,826.5,0.0,2.5,17.4,18.7,0.0,0.0,2019-06-19 21:15:58
2019-06-19 22:00:00,25.4,62.0,18.4,93.0,1014.1,826.7,1.1,2.5,17.3,18.4,0.0,0.0,2019-06-19 21:45:58
2019-06-19 22:30:00,25.4,63.0,18.4,93.0,1014.4,827.0,0.0,0.0,17.3,18.4,0.0,0.0,2019-06-19 22:15:58
2019-06-19 23:00:00,25.2,63.0,18.4,93.0,1014.4,827.0,1.1,2.5,17.3,18.4,0.0,0.0,2019-06-19 22:45:58
2019-06-19 23:30:00,25.1,63.0,18.3,94.0,1014.3,826.9,0.0,1.1,17.3,18.3,0.0,0.0,2019-06-19 23:15:58
2019-06-20 00:00:00,25.0,63.0,18.1,94.0,1014.5,827.1,2.5,5.0,17.1,18.1,0.0,0.0,2019-06-19 23:45:58
2019-06-20 00:30:00,24.9,64.0,17.8,93.0,1014.2,826.8,0.0,1.1,16.7,17.8,0.0,0.0,2019-06-20 00:15:58
2019-06-20 01:00:00,24.8,64.0,17.9,94.0,1014.0,826.6,0.0,1.1,16.9,17.9,0.0,0.0,2019-06-20 00:45:58
2019-06-20 01:30:00,24.7,64.0,18.0,94.0,1014.1,826.7,0.0,1.1,17.0,18.0,0.0,0.0,2019-06-20 01:15:58
2019-06-20 02:00:00,24.7,64.0,18.1,93.0,1014.2,826.8,1.1,2.5,17.0,18.1,0.0,0.0,2019-06-20 01:45:58
2019-06-20 02:30:00,24.7,64.0,18.1,93.0,1013.7,826.3,3.6,5.0,17.0,18.1,0.0,0.0,2019-06-20 02:15:58
2019-06-20 03:00:00,24.6,64.0,17.9,92.0,1013.8,826.4,1.1,2.5,16.6,17.9,0.0,0.0,2019-06-20 02:45:58
2019-06-20 03:30:00,24.5,64.0,17.9,91.0,1013.8,826.4,1.1,2.5,16.4,17.9,0.0,0.0,2019-06-20 03:15:58
2019-06-20 04:00:00,24.5,64.0,18.0,93.0,1013.4,826.0,0.0,1.1,16.9,18.0,0.0,0.0,2019-06-20 03:45:58
2019-06-20 04:30:00,24.4,64.0,17.8,92.0,1013.3,825.9,0.0,1.1,16.5,17.8,0.0,0.0,2019-06-20 04:15:58
2019-06-20 05:00:00,24.3,64.0,17.8,93.0,1013.4,826.0,1.1,2.5,16.7,17.8,0.0,0.0,2019-06-20 04:45:58
2019-06-20 05:30:00,24.3,64.0,17.7,93.0,1013.1,825.7,2.5,3.6,16.6,17.7,0.0,0.0,2019-06-20 05:15:58
2019-06-20 06:00:00,24.3,64.0,17.8,93.0,1013.3,825.9,0.0,1.1,16.7,17.8,0.0,0.0,2019-06-20 05:45:58
2019-06-20 06:30:00,24.1,64.0,17.4,93.0,1013.7,826.3,1.1,2.5,16.3,17.4,0.0,0.0,2019-06-20 06:15:58
2019-06-20 07:00:00,24.1,64.0,17.5,94.0,1013.7,826.3,0.0,0.0,16.5,17.5,0.0,1638.0,2019-06-20 06:45:58
2019-06-20 07:30:00,24.1,64.0,18.2,93.0,1014.1,826.7,0.0,1.1,17.1,18.2,0.0,5000.0,2019-06-20 07:15:58
2019-06-20 08:00:00,24.1,65.0,18.6,91.0,1014.4,827.0,1.1,3.6,17.1,18.6,0.0,8006.0,2019-06-20 07:45:58
2019-06-20 08:30:00,24.2,65.0,19.4,87.0,1014.5,827.1,1.1,2.5,17.2,19.4,0.0,16185.2,2019-06-20 08:15:58
